DATETIME,TANGARA_DD66,TANGARA_25CE,TANGARA_4B1A,TANGARA_1282,TANGARA_14D6,TANGARA_1A1E,TANGARA_1EE6,TANGARA_2492,TANGARA_2822,TANGARA_2B42,TANGARA_2E9A,TANGARA_2FF6,TANGARA_307A,TANGARA_F212,TANGARA_1712,TANGARA_48C6,TANGARA_F1AE,TANGARA_06BE
2023-05-13T00:00:00-05:00,11.0,,8.0,,,,2.0,,8.0,19.0,,13.0,5.0,8.0,5.0,,8.0,
2023-05-13T00:00:30-05:00,11.0,16.0,8.0,11.0,11.0,8.0,2.0,18.0,8.0,17.0,2.0,14.0,5.0,7.0,5.0,0.0,7.0,
2023-05-13T00:01:00-05:00,11.0,16.0,9.0,11.0,12.0,5.0,2.0,17.0,8.0,17.0,2.0,15.0,5.0,8.0,5.0,0.0,8.0,14.0
2023-05-13T00:01:30-05:00,11.0,16.0,8.0,11.0,12.0,5.0,2.0,18.0,8.0,17.0,2.0,14.0,5.0,7.0,4.0,7.0,9.0,13.0
2023-05-13T00:02:00-05:00,11.0,,8.0,10.0,11.0,6.0,2.0,19.0,8.0,18.0,2.0,14.0,5.0,8.0,4.0,7.0,8.0,13.0
2023-05-13T00:02:30-05:00,11.0,15.0,8.0,10.0,12.0,6.0,2.0,18.0,8.0,17.0,2.0,14.0,5.0,8.0,4.0,6.0,8.0,15.0
2023-05-13T00:03:00-05:00,11.0,,8.0,10.0,12.0,6.0,2.0,17.0,8.0,16.0,2.0,13.0,5.0,8.0,4.0,6.0,8.0,14.0
2023-05-13T00:03:30-05:00,11.0,16.0,7.0,10.0,11.0,5.0,2.0,17.0,8.0,17.0,2.0,14.0,5.0,8.0,5.0,6.0,8.0,14.0
2023-05-13T00:04:00-05:00,11.0,,8.0,10.0,11.0,5.0,2.0,17.0,8.0,15.0,2.0,14.0,6.0,8.0,5.0,5.0,7.0,15.0
2023-05-13T00:04:30-05:00,11.0,,8.0,10.0,11.0,5.0,2.0,18.0,8.0,15.0,2.0,15.0,6.0,8.0,4.0,8.0,7.0,16.0
2023-05-13T00:05:00-05:00,11.0,16.0,9.0,11.0,10.0,5.0,,18.0,8.0,15.0,2.0,15.0,5.0,7.0,4.0,6.0,7.0,17.0
2023-05-13T00:05:30-05:00,11.0,,9.0,10.0,12.0,5.0,2.0,18.0,8.0,15.0,2.0,15.0,6.0,7.0,4.0,7.0,7.0,16.0
2023-05-13T00:06:00-05:00,11.0,,8.0,12.0,11.0,5.0,2.0,18.0,8.0,16.0,2.0,15.0,6.0,7.0,5.0,7.0,8.0,17.0
2023-05-13T00:06:30-05:00,11.0,16.0,8.0,10.0,11.0,5.0,2.0,18.0,8.0,16.0,2.0,15.0,6.0,8.0,5.0,7.0,8.0,16.0
2023-05-13T00:07:00-05:00,11.0,16.0,8.0,10.0,11.0,5.0,2.0,17.0,8.0,17.0,2.0,16.0,6.0,8.0,5.0,5.0,7.0,17.0
2023-05-13T00:07:30-05:00,11.0,,8.0,12.0,13.0,5.0,2.0,19.0,8.0,18.0,2.0,16.0,5.0,8.0,4.0,8.0,7.0,16.0
2023-05-13T00:08:00-05:00,11.0,16.0,8.0,11.0,13.0,5.0,2.0,,8.0,16.0,2.0,15.0,6.0,8.0,4.0,5.0,7.0,16.0
2023-05-13T00:08:30-05:00,11.0,16.0,8.0,11.0,12.0,5.0,2.0,,8.0,17.0,2.0,16.0,5.0,8.0,5.0,5.0,7.0,17.0
2023-05-13T00:09:30-05:00,11.0,15.0,8.0,10.0,11.0,5.0,2.0,,8.0,17.0,2.0,16.0,6.0,7.0,5.0,7.0,8.0,18.0
2023-05-13T00:10:00-05:00,11.0,15.0,8.0,10.0,11.0,6.0,2.0,,8.0,17.0,2.0,16.0,5.0,7.0,4.0,5.0,8.0,17.0
2023-05-13T00:10:30-05:00,11.0,15.0,7.0,11.0,12.0,5.0,3.0,,8.0,17.0,2.0,15.0,5.0,8.0,5.0,6.0,7.0,17.0
2023-05-13T00:11:00-05:00,11.0,15.0,7.0,11.0,12.0,5.0,3.0,,8.0,15.0,2.0,15.0,5.0,7.0,4.0,5.0,7.0,17.0
2023-05-13T00:11:30-05:00,11.0,15.0,7.0,11.0,12.0,5.0,2.0,,8.0,17.0,2.0,15.0,5.0,7.0,4.0,4.0,7.0,16.0
2023-05-13T00:12:00-05:00,11.0,15.0,8.0,11.0,12.0,5.0,3.0,,8.0,18.0,2.0,15.0,5.0,7.0,5.0,7.0,8.0,16.0
2023-05-13T00:12:30-05:00,11.0,16.0,7.0,10.0,10.0,5.0,3.0,,8.0,18.0,2.0,15.0,5.0,8.0,4.0,8.0,7.0,17.0
2023-05-13T00:13:00-05:00,11.0,16.0,8.0,11.0,11.0,5.0,3.0,19.0,8.0,18.0,2.0,15.0,5.0,8.0,5.0,8.0,7.0,17.0
2023-05-13T00:13:30-05:00,11.0,14.0,8.0,11.0,10.0,5.0,3.0,18.0,8.0,18.0,2.0,15.0,5.0,8.0,5.0,7.0,6.0,17.0
2023-05-13T00:14:00-05:00,11.0,13.0,8.0,10.0,11.0,6.0,3.0,19.0,8.0,16.0,2.0,18.0,5.0,8.0,5.0,7.0,6.0,17.0
2023-05-13T00:14:30-05:00,11.0,14.0,8.0,10.0,11.0,6.0,3.0,18.0,8.0,18.0,2.0,17.0,5.0,8.0,5.0,6.0,7.0,17.0
2023-05-13T00:15:00-05:00,11.0,13.0,8.0,10.0,11.0,5.0,2.0,18.0,8.0,17.0,2.0,16.0,5.0,7.0,5.0,8.0,7.0,16.0
2023-05-13T00:15:30-05:00,11.0,15.0,8.0,11.0,10.0,4.0,3.0,,8.0,18.0,2.0,16.0,5.0,8.0,5.0,6.0,7.0,18.0
2023-05-13T00:16:00-05:00,11.0,16.0,8.0,11.0,9.0,5.0,3.0,19.0,8.0,15.0,2.0,16.0,5.0,8.0,5.0,5.0,8.0,17.0
2023-05-13T00:16:30-05:00,11.0,15.0,9.0,11.0,10.0,5.0,3.0,,8.0,15.0,2.0,15.0,5.0,8.0,5.0,5.0,7.0,17.0
2023-05-13T00:17:00-05:00,11.0,15.0,8.0,10.0,10.0,5.0,3.0,19.0,8.0,17.0,2.0,15.0,5.0,8.0,5.0,,7.0,17.0
2023-05-13T00:17:30-05:00,11.0,15.0,9.0,11.0,9.0,5.0,3.0,,8.0,16.0,2.0,15.0,5.0,8.0,6.0,4.0,8.0,17.0
2023-05-13T00:18:00-05:00,11.0,15.0,8.0,11.0,10.0,6.0,3.0,19.0,8.0,16.0,5.0,16.0,5.0,8.0,5.0,6.0,7.0,16.0
2023-05-13T00:18:30-05:00,11.0,15.0,8.0,11.0,10.0,6.0,3.0,18.0,8.0,16.0,5.0,15.0,5.0,8.0,5.0,5.0,8.0,17.0
2023-05-13T00:19:00-05:00,11.0,15.0,8.0,11.0,10.0,5.0,4.0,19.0,8.0,17.0,3.0,17.0,4.0,7.0,6.0,5.0,7.0,17.0
2023-05-13T00:19:30-05:00,11.0,15.0,8.0,11.0,10.0,6.0,4.0,19.0,8.0,16.0,3.0,16.0,4.0,8.0,5.0,4.0,7.0,18.0
2023-05-13T00:20:00-05:00,11.0,14.0,9.0,11.0,10.0,5.0,3.0,19.0,8.0,15.0,3.0,17.0,5.0,7.0,6.0,3.0,7.0,17.0
2023-05-13T00:20:30-05:00,11.0,14.0,8.0,12.0,10.0,5.0,4.0,19.0,8.0,14.0,5.0,17.0,4.0,7.0,6.0,4.0,7.0,17.0
2023-05-13T00:21:00-05:00,11.0,13.0,7.0,11.0,10.0,5.0,4.0,,8.0,15.0,6.0,16.0,5.0,7.0,5.0,3.0,8.0,17.0
2023-05-13T00:21:30-05:00,11.0,13.0,8.0,12.0,10.0,5.0,4.0,19.0,8.0,13.0,5.0,16.0,5.0,8.0,5.0,4.0,8.0,17.0
2023-05-13T00:22:00-05:00,11.0,14.0,8.0,11.0,10.0,6.0,5.0,19.0,8.0,14.0,4.0,17.0,5.0,8.0,6.0,3.0,9.0,17.0
2023-05-13T00:22:30-05:00,11.0,14.0,9.0,11.0,10.0,5.0,4.0,19.0,8.0,14.0,3.0,16.0,4.0,8.0,5.0,4.0,8.0,16.0
2023-05-13T00:23:00-05:00,11.0,14.0,8.0,11.0,10.0,5.0,4.0,19.0,8.0,15.0,3.0,16.0,5.0,8.0,6.0,4.0,7.0,16.0
2023-05-13T00:23:30-05:00,11.0,14.0,8.0,11.0,9.0,5.0,4.0,,8.0,15.0,4.0,16.0,5.0,8.0,6.0,5.0,8.0,16.0
2023-05-13T00:24:00-05:00,11.0,14.0,8.0,11.0,10.0,5.0,4.0,,8.0,14.0,8.0,17.0,5.0,8.0,7.0,4.0,8.0,17.0
2023-05-13T00:24:30-05:00,11.0,14.0,9.0,11.0,9.0,5.0,4.0,19.0,8.0,13.0,9.0,17.0,5.0,8.0,6.0,3.0,7.0,16.0
2023-05-13T00:25:00-05:00,11.0,14.0,9.0,10.0,10.0,6.0,4.0,19.0,8.0,13.0,7.0,17.0,6.0,8.0,6.0,3.0,7.0,17.0
2023-05-13T00:26:00-05:00,11.0,15.0,8.0,9.0,,6.0,4.0,18.0,8.0,12.0,4.0,16.0,5.0,8.0,6.0,5.0,9.0,15.0
2023-05-13T00:26:30-05:00,11.0,13.0,8.0,10.0,10.0,6.0,4.0,19.0,8.0,12.0,9.0,16.0,5.0,8.0,7.0,5.0,10.0,16.0
2023-05-13T00:27:00-05:00,11.0,13.0,8.0,10.0,10.0,6.0,4.0,,8.0,12.0,6.0,17.0,5.0,8.0,7.0,5.0,9.0,16.0
2023-05-13T00:27:30-05:00,11.0,13.0,8.0,9.0,10.0,6.0,4.0,19.0,8.0,12.0,5.0,15.0,6.0,7.0,6.0,3.0,8.0,17.0
2023-05-13T00:28:00-05:00,11.0,13.0,8.0,9.0,10.0,5.0,5.0,18.0,8.0,13.0,4.0,16.0,5.0,8.0,6.0,6.0,9.0,16.0
2023-05-13T00:28:30-05:00,11.0,14.0,9.0,11.0,10.0,6.0,4.0,19.0,8.0,13.0,3.0,16.0,6.0,8.0,6.0,4.0,9.0,17.0
2023-05-13T00:29:00-05:00,11.0,14.0,8.0,9.0,9.0,6.0,4.0,18.0,8.0,14.0,4.0,16.0,6.0,8.0,7.0,4.0,10.0,15.0
2023-05-13T00:29:30-05:00,11.0,14.0,8.0,9.0,10.0,5.0,5.0,19.0,8.0,13.0,10.0,16.0,6.0,8.0,7.0,3.0,9.0,16.0
2023-05-13T00:30:00-05:00,11.0,14.0,8.0,9.0,11.0,5.0,5.0,17.0,8.0,13.0,11.0,17.0,6.0,7.0,7.0,4.0,9.0,15.0
2023-05-13T00:30:30-05:00,11.0,14.0,8.0,10.0,10.0,4.0,5.0,18.0,8.0,13.0,6.0,16.0,7.0,7.0,7.0,5.0,9.0,16.0
2023-05-13T00:31:00-05:00,11.0,13.0,8.0,9.0,10.0,6.0,5.0,17.0,8.0,12.0,5.0,16.0,6.0,8.0,7.0,4.0,9.0,16.0
2023-05-13T00:31:30-05:00,11.0,14.0,8.0,9.0,10.0,5.0,5.0,,8.0,13.0,4.0,15.0,7.0,8.0,7.0,3.0,9.0,16.0
2023-05-13T00:32:00-05:00,11.0,14.0,7.0,9.0,10.0,6.0,6.0,19.0,8.0,12.0,4.0,16.0,7.0,7.0,7.0,4.0,8.0,16.0
2023-05-13T00:32:30-05:00,11.0,14.0,8.0,8.0,11.0,5.0,5.0,19.0,8.0,12.0,4.0,15.0,7.0,8.0,8.0,7.0,8.0,16.0
2023-05-13T00:33:00-05:00,11.0,14.0,8.0,8.0,12.0,5.0,5.0,18.0,8.0,12.0,5.0,16.0,6.0,,8.0,4.0,7.0,15.0
2023-05-13T00:33:30-05:00,11.0,13.0,8.0,8.0,12.0,5.0,6.0,18.0,8.0,11.0,5.0,16.0,6.0,,8.0,4.0,7.0,15.0
2023-05-13T00:34:00-05:00,11.0,12.0,8.0,9.0,13.0,5.0,6.0,18.0,8.0,12.0,5.0,16.0,7.0,8.0,7.0,8.0,7.0,17.0
2023-05-13T00:34:30-05:00,11.0,14.0,8.0,8.0,13.0,5.0,5.0,19.0,8.0,11.0,14.0,16.0,6.0,8.0,8.0,8.0,7.0,16.0
2023-05-13T00:35:00-05:00,11.0,13.0,8.0,8.0,14.0,5.0,6.0,18.0,8.0,12.0,7.0,15.0,7.0,8.0,8.0,5.0,7.0,17.0
2023-05-13T00:35:30-05:00,11.0,12.0,8.0,7.0,13.0,5.0,5.0,18.0,8.0,11.0,6.0,14.0,8.0,8.0,8.0,5.0,6.0,16.0
2023-05-13T00:36:00-05:00,11.0,13.0,8.0,7.0,11.0,5.0,5.0,17.0,8.0,13.0,7.0,15.0,7.0,8.0,9.0,5.0,6.0,15.0
2023-05-13T00:36:30-05:00,11.0,14.0,8.0,6.0,12.0,5.0,5.0,18.0,8.0,13.0,6.0,14.0,8.0,,9.0,5.0,6.0,15.0
2023-05-13T00:37:00-05:00,11.0,13.0,8.0,6.0,12.0,4.0,5.0,19.0,8.0,11.0,7.0,14.0,7.0,8.0,8.0,5.0,6.0,16.0
2023-05-13T00:37:30-05:00,11.0,13.0,8.0,6.0,11.0,5.0,5.0,18.0,8.0,11.0,6.0,15.0,8.0,,8.0,5.0,6.0,16.0
2023-05-13T00:38:00-05:00,11.0,13.0,8.0,6.0,11.0,5.0,5.0,18.0,8.0,11.0,13.0,16.0,7.0,7.0,8.0,6.0,6.0,14.0
2023-05-13T00:38:30-05:00,11.0,13.0,8.0,7.0,11.0,5.0,6.0,16.0,8.0,12.0,14.0,15.0,8.0,8.0,8.0,5.0,6.0,15.0
2023-05-13T00:39:00-05:00,11.0,12.0,9.0,7.0,10.0,5.0,5.0,16.0,8.0,11.0,17.0,15.0,8.0,8.0,8.0,6.0,6.0,15.0
2023-05-13T00:39:30-05:00,11.0,13.0,9.0,7.0,10.0,5.0,5.0,16.0,8.0,11.0,16.0,16.0,8.0,,8.0,4.0,6.0,14.0
2023-05-13T00:40:00-05:00,11.0,13.0,9.0,6.0,10.0,5.0,5.0,16.0,8.0,11.0,14.0,14.0,8.0,8.0,8.0,6.0,6.0,15.0
2023-05-13T00:40:30-05:00,11.0,12.0,8.0,8.0,10.0,5.0,5.0,16.0,8.0,13.0,14.0,14.0,8.0,8.0,9.0,5.0,6.0,14.0
2023-05-13T00:41:00-05:00,11.0,13.0,8.0,7.0,9.0,5.0,5.0,17.0,8.0,12.0,11.0,14.0,9.0,7.0,9.0,6.0,5.0,16.0
2023-05-13T00:41:30-05:00,11.0,13.0,9.0,7.0,10.0,4.0,6.0,16.0,8.0,12.0,11.0,14.0,9.0,8.0,9.0,5.0,6.0,15.0
2023-05-13T00:42:00-05:00,11.0,13.0,8.0,7.0,9.0,5.0,5.0,17.0,8.0,12.0,13.0,14.0,9.0,8.0,9.0,8.0,6.0,15.0
2023-05-13T00:42:30-05:00,11.0,12.0,9.0,6.0,9.0,5.0,5.0,16.0,8.0,12.0,12.0,14.0,9.0,8.0,9.0,6.0,5.0,15.0
2023-05-13T00:43:00-05:00,11.0,12.0,9.0,7.0,8.0,5.0,5.0,16.0,8.0,12.0,11.0,14.0,8.0,8.0,9.0,5.0,6.0,14.0
2023-05-13T00:43:30-05:00,11.0,13.0,9.0,8.0,8.0,5.0,5.0,15.0,8.0,13.0,11.0,14.0,8.0,8.0,9.0,4.0,6.0,14.0
2023-05-13T00:44:00-05:00,11.0,11.0,9.0,7.0,8.0,5.0,5.0,15.0,8.0,12.0,12.0,14.0,9.0,8.0,9.0,4.0,5.0,15.0
2023-05-13T00:44:30-05:00,11.0,12.0,8.0,7.0,7.0,5.0,5.0,14.0,8.0,12.0,11.0,14.0,9.0,7.0,9.0,6.0,5.0,14.0
2023-05-13T00:45:00-05:00,11.0,12.0,8.0,7.0,8.0,5.0,6.0,14.0,8.0,11.0,11.0,15.0,8.0,7.0,10.0,5.0,5.0,14.0
2023-05-13T00:45:30-05:00,11.0,11.0,8.0,6.0,8.0,4.0,5.0,14.0,8.0,12.0,10.0,15.0,9.0,7.0,10.0,6.0,6.0,14.0
2023-05-13T00:46:00-05:00,11.0,11.0,9.0,7.0,8.0,5.0,5.0,15.0,8.0,12.0,11.0,14.0,9.0,8.0,9.0,5.0,6.0,14.0
2023-05-13T00:46:30-05:00,11.0,12.0,8.0,7.0,8.0,5.0,4.0,14.0,8.0,12.0,12.0,15.0,10.0,8.0,10.0,5.0,5.0,15.0
2023-05-13T00:47:00-05:00,11.0,11.0,8.0,6.0,8.0,4.0,5.0,14.0,8.0,12.0,11.0,14.0,9.0,8.0,9.0,7.0,6.0,15.0
2023-05-13T00:47:30-05:00,11.0,11.0,8.0,7.0,7.0,5.0,5.0,14.0,8.0,12.0,11.0,14.0,10.0,8.0,10.0,7.0,6.0,16.0
2023-05-13T00:48:00-05:00,11.0,13.0,8.0,7.0,7.0,5.0,5.0,15.0,8.0,12.0,12.0,14.0,9.0,8.0,10.0,7.0,5.0,15.0
2023-05-13T00:48:30-05:00,11.0,12.0,8.0,6.0,7.0,5.0,6.0,13.0,8.0,12.0,12.0,13.0,9.0,8.0,10.0,7.0,4.0,14.0
2023-05-13T00:49:00-05:00,11.0,12.0,8.0,6.0,7.0,5.0,5.0,14.0,8.0,10.0,11.0,13.0,9.0,8.0,10.0,5.0,5.0,14.0
2023-05-13T00:49:30-05:00,11.0,12.0,8.0,7.0,7.0,5.0,5.0,14.0,8.0,11.0,13.0,15.0,10.0,8.0,9.0,6.0,7.0,14.0
2023-05-13T00:50:00-05:00,11.0,13.0,7.0,7.0,7.0,5.0,6.0,13.0,8.0,11.0,11.0,14.0,10.0,7.0,10.0,7.0,7.0,13.0
2023-05-13T00:50:30-05:00,11.0,13.0,8.0,7.0,7.0,5.0,5.0,14.0,8.0,11.0,12.0,13.0,9.0,7.0,10.0,5.0,6.0,14.0
2023-05-13T00:51:30-05:00,11.0,12.0,8.0,7.0,7.0,4.0,6.0,14.0,8.0,12.0,11.0,13.0,10.0,8.0,9.0,8.0,5.0,13.0
2023-05-13T00:52:00-05:00,11.0,12.0,8.0,7.0,7.0,5.0,6.0,15.0,8.0,11.0,12.0,14.0,10.0,8.0,10.0,7.0,5.0,14.0
2023-05-13T00:52:30-05:00,11.0,12.0,8.0,8.0,,5.0,5.0,15.0,8.0,10.0,13.0,14.0,11.0,8.0,13.0,5.0,5.0,14.0
2023-05-13T00:53:00-05:00,11.0,12.0,8.0,8.0,7.0,5.0,5.0,15.0,8.0,12.0,11.0,14.0,10.0,7.0,14.0,5.0,6.0,13.0
2023-05-13T00:53:30-05:00,11.0,11.0,8.0,8.0,6.0,5.0,6.0,13.0,8.0,11.0,12.0,14.0,10.0,8.0,10.0,6.0,5.0,13.0
2023-05-13T00:54:00-05:00,11.0,12.0,8.0,8.0,7.0,5.0,6.0,14.0,8.0,11.0,13.0,13.0,11.0,8.0,11.0,4.0,6.0,13.0
2023-05-13T00:54:30-05:00,11.0,12.0,8.0,8.0,7.0,5.0,5.0,14.0,8.0,12.0,13.0,13.0,11.0,,11.0,5.0,5.0,13.0
2023-05-13T00:55:00-05:00,11.0,12.0,8.0,8.0,7.0,4.0,5.0,13.0,8.0,12.0,13.0,13.0,10.0,8.0,11.0,5.0,4.0,13.0
2023-05-13T00:55:30-05:00,11.0,13.0,8.0,7.0,6.0,5.0,5.0,14.0,8.0,11.0,12.0,13.0,10.0,8.0,10.0,6.0,5.0,12.0
2023-05-13T00:56:00-05:00,11.0,11.0,8.0,7.0,6.0,5.0,6.0,14.0,8.0,11.0,14.0,13.0,10.0,8.0,10.0,4.0,5.0,12.0
2023-05-13T00:56:30-05:00,11.0,12.0,8.0,7.0,7.0,5.0,6.0,13.0,8.0,12.0,13.0,13.0,10.0,8.0,10.0,6.0,5.0,14.0
2023-05-13T00:57:00-05:00,11.0,13.0,7.0,7.0,7.0,4.0,5.0,14.0,8.0,11.0,13.0,14.0,10.0,8.0,11.0,6.0,5.0,13.0
2023-05-13T00:57:30-05:00,11.0,12.0,9.0,8.0,7.0,5.0,6.0,15.0,8.0,11.0,13.0,13.0,11.0,8.0,10.0,5.0,5.0,12.0
2023-05-13T00:58:00-05:00,11.0,13.0,9.0,7.0,6.0,5.0,6.0,14.0,8.0,11.0,14.0,13.0,11.0,8.0,11.0,5.0,4.0,13.0
2023-05-13T00:58:30-05:00,11.0,12.0,8.0,7.0,7.0,5.0,7.0,14.0,8.0,12.0,14.0,13.0,10.0,8.0,11.0,5.0,5.0,13.0
2023-05-13T00:59:00-05:00,11.0,12.0,8.0,7.0,7.0,4.0,6.0,14.0,8.0,12.0,13.0,13.0,10.0,8.0,11.0,5.0,4.0,13.0
2023-05-13T00:59:30-05:00,11.0,12.0,8.0,7.0,7.0,5.0,6.0,15.0,8.0,12.0,13.0,13.0,9.0,8.0,10.0,5.0,4.0,13.0
2023-05-13T01:00:00-05:00,11.0,11.0,9.0,7.0,7.0,5.0,6.0,14.0,8.0,12.0,13.0,14.0,10.0,7.0,11.0,5.0,5.0,13.0
2023-05-13T01:00:30-05:00,11.0,11.0,8.0,7.0,7.0,5.0,6.0,14.0,8.0,12.0,13.0,13.0,10.0,8.0,10.0,5.0,5.0,13.0
2023-05-13T01:01:00-05:00,11.0,12.0,7.0,7.0,7.0,5.0,6.0,14.0,8.0,12.0,13.0,13.0,11.0,7.0,10.0,4.0,5.0,14.0
2023-05-13T01:01:30-05:00,11.0,12.0,8.0,7.0,7.0,5.0,5.0,13.0,8.0,11.0,13.0,12.0,10.0,8.0,10.0,6.0,4.0,13.0
2023-05-13T01:02:00-05:00,11.0,13.0,8.0,8.0,8.0,5.0,6.0,13.0,8.0,11.0,13.0,13.0,12.0,8.0,11.0,3.0,4.0,13.0
2023-05-13T01:02:30-05:00,11.0,13.0,8.0,8.0,7.0,5.0,5.0,14.0,8.0,11.0,13.0,13.0,9.0,8.0,11.0,4.0,4.0,13.0
2023-05-13T01:03:00-05:00,11.0,13.0,8.0,8.0,8.0,5.0,5.0,14.0,8.0,12.0,13.0,13.0,11.0,8.0,11.0,5.0,5.0,13.0
2023-05-13T01:03:30-05:00,11.0,13.0,8.0,6.0,8.0,5.0,6.0,13.0,8.0,12.0,14.0,13.0,10.0,7.0,12.0,4.0,4.0,13.0
2023-05-13T01:04:00-05:00,11.0,14.0,8.0,7.0,8.0,5.0,6.0,13.0,8.0,11.0,13.0,13.0,11.0,6.0,12.0,4.0,4.0,13.0
2023-05-13T01:04:30-05:00,11.0,13.0,7.0,6.0,8.0,5.0,6.0,14.0,8.0,11.0,13.0,13.0,9.0,7.0,12.0,7.0,4.0,13.0
2023-05-13T01:05:00-05:00,11.0,13.0,8.0,7.0,8.0,6.0,6.0,13.0,8.0,13.0,14.0,13.0,10.0,7.0,11.0,5.0,4.0,13.0
2023-05-13T01:05:30-05:00,11.0,13.0,8.0,7.0,8.0,6.0,6.0,13.0,8.0,12.0,14.0,13.0,11.0,8.0,11.0,7.0,4.0,13.0
2023-05-13T01:06:00-05:00,11.0,13.0,8.0,7.0,8.0,5.0,5.0,15.0,8.0,12.0,13.0,12.0,10.0,8.0,12.0,5.0,4.0,12.0
2023-05-13T01:06:30-05:00,11.0,12.0,7.0,8.0,9.0,5.0,6.0,14.0,8.0,12.0,13.0,12.0,10.0,8.0,11.0,3.0,4.0,14.0
2023-05-13T01:07:00-05:00,11.0,12.0,8.0,8.0,9.0,5.0,6.0,14.0,8.0,10.0,14.0,13.0,10.0,8.0,12.0,5.0,4.0,13.0
2023-05-13T01:07:30-05:00,11.0,12.0,8.0,9.0,9.0,5.0,5.0,13.0,8.0,12.0,13.0,13.0,11.0,8.0,12.0,4.0,4.0,13.0
2023-05-13T01:08:00-05:00,11.0,14.0,8.0,9.0,8.0,6.0,6.0,14.0,8.0,12.0,14.0,13.0,11.0,7.0,11.0,5.0,4.0,
2023-05-13T01:08:30-05:00,11.0,14.0,8.0,9.0,9.0,4.0,6.0,14.0,8.0,12.0,13.0,13.0,10.0,,11.0,6.0,4.0,13.0
2023-05-13T01:09:00-05:00,11.0,13.0,8.0,9.0,8.0,5.0,6.0,14.0,8.0,12.0,13.0,13.0,10.0,8.0,11.0,4.0,4.0,13.0
2023-05-13T01:09:30-05:00,11.0,12.0,8.0,8.0,8.0,6.0,6.0,13.0,8.0,14.0,14.0,13.0,11.0,8.0,11.0,4.0,4.0,13.0
2023-05-13T01:10:00-05:00,11.0,11.0,9.0,8.0,8.0,5.0,5.0,12.0,8.0,13.0,12.0,12.0,10.0,7.0,11.0,4.0,4.0,13.0
2023-05-13T01:10:30-05:00,11.0,13.0,8.0,8.0,8.0,5.0,6.0,14.0,8.0,12.0,12.0,13.0,11.0,8.0,10.0,3.0,5.0,13.0
2023-05-13T01:11:00-05:00,11.0,12.0,8.0,8.0,8.0,5.0,6.0,13.0,8.0,12.0,12.0,13.0,11.0,8.0,11.0,4.0,4.0,13.0
2023-05-13T01:11:30-05:00,11.0,13.0,8.0,7.0,8.0,6.0,5.0,12.0,8.0,13.0,13.0,14.0,11.0,8.0,10.0,4.0,5.0,13.0
2023-05-13T01:12:00-05:00,11.0,12.0,7.0,7.0,8.0,6.0,5.0,13.0,8.0,13.0,12.0,13.0,11.0,8.0,12.0,4.0,5.0,12.0
2023-05-13T01:12:30-05:00,11.0,12.0,8.0,7.0,9.0,5.0,5.0,14.0,8.0,13.0,14.0,13.0,11.0,8.0,11.0,4.0,4.0,14.0
2023-05-13T01:13:00-05:00,11.0,11.0,8.0,7.0,9.0,5.0,6.0,12.0,8.0,12.0,13.0,13.0,11.0,7.0,11.0,4.0,4.0,14.0
2023-05-13T01:13:30-05:00,11.0,12.0,8.0,7.0,9.0,5.0,6.0,12.0,8.0,12.0,13.0,13.0,11.0,7.0,11.0,4.0,4.0,13.0
2023-05-13T01:14:00-05:00,11.0,12.0,8.0,7.0,9.0,5.0,6.0,13.0,8.0,12.0,13.0,13.0,10.0,8.0,11.0,4.0,5.0,13.0
2023-05-13T01:14:30-05:00,11.0,12.0,8.0,7.0,10.0,5.0,6.0,13.0,8.0,13.0,13.0,13.0,12.0,7.0,12.0,4.0,5.0,13.0
2023-05-13T01:15:00-05:00,11.0,13.0,8.0,7.0,9.0,6.0,6.0,12.0,8.0,12.0,13.0,13.0,12.0,8.0,12.0,5.0,5.0,13.0
2023-05-13T01:15:30-05:00,11.0,12.0,9.0,7.0,10.0,5.0,6.0,12.0,8.0,13.0,12.0,13.0,11.0,8.0,11.0,3.0,4.0,13.0
2023-05-13T01:16:00-05:00,11.0,13.0,8.0,8.0,10.0,5.0,6.0,11.0,8.0,13.0,11.0,14.0,11.0,8.0,12.0,3.0,5.0,14.0
2023-05-13T01:17:00-05:00,11.0,12.0,8.0,7.0,9.0,6.0,7.0,12.0,8.0,11.0,13.0,13.0,12.0,7.0,11.0,5.0,4.0,13.0
2023-05-13T01:17:30-05:00,11.0,13.0,8.0,6.0,10.0,6.0,6.0,12.0,8.0,12.0,13.0,14.0,12.0,7.0,12.0,5.0,4.0,14.0
2023-05-13T01:18:00-05:00,11.0,13.0,8.0,6.0,10.0,5.0,6.0,12.0,8.0,12.0,12.0,13.0,11.0,8.0,12.0,3.0,5.0,14.0
2023-05-13T01:18:30-05:00,11.0,13.0,8.0,7.0,9.0,5.0,6.0,12.0,8.0,12.0,13.0,12.0,12.0,8.0,11.0,3.0,6.0,13.0
2023-05-13T01:19:00-05:00,11.0,12.0,8.0,7.0,9.0,5.0,5.0,12.0,8.0,12.0,12.0,13.0,11.0,7.0,11.0,4.0,5.0,12.0
2023-05-13T01:19:30-05:00,11.0,11.0,9.0,7.0,,4.0,6.0,12.0,8.0,11.0,14.0,13.0,11.0,8.0,11.0,5.0,5.0,13.0
2023-05-13T01:20:00-05:00,11.0,13.0,8.0,7.0,10.0,5.0,6.0,12.0,8.0,12.0,13.0,13.0,12.0,8.0,12.0,5.0,4.0,13.0
2023-05-13T01:20:30-05:00,11.0,12.0,8.0,8.0,10.0,5.0,5.0,12.0,8.0,12.0,13.0,13.0,12.0,7.0,12.0,4.0,6.0,14.0
2023-05-13T01:21:00-05:00,11.0,12.0,7.0,8.0,10.0,5.0,6.0,12.0,8.0,13.0,13.0,12.0,13.0,8.0,11.0,4.0,5.0,14.0
2023-05-13T01:21:30-05:00,11.0,12.0,8.0,8.0,10.0,5.0,6.0,11.0,8.0,14.0,13.0,13.0,12.0,7.0,11.0,4.0,5.0,12.0
2023-05-13T01:22:00-05:00,11.0,12.0,7.0,8.0,11.0,5.0,6.0,11.0,8.0,12.0,13.0,13.0,12.0,8.0,11.0,5.0,5.0,13.0
2023-05-13T01:22:30-05:00,11.0,12.0,7.0,7.0,11.0,5.0,5.0,12.0,8.0,12.0,11.0,13.0,11.0,7.0,11.0,5.0,5.0,13.0
2023-05-13T01:23:00-05:00,11.0,12.0,7.0,7.0,12.0,5.0,5.0,11.0,8.0,13.0,12.0,13.0,13.0,6.0,11.0,6.0,5.0,14.0
2023-05-13T01:23:30-05:00,11.0,12.0,7.0,8.0,11.0,5.0,7.0,12.0,8.0,12.0,12.0,13.0,12.0,7.0,10.0,5.0,5.0,14.0
2023-05-13T01:24:00-05:00,11.0,12.0,8.0,7.0,10.0,4.0,6.0,12.0,8.0,12.0,12.0,13.0,12.0,7.0,11.0,5.0,5.0,14.0
2023-05-13T01:24:30-05:00,11.0,12.0,7.0,7.0,10.0,4.0,6.0,12.0,8.0,12.0,11.0,13.0,11.0,8.0,12.0,5.0,6.0,13.0
2023-05-13T01:25:00-05:00,11.0,13.0,7.0,7.0,9.0,4.0,6.0,12.0,8.0,11.0,11.0,13.0,13.0,8.0,11.0,4.0,5.0,12.0
2023-05-13T01:25:30-05:00,11.0,12.0,8.0,7.0,10.0,4.0,6.0,12.0,8.0,12.0,11.0,13.0,13.0,7.0,12.0,6.0,5.0,13.0
2023-05-13T01:26:00-05:00,11.0,12.0,9.0,7.0,10.0,4.0,6.0,12.0,8.0,12.0,11.0,12.0,12.0,8.0,12.0,4.0,6.0,14.0
2023-05-13T01:26:30-05:00,11.0,12.0,7.0,8.0,10.0,5.0,6.0,12.0,8.0,13.0,12.0,14.0,12.0,7.0,11.0,3.0,6.0,13.0
2023-05-13T01:27:00-05:00,11.0,12.0,7.0,6.0,11.0,5.0,6.0,12.0,8.0,12.0,12.0,13.0,12.0,7.0,11.0,6.0,6.0,11.0
2023-05-13T01:27:30-05:00,11.0,13.0,7.0,7.0,10.0,5.0,6.0,12.0,8.0,12.0,11.0,13.0,12.0,7.0,11.0,5.0,6.0,11.0
2023-05-13T01:28:00-05:00,11.0,12.0,7.0,8.0,10.0,4.0,7.0,12.0,8.0,13.0,12.0,12.0,12.0,7.0,12.0,4.0,7.0,12.0
2023-05-13T01:28:30-05:00,11.0,12.0,8.0,7.0,10.0,5.0,6.0,14.0,8.0,13.0,12.0,13.0,14.0,7.0,12.0,4.0,5.0,12.0
2023-05-13T01:29:00-05:00,11.0,12.0,8.0,6.0,10.0,5.0,6.0,13.0,8.0,12.0,11.0,13.0,13.0,8.0,12.0,4.0,5.0,12.0
2023-05-13T01:29:30-05:00,11.0,11.0,8.0,6.0,10.0,4.0,6.0,13.0,8.0,12.0,12.0,13.0,13.0,8.0,11.0,4.0,5.0,12.0
2023-05-13T01:30:00-05:00,11.0,12.0,7.0,7.0,10.0,5.0,5.0,12.0,8.0,12.0,11.0,14.0,12.0,7.0,12.0,5.0,5.0,13.0
2023-05-13T01:30:30-05:00,11.0,12.0,8.0,7.0,10.0,5.0,6.0,12.0,8.0,,11.0,13.0,12.0,7.0,12.0,4.0,6.0,12.0
2023-05-13T01:31:00-05:00,11.0,11.0,8.0,6.0,10.0,5.0,7.0,13.0,8.0,13.0,11.0,12.0,12.0,7.0,10.0,3.0,6.0,12.0
2023-05-13T01:31:30-05:00,11.0,12.0,8.0,6.0,11.0,5.0,6.0,13.0,8.0,13.0,11.0,13.0,12.0,8.0,12.0,4.0,5.0,10.0
2023-05-13T01:32:00-05:00,11.0,11.0,9.0,6.0,11.0,5.0,6.0,12.0,8.0,13.0,12.0,12.0,12.0,7.0,12.0,4.0,5.0,9.0
2023-05-13T01:32:30-05:00,11.0,12.0,8.0,7.0,11.0,5.0,7.0,13.0,8.0,,11.0,12.0,12.0,7.0,12.0,4.0,6.0,8.0
2023-05-13T01:33:00-05:00,11.0,12.0,8.0,6.0,11.0,5.0,6.0,12.0,8.0,13.0,12.0,13.0,13.0,7.0,11.0,4.0,6.0,9.0
2023-05-13T01:33:30-05:00,11.0,11.0,7.0,6.0,11.0,5.0,6.0,12.0,8.0,13.0,11.0,12.0,13.0,7.0,12.0,3.0,6.0,9.0
2023-05-13T01:34:00-05:00,11.0,12.0,8.0,6.0,11.0,5.0,6.0,13.0,8.0,13.0,11.0,12.0,13.0,8.0,12.0,4.0,6.0,
2023-05-13T01:34:30-05:00,11.0,11.0,7.0,7.0,10.0,5.0,7.0,13.0,8.0,14.0,12.0,11.0,13.0,7.0,13.0,3.0,6.0,
2023-05-13T01:35:00-05:00,11.0,11.0,5.0,6.0,10.0,5.0,7.0,13.0,8.0,12.0,12.0,13.0,12.0,7.0,12.0,4.0,6.0,
2023-05-13T01:35:30-05:00,11.0,13.0,7.0,7.0,9.0,5.0,6.0,13.0,8.0,11.0,11.0,13.0,12.0,7.0,13.0,2.0,6.0,
2023-05-13T01:36:00-05:00,11.0,11.0,7.0,6.0,8.0,5.0,7.0,14.0,8.0,12.0,11.0,12.0,12.0,7.0,13.0,4.0,6.0,
2023-05-13T01:36:30-05:00,11.0,11.0,6.0,6.0,8.0,5.0,7.0,14.0,8.0,12.0,11.0,12.0,12.0,7.0,14.0,5.0,6.0,
2023-05-13T01:37:00-05:00,11.0,11.0,7.0,6.0,8.0,4.0,6.0,14.0,8.0,14.0,12.0,13.0,12.0,7.0,12.0,5.0,6.0,9.0
2023-05-13T01:37:30-05:00,11.0,11.0,7.0,6.0,7.0,5.0,7.0,14.0,8.0,14.0,10.0,11.0,13.0,6.0,13.0,3.0,6.0,8.0
2023-05-13T01:38:00-05:00,11.0,11.0,7.0,6.0,8.0,5.0,6.0,13.0,8.0,14.0,11.0,12.0,12.0,6.0,12.0,5.0,5.0,8.0
2023-05-13T01:38:30-05:00,11.0,11.0,7.0,7.0,6.0,6.0,7.0,13.0,8.0,14.0,11.0,12.0,12.0,6.0,12.0,5.0,5.0,7.0
2023-05-13T01:39:00-05:00,11.0,12.0,6.0,6.0,7.0,4.0,6.0,13.0,8.0,13.0,10.0,13.0,13.0,6.0,13.0,4.0,5.0,8.0
2023-05-13T01:39:30-05:00,11.0,12.0,6.0,6.0,7.0,5.0,8.0,13.0,8.0,13.0,10.0,12.0,13.0,7.0,13.0,2.0,6.0,7.0
2023-05-13T01:40:00-05:00,11.0,12.0,7.0,6.0,7.0,5.0,8.0,13.0,8.0,13.0,11.0,10.0,12.0,7.0,12.0,3.0,6.0,8.0
2023-05-13T01:40:30-05:00,11.0,13.0,7.0,6.0,7.0,5.0,8.0,13.0,8.0,15.0,10.0,10.0,13.0,7.0,12.0,4.0,5.0,7.0
2023-05-13T01:41:00-05:00,11.0,12.0,7.0,7.0,7.0,5.0,8.0,14.0,8.0,14.0,11.0,10.0,14.0,6.0,13.0,3.0,6.0,7.0
2023-05-13T01:41:30-05:00,11.0,11.0,7.0,8.0,6.0,6.0,7.0,13.0,8.0,14.0,11.0,10.0,13.0,6.0,13.0,4.0,6.0,7.0
2023-05-13T01:42:00-05:00,11.0,11.0,8.0,8.0,6.0,6.0,7.0,13.0,8.0,14.0,11.0,9.0,14.0,6.0,14.0,2.0,5.0,7.0
2023-05-13T01:42:30-05:00,11.0,12.0,7.0,9.0,7.0,5.0,7.0,14.0,8.0,13.0,10.0,9.0,13.0,7.0,13.0,2.0,6.0,6.0
2023-05-13T01:43:00-05:00,11.0,12.0,6.0,7.0,7.0,6.0,7.0,12.0,8.0,12.0,10.0,9.0,14.0,7.0,12.0,3.0,5.0,6.0
2023-05-13T01:43:30-05:00,11.0,12.0,7.0,7.0,7.0,5.0,8.0,12.0,8.0,13.0,11.0,9.0,13.0,7.0,12.0,5.0,4.0,7.0
2023-05-13T01:44:00-05:00,11.0,12.0,7.0,6.0,7.0,6.0,8.0,13.0,8.0,13.0,10.0,9.0,14.0,7.0,12.0,4.0,5.0,7.0
2023-05-13T01:44:30-05:00,11.0,13.0,6.0,7.0,7.0,5.0,7.0,12.0,8.0,14.0,10.0,8.0,14.0,7.0,13.0,4.0,5.0,6.0
2023-05-13T01:45:30-05:00,11.0,11.0,7.0,7.0,7.0,5.0,8.0,11.0,8.0,13.0,11.0,8.0,13.0,8.0,13.0,6.0,5.0,7.0
2023-05-13T01:46:00-05:00,11.0,11.0,7.0,8.0,7.0,5.0,8.0,12.0,,13.0,11.0,8.0,13.0,7.0,13.0,6.0,5.0,7.0
2023-05-13T01:46:30-05:00,11.0,12.0,7.0,7.0,7.0,6.0,8.0,12.0,8.0,13.0,11.0,7.0,15.0,7.0,13.0,7.0,5.0,7.0
2023-05-13T01:47:00-05:00,11.0,11.0,7.0,7.0,,5.0,7.0,11.0,8.0,13.0,10.0,7.0,13.0,7.0,12.0,7.0,6.0,7.0
2023-05-13T01:47:30-05:00,11.0,12.0,7.0,7.0,7.0,6.0,7.0,11.0,8.0,13.0,10.0,8.0,14.0,7.0,13.0,6.0,6.0,7.0
2023-05-13T01:48:00-05:00,11.0,12.0,7.0,6.0,7.0,5.0,9.0,12.0,8.0,14.0,11.0,7.0,14.0,7.0,14.0,7.0,6.0,8.0
2023-05-13T01:48:30-05:00,11.0,12.0,7.0,6.0,8.0,5.0,8.0,11.0,8.0,13.0,10.0,7.0,13.0,7.0,14.0,4.0,6.0,7.0
2023-05-13T01:49:00-05:00,11.0,12.0,6.0,6.0,7.0,5.0,9.0,12.0,8.0,13.0,10.0,6.0,13.0,6.0,13.0,3.0,6.0,7.0
2023-05-13T01:49:30-05:00,11.0,12.0,7.0,7.0,8.0,6.0,9.0,12.0,8.0,14.0,9.0,7.0,13.0,6.0,12.0,8.0,6.0,8.0
2023-05-13T01:50:00-05:00,11.0,12.0,6.0,7.0,8.0,6.0,8.0,11.0,8.0,13.0,10.0,6.0,12.0,7.0,13.0,5.0,5.0,8.0
2023-05-13T01:50:30-05:00,11.0,12.0,7.0,8.0,8.0,6.0,8.0,10.0,8.0,13.0,9.0,6.0,13.0,8.0,12.0,6.0,6.0,8.0
2023-05-13T01:51:00-05:00,11.0,12.0,7.0,9.0,8.0,6.0,8.0,11.0,8.0,13.0,9.0,7.0,13.0,7.0,13.0,4.0,5.0,7.0
2023-05-13T01:51:30-05:00,11.0,12.0,8.0,7.0,8.0,6.0,8.0,11.0,8.0,13.0,10.0,6.0,13.0,7.0,13.0,4.0,6.0,7.0
2023-05-13T01:52:00-05:00,11.0,12.0,7.0,7.0,8.0,6.0,8.0,12.0,8.0,13.0,9.0,6.0,13.0,7.0,12.0,4.0,5.0,8.0
2023-05-13T01:52:30-05:00,11.0,12.0,7.0,7.0,7.0,6.0,9.0,12.0,8.0,13.0,10.0,7.0,13.0,7.0,13.0,6.0,5.0,7.0
2023-05-13T01:53:00-05:00,11.0,12.0,6.0,7.0,7.0,6.0,8.0,12.0,8.0,13.0,9.0,7.0,14.0,7.0,12.0,5.0,5.0,7.0
2023-05-13T01:53:30-05:00,11.0,12.0,8.0,7.0,8.0,7.0,9.0,12.0,8.0,12.0,9.0,7.0,12.0,6.0,13.0,5.0,6.0,8.0
2023-05-13T01:54:00-05:00,11.0,11.0,8.0,8.0,7.0,6.0,9.0,12.0,8.0,13.0,10.0,7.0,12.0,7.0,13.0,5.0,6.0,8.0
2023-05-13T01:54:30-05:00,11.0,11.0,8.0,9.0,7.0,6.0,8.0,11.0,8.0,13.0,10.0,7.0,13.0,7.0,12.0,5.0,6.0,7.0
2023-05-13T01:55:00-05:00,11.0,11.0,7.0,8.0,7.0,5.0,9.0,12.0,8.0,12.0,10.0,6.0,12.0,7.0,11.0,5.0,,8.0
2023-05-13T01:55:30-05:00,11.0,12.0,7.0,8.0,8.0,6.0,9.0,11.0,8.0,13.0,10.0,6.0,13.0,7.0,13.0,6.0,6.0,8.0
2023-05-13T01:56:00-05:00,11.0,12.0,7.0,6.0,7.0,6.0,10.0,11.0,8.0,12.0,10.0,7.0,12.0,7.0,12.0,4.0,6.0,7.0
2023-05-13T01:56:30-05:00,11.0,11.0,7.0,8.0,8.0,6.0,9.0,11.0,8.0,13.0,10.0,6.0,12.0,7.0,11.0,4.0,6.0,8.0
2023-05-13T01:57:00-05:00,11.0,12.0,7.0,8.0,8.0,6.0,10.0,11.0,8.0,13.0,9.0,7.0,13.0,8.0,13.0,6.0,5.0,8.0
2023-05-13T01:57:30-05:00,11.0,12.0,7.0,7.0,8.0,5.0,9.0,11.0,8.0,13.0,10.0,7.0,13.0,7.0,12.0,3.0,5.0,7.0
2023-05-13T01:58:00-05:00,11.0,12.0,7.0,7.0,9.0,5.0,9.0,12.0,8.0,13.0,10.0,7.0,13.0,7.0,12.0,6.0,6.0,8.0
2023-05-13T01:58:30-05:00,11.0,11.0,8.0,7.0,7.0,6.0,10.0,12.0,8.0,12.0,9.0,7.0,13.0,7.0,12.0,4.0,6.0,8.0
2023-05-13T01:59:00-05:00,11.0,11.0,7.0,6.0,9.0,7.0,10.0,11.0,8.0,13.0,9.0,6.0,12.0,7.0,12.0,3.0,6.0,7.0
2023-05-13T01:59:30-05:00,11.0,11.0,7.0,8.0,8.0,6.0,10.0,11.0,8.0,13.0,10.0,6.0,12.0,7.0,12.0,4.0,7.0,7.0
2023-05-13T02:00:00-05:00,11.0,12.0,7.0,7.0,9.0,7.0,9.0,12.0,8.0,13.0,10.0,7.0,13.0,7.0,12.0,3.0,6.0,8.0
2023-05-13T02:00:30-05:00,11.0,13.0,8.0,7.0,8.0,8.0,10.0,12.0,,13.0,10.0,7.0,12.0,6.0,13.0,3.0,5.0,8.0
2023-05-13T02:01:00-05:00,11.0,12.0,7.0,7.0,8.0,7.0,,12.0,8.0,13.0,10.0,7.0,12.0,6.0,12.0,3.0,5.0,8.0
2023-05-13T02:01:30-05:00,11.0,12.0,7.0,8.0,8.0,8.0,10.0,12.0,8.0,13.0,9.0,7.0,11.0,7.0,12.0,5.0,6.0,7.0
2023-05-13T02:02:00-05:00,11.0,10.0,6.0,7.0,8.0,8.0,10.0,11.0,8.0,12.0,9.0,7.0,12.0,7.0,12.0,4.0,5.0,8.0
2023-05-13T02:02:30-05:00,11.0,11.0,6.0,8.0,8.0,10.0,9.0,12.0,8.0,13.0,9.0,7.0,12.0,6.0,13.0,4.0,6.0,8.0
2023-05-13T02:03:00-05:00,11.0,11.0,7.0,9.0,9.0,9.0,10.0,11.0,8.0,13.0,9.0,7.0,12.0,7.0,12.0,4.0,6.0,8.0
2023-05-13T02:03:30-05:00,11.0,11.0,7.0,9.0,8.0,10.0,10.0,12.0,8.0,13.0,10.0,7.0,12.0,6.0,13.0,4.0,6.0,9.0
2023-05-13T02:04:00-05:00,11.0,12.0,7.0,12.0,8.0,10.0,,11.0,8.0,13.0,10.0,7.0,12.0,7.0,13.0,5.0,6.0,9.0
2023-05-13T02:04:30-05:00,11.0,11.0,7.0,12.0,8.0,11.0,10.0,11.0,8.0,12.0,9.0,7.0,12.0,7.0,13.0,5.0,6.0,9.0
2023-05-13T02:05:00-05:00,11.0,11.0,7.0,12.0,8.0,12.0,10.0,12.0,8.0,12.0,9.0,7.0,12.0,6.0,12.0,6.0,7.0,8.0
2023-05-13T02:05:30-05:00,11.0,12.0,7.0,12.0,8.0,10.0,9.0,12.0,8.0,13.0,9.0,7.0,12.0,7.0,13.0,6.0,6.0,8.0
2023-05-13T02:06:00-05:00,11.0,10.0,7.0,12.0,8.0,10.0,9.0,11.0,8.0,13.0,9.0,7.0,11.0,6.0,13.0,5.0,7.0,8.0
2023-05-13T02:06:30-05:00,11.0,11.0,7.0,13.0,9.0,8.0,10.0,12.0,8.0,13.0,10.0,7.0,11.0,7.0,12.0,6.0,7.0,9.0
2023-05-13T02:07:00-05:00,11.0,10.0,7.0,12.0,8.0,8.0,10.0,11.0,8.0,12.0,9.0,8.0,12.0,6.0,12.0,5.0,6.0,9.0
2023-05-13T02:07:30-05:00,11.0,11.0,7.0,12.0,8.0,7.0,10.0,11.0,8.0,12.0,9.0,7.0,12.0,6.0,12.0,7.0,6.0,9.0
2023-05-13T02:08:00-05:00,11.0,11.0,7.0,10.0,8.0,7.0,9.0,11.0,8.0,11.0,10.0,7.0,12.0,6.0,13.0,5.0,6.0,10.0
2023-05-13T02:08:30-05:00,11.0,12.0,7.0,10.0,8.0,7.0,9.0,12.0,8.0,11.0,9.0,7.0,12.0,6.0,12.0,7.0,6.0,9.0
2023-05-13T02:09:00-05:00,11.0,11.0,7.0,9.0,8.0,6.0,10.0,11.0,8.0,11.0,9.0,7.0,13.0,7.0,12.0,4.0,6.0,9.0
2023-05-13T02:09:30-05:00,11.0,11.0,7.0,9.0,8.0,7.0,8.0,11.0,8.0,10.0,10.0,7.0,12.0,6.0,12.0,4.0,7.0,9.0
2023-05-13T02:10:00-05:00,11.0,12.0,7.0,10.0,7.0,6.0,7.0,11.0,8.0,9.0,9.0,7.0,12.0,6.0,13.0,5.0,8.0,9.0
2023-05-13T02:10:30-05:00,11.0,11.0,7.0,10.0,7.0,6.0,7.0,10.0,8.0,9.0,10.0,8.0,12.0,7.0,13.0,6.0,7.0,10.0
2023-05-13T02:11:00-05:00,11.0,11.0,7.0,10.0,8.0,5.0,7.0,11.0,8.0,9.0,10.0,7.0,12.0,7.0,12.0,6.0,6.0,10.0
2023-05-13T02:11:30-05:00,11.0,12.0,7.0,9.0,8.0,6.0,7.0,11.0,8.0,9.0,10.0,8.0,12.0,7.0,11.0,6.0,6.0,11.0
2023-05-13T02:12:00-05:00,11.0,10.0,6.0,11.0,8.0,6.0,8.0,10.0,8.0,10.0,9.0,8.0,12.0,7.0,13.0,5.0,6.0,11.0
2023-05-13T02:12:30-05:00,11.0,11.0,6.0,11.0,8.0,6.0,7.0,10.0,8.0,9.0,9.0,7.0,12.0,7.0,12.0,7.0,6.0,11.0
2023-05-13T02:13:00-05:00,11.0,10.0,7.0,10.0,8.0,6.0,7.0,10.0,8.0,10.0,9.0,7.0,12.0,7.0,13.0,8.0,6.0,11.0
2023-05-13T02:14:00-05:00,11.0,11.0,7.0,10.0,,6.0,7.0,11.0,8.0,9.0,9.0,8.0,12.0,6.0,12.0,5.0,6.0,10.0
2023-05-13T02:14:30-05:00,11.0,11.0,7.0,10.0,8.0,7.0,7.0,10.0,8.0,10.0,8.0,8.0,13.0,7.0,12.0,3.0,6.0,9.0
2023-05-13T02:15:00-05:00,11.0,11.0,7.0,10.0,9.0,7.0,6.0,10.0,8.0,9.0,9.0,8.0,12.0,7.0,13.0,5.0,6.0,10.0
2023-05-13T02:15:30-05:00,11.0,12.0,7.0,10.0,8.0,7.0,7.0,9.0,8.0,9.0,10.0,8.0,11.0,7.0,12.0,7.0,6.0,9.0
2023-05-13T02:16:00-05:00,11.0,11.0,7.0,10.0,7.0,6.0,7.0,10.0,8.0,9.0,9.0,7.0,12.0,6.0,13.0,5.0,6.0,10.0
2023-05-13T02:16:30-05:00,11.0,11.0,8.0,10.0,7.0,7.0,7.0,9.0,8.0,9.0,8.0,7.0,11.0,7.0,13.0,4.0,6.0,10.0
2023-05-13T02:17:00-05:00,11.0,11.0,7.0,9.0,8.0,7.0,7.0,10.0,8.0,9.0,8.0,8.0,11.0,7.0,12.0,5.0,6.0,10.0
2023-05-13T02:17:30-05:00,11.0,10.0,6.0,10.0,8.0,7.0,6.0,10.0,8.0,10.0,9.0,8.0,12.0,6.0,12.0,6.0,6.0,10.0
2023-05-13T02:18:00-05:00,11.0,11.0,6.0,9.0,7.0,7.0,6.0,9.0,8.0,9.0,9.0,7.0,11.0,6.0,12.0,6.0,6.0,10.0
2023-05-13T02:18:30-05:00,11.0,11.0,7.0,9.0,8.0,7.0,7.0,9.0,8.0,10.0,10.0,8.0,13.0,6.0,12.0,4.0,6.0,10.0
2023-05-13T02:19:00-05:00,11.0,11.0,6.0,10.0,7.0,8.0,7.0,9.0,8.0,10.0,9.0,7.0,13.0,7.0,12.0,6.0,6.0,10.0
2023-05-13T02:19:30-05:00,11.0,11.0,6.0,11.0,8.0,9.0,6.0,10.0,8.0,9.0,9.0,8.0,12.0,6.0,12.0,7.0,6.0,11.0
2023-05-13T02:20:00-05:00,11.0,11.0,6.0,11.0,8.0,8.0,6.0,9.0,8.0,8.0,9.0,7.0,13.0,6.0,12.0,7.0,6.0,10.0
2023-05-13T02:20:30-05:00,11.0,10.0,7.0,11.0,8.0,7.0,6.0,9.0,8.0,8.0,8.0,7.0,12.0,7.0,13.0,8.0,6.0,11.0
2023-05-13T02:21:00-05:00,11.0,10.0,7.0,9.0,7.0,7.0,6.0,9.0,8.0,9.0,8.0,8.0,12.0,7.0,13.0,6.0,5.0,12.0
2023-05-13T02:21:30-05:00,11.0,10.0,6.0,10.0,7.0,7.0,7.0,9.0,8.0,9.0,8.0,9.0,12.0,6.0,12.0,7.0,6.0,11.0
2023-05-13T02:22:00-05:00,11.0,11.0,6.0,9.0,7.0,8.0,9.0,9.0,8.0,9.0,9.0,8.0,13.0,6.0,13.0,7.0,6.0,11.0
2023-05-13T02:22:30-05:00,11.0,10.0,7.0,10.0,9.0,7.0,10.0,9.0,8.0,8.0,9.0,8.0,13.0,7.0,13.0,8.0,6.0,11.0
2023-05-13T02:23:00-05:00,11.0,11.0,7.0,10.0,7.0,8.0,10.0,7.0,8.0,9.0,10.0,8.0,12.0,7.0,13.0,4.0,6.0,11.0
2023-05-13T02:23:30-05:00,11.0,11.0,6.0,9.0,7.0,8.0,9.0,8.0,8.0,9.0,9.0,8.0,13.0,6.0,13.0,7.0,7.0,11.0
2023-05-13T02:24:00-05:00,11.0,12.0,7.0,9.0,7.0,8.0,9.0,8.0,8.0,9.0,9.0,9.0,12.0,6.0,12.0,7.0,6.0,10.0
2023-05-13T02:24:30-05:00,11.0,11.0,8.0,9.0,7.0,9.0,7.0,8.0,8.0,9.0,9.0,9.0,12.0,6.0,13.0,6.0,5.0,11.0
2023-05-13T02:25:00-05:00,11.0,11.0,7.0,10.0,7.0,8.0,6.0,8.0,8.0,8.0,9.0,9.0,12.0,6.0,13.0,5.0,6.0,11.0
2023-05-13T02:25:30-05:00,11.0,11.0,7.0,9.0,8.0,8.0,6.0,8.0,8.0,8.0,9.0,9.0,12.0,6.0,12.0,7.0,6.0,11.0
2023-05-13T02:26:00-05:00,11.0,11.0,7.0,8.0,8.0,9.0,5.0,8.0,8.0,8.0,9.0,9.0,11.0,7.0,13.0,5.0,6.0,11.0
2023-05-13T02:26:30-05:00,11.0,11.0,7.0,8.0,8.0,9.0,5.0,8.0,8.0,9.0,9.0,10.0,12.0,7.0,13.0,5.0,6.0,12.0
2023-05-13T02:27:00-05:00,11.0,11.0,7.0,9.0,7.0,8.0,6.0,7.0,,9.0,10.0,9.0,13.0,7.0,12.0,7.0,6.0,11.0
2023-05-13T02:27:30-05:00,11.0,11.0,7.0,9.0,8.0,8.0,5.0,9.0,8.0,9.0,9.0,9.0,13.0,7.0,12.0,5.0,6.0,11.0
2023-05-13T02:28:00-05:00,11.0,11.0,7.0,8.0,7.0,9.0,6.0,8.0,8.0,9.0,9.0,8.0,13.0,7.0,14.0,8.0,6.0,11.0
2023-05-13T02:28:30-05:00,11.0,10.0,7.0,8.0,8.0,9.0,6.0,7.0,8.0,9.0,9.0,9.0,13.0,6.0,12.0,7.0,6.0,11.0
2023-05-13T02:29:00-05:00,11.0,11.0,7.0,9.0,7.0,9.0,6.0,8.0,,8.0,7.0,9.0,13.0,6.0,12.0,6.0,6.0,11.0
2023-05-13T02:29:30-05:00,11.0,11.0,6.0,8.0,7.0,9.0,5.0,7.0,8.0,9.0,7.0,9.0,14.0,7.0,13.0,7.0,6.0,10.0
2023-05-13T02:30:00-05:00,11.0,11.0,7.0,,8.0,9.0,6.0,7.0,,9.0,8.0,9.0,13.0,6.0,13.0,7.0,6.0,11.0
2023-05-13T02:30:30-05:00,11.0,11.0,7.0,9.0,7.0,9.0,7.0,6.0,8.0,9.0,7.0,9.0,13.0,7.0,12.0,7.0,5.0,11.0
2023-05-13T02:31:00-05:00,11.0,11.0,7.0,9.0,8.0,10.0,7.0,8.0,8.0,9.0,8.0,9.0,12.0,7.0,12.0,7.0,5.0,12.0
2023-05-13T02:31:30-05:00,11.0,12.0,7.0,8.0,8.0,9.0,7.0,7.0,8.0,8.0,8.0,9.0,14.0,7.0,13.0,7.0,5.0,10.0
2023-05-13T02:32:00-05:00,11.0,11.0,7.0,8.0,7.0,9.0,7.0,7.0,8.0,9.0,9.0,7.0,12.0,6.0,12.0,6.0,6.0,11.0
2023-05-13T02:32:30-05:00,11.0,11.0,8.0,9.0,7.0,9.0,7.0,7.0,,8.0,7.0,8.0,14.0,6.0,13.0,7.0,5.0,11.0
2023-05-13T02:33:00-05:00,11.0,11.0,8.0,9.0,7.0,8.0,6.0,7.0,8.0,8.0,8.0,8.0,14.0,7.0,13.0,5.0,6.0,11.0
2023-05-13T02:33:30-05:00,11.0,10.0,7.0,10.0,8.0,9.0,6.0,7.0,8.0,9.0,7.0,8.0,12.0,7.0,12.0,7.0,6.0,12.0
2023-05-13T02:34:00-05:00,11.0,10.0,7.0,9.0,8.0,8.0,6.0,6.0,,9.0,7.0,9.0,14.0,7.0,12.0,7.0,6.0,10.0
2023-05-13T02:34:30-05:00,11.0,11.0,7.0,9.0,7.0,9.0,6.0,7.0,8.0,9.0,8.0,8.0,14.0,6.0,13.0,5.0,6.0,10.0
2023-05-13T02:35:00-05:00,11.0,11.0,7.0,10.0,8.0,9.0,,7.0,8.0,9.0,6.0,8.0,14.0,7.0,12.0,7.0,6.0,11.0
2023-05-13T02:35:30-05:00,11.0,10.0,7.0,9.0,7.0,9.0,6.0,7.0,,9.0,8.0,8.0,14.0,7.0,12.0,8.0,6.0,11.0
2023-05-13T02:36:00-05:00,11.0,11.0,7.0,9.0,7.0,9.0,6.0,7.0,8.0,8.0,8.0,9.0,13.0,6.0,13.0,8.0,5.0,11.0
2023-05-13T02:36:30-05:00,11.0,11.0,7.0,8.0,7.0,10.0,6.0,7.0,8.0,9.0,8.0,9.0,14.0,7.0,13.0,6.0,6.0,11.0
2023-05-13T02:37:00-05:00,11.0,12.0,7.0,8.0,7.0,10.0,7.0,8.0,8.0,9.0,7.0,9.0,14.0,7.0,13.0,7.0,5.0,11.0
2023-05-13T02:37:30-05:00,11.0,11.0,8.0,8.0,8.0,10.0,6.0,7.0,8.0,8.0,7.0,9.0,13.0,7.0,14.0,6.0,6.0,11.0
2023-05-13T02:38:00-05:00,11.0,11.0,8.0,9.0,8.0,10.0,6.0,6.0,8.0,9.0,7.0,8.0,13.0,7.0,12.0,5.0,6.0,11.0
2023-05-13T02:38:30-05:00,11.0,12.0,8.0,10.0,8.0,10.0,6.0,7.0,8.0,8.0,7.0,8.0,13.0,6.0,12.0,5.0,6.0,10.0
2023-05-13T02:39:00-05:00,11.0,12.0,7.0,11.0,8.0,10.0,6.0,7.0,8.0,9.0,6.0,8.0,13.0,6.0,12.0,6.0,5.0,11.0
2023-05-13T02:39:30-05:00,11.0,11.0,7.0,10.0,8.0,9.0,6.0,7.0,8.0,10.0,8.0,9.0,13.0,6.0,13.0,7.0,6.0,11.0
2023-05-13T02:40:00-05:00,11.0,10.0,6.0,11.0,8.0,10.0,6.0,6.0,8.0,9.0,8.0,9.0,12.0,7.0,14.0,6.0,6.0,10.0
2023-05-13T02:40:30-05:00,11.0,11.0,7.0,12.0,8.0,10.0,6.0,7.0,8.0,9.0,7.0,9.0,14.0,6.0,14.0,6.0,6.0,11.0
2023-05-13T02:41:00-05:00,11.0,12.0,7.0,11.0,8.0,10.0,6.0,7.0,8.0,10.0,8.0,8.0,12.0,6.0,14.0,6.0,5.0,11.0
2023-05-13T02:41:30-05:00,11.0,11.0,7.0,12.0,8.0,9.0,6.0,7.0,8.0,9.0,7.0,8.0,13.0,7.0,12.0,6.0,5.0,11.0
2023-05-13T02:42:30-05:00,11.0,11.0,8.0,13.0,,9.0,8.0,7.0,8.0,9.0,7.0,9.0,12.0,7.0,14.0,5.0,6.0,11.0
2023-05-13T02:43:00-05:00,11.0,12.0,7.0,15.0,8.0,10.0,7.0,8.0,8.0,9.0,7.0,8.0,13.0,6.0,13.0,,5.0,11.0
2023-05-13T02:43:30-05:00,11.0,11.0,6.0,16.0,8.0,10.0,7.0,7.0,8.0,10.0,6.0,9.0,12.0,7.0,14.0,5.0,6.0,10.0
2023-05-13T02:44:00-05:00,11.0,11.0,7.0,14.0,9.0,10.0,7.0,7.0,8.0,9.0,6.0,8.0,12.0,7.0,14.0,8.0,5.0,11.0
2023-05-13T02:44:30-05:00,11.0,12.0,7.0,15.0,8.0,10.0,7.0,7.0,8.0,9.0,7.0,8.0,13.0,7.0,14.0,6.0,5.0,10.0
2023-05-13T02:45:00-05:00,11.0,12.0,7.0,16.0,7.0,10.0,6.0,8.0,8.0,10.0,7.0,9.0,13.0,6.0,13.0,7.0,6.0,10.0
2023-05-13T02:45:30-05:00,11.0,11.0,7.0,15.0,8.0,11.0,8.0,7.0,8.0,9.0,6.0,8.0,13.0,7.0,14.0,6.0,6.0,10.0
2023-05-13T02:46:00-05:00,11.0,10.0,6.0,15.0,8.0,11.0,7.0,7.0,8.0,10.0,7.0,9.0,13.0,7.0,13.0,5.0,5.0,11.0
2023-05-13T02:46:30-05:00,11.0,11.0,8.0,16.0,8.0,10.0,7.0,7.0,8.0,9.0,7.0,9.0,13.0,7.0,13.0,7.0,5.0,12.0
2023-05-13T02:47:00-05:00,11.0,11.0,7.0,15.0,9.0,10.0,7.0,7.0,8.0,9.0,6.0,9.0,14.0,7.0,14.0,5.0,5.0,11.0
2023-05-13T02:47:30-05:00,11.0,10.0,7.0,15.0,8.0,10.0,6.0,11.0,8.0,9.0,6.0,8.0,13.0,7.0,13.0,5.0,6.0,11.0
2023-05-13T02:48:00-05:00,11.0,11.0,6.0,17.0,8.0,10.0,7.0,11.0,8.0,9.0,7.0,8.0,13.0,6.0,13.0,6.0,6.0,11.0
2023-05-13T02:48:30-05:00,11.0,11.0,7.0,15.0,9.0,11.0,7.0,7.0,8.0,10.0,6.0,8.0,13.0,7.0,13.0,6.0,6.0,11.0
2023-05-13T02:49:00-05:00,11.0,12.0,7.0,14.0,9.0,9.0,6.0,6.0,8.0,9.0,6.0,8.0,12.0,7.0,12.0,6.0,6.0,12.0
2023-05-13T02:49:30-05:00,11.0,11.0,7.0,15.0,8.0,10.0,7.0,7.0,8.0,9.0,7.0,9.0,13.0,6.0,12.0,6.0,6.0,11.0
2023-05-13T02:50:00-05:00,11.0,11.0,8.0,16.0,8.0,11.0,6.0,6.0,8.0,10.0,6.0,9.0,12.0,7.0,12.0,6.0,5.0,10.0
2023-05-13T02:50:30-05:00,11.0,10.0,7.0,16.0,9.0,10.0,6.0,7.0,8.0,9.0,5.0,9.0,12.0,6.0,12.0,6.0,5.0,11.0
2023-05-13T02:51:00-05:00,11.0,12.0,7.0,16.0,8.0,11.0,6.0,7.0,8.0,10.0,6.0,9.0,12.0,7.0,12.0,5.0,6.0,10.0
2023-05-13T02:51:30-05:00,11.0,11.0,7.0,14.0,8.0,11.0,7.0,7.0,8.0,10.0,7.0,8.0,11.0,7.0,13.0,7.0,6.0,11.0
2023-05-13T02:52:00-05:00,11.0,11.0,7.0,14.0,8.0,11.0,7.0,6.0,8.0,10.0,6.0,9.0,11.0,7.0,12.0,7.0,6.0,11.0
2023-05-13T02:52:30-05:00,11.0,11.0,7.0,14.0,9.0,11.0,7.0,7.0,8.0,10.0,6.0,9.0,12.0,7.0,12.0,6.0,6.0,11.0
2023-05-13T02:53:00-05:00,11.0,10.0,7.0,15.0,9.0,11.0,7.0,7.0,8.0,9.0,6.0,9.0,13.0,7.0,12.0,7.0,6.0,11.0
2023-05-13T02:53:30-05:00,11.0,10.0,6.0,14.0,9.0,11.0,6.0,7.0,8.0,9.0,6.0,9.0,12.0,7.0,12.0,4.0,6.0,11.0
2023-05-13T02:54:00-05:00,11.0,11.0,6.0,14.0,9.0,11.0,6.0,6.0,8.0,9.0,6.0,8.0,11.0,7.0,12.0,8.0,6.0,11.0
2023-05-13T02:54:30-05:00,11.0,10.0,6.0,14.0,8.0,12.0,7.0,7.0,8.0,9.0,6.0,9.0,11.0,7.0,13.0,6.0,6.0,10.0
2023-05-13T02:55:00-05:00,11.0,11.0,7.0,15.0,9.0,11.0,7.0,6.0,8.0,9.0,7.0,9.0,12.0,6.0,12.0,7.0,5.0,11.0
2023-05-13T02:55:30-05:00,11.0,10.0,6.0,16.0,9.0,12.0,6.0,7.0,8.0,10.0,6.0,9.0,12.0,7.0,13.0,9.0,6.0,11.0
2023-05-13T02:56:00-05:00,11.0,12.0,7.0,14.0,9.0,11.0,6.0,8.0,8.0,11.0,6.0,9.0,12.0,6.0,13.0,7.0,6.0,11.0
2023-05-13T02:56:30-05:00,11.0,11.0,7.0,15.0,9.0,12.0,6.0,8.0,8.0,10.0,6.0,8.0,12.0,6.0,12.0,7.0,6.0,11.0
2023-05-13T02:57:00-05:00,11.0,11.0,7.0,15.0,8.0,12.0,6.0,8.0,8.0,10.0,6.0,9.0,12.0,6.0,12.0,8.0,7.0,11.0
2023-05-13T02:57:30-05:00,11.0,10.0,7.0,15.0,9.0,11.0,6.0,8.0,8.0,9.0,7.0,9.0,11.0,7.0,12.0,6.0,5.0,10.0
2023-05-13T02:58:00-05:00,11.0,11.0,7.0,13.0,8.0,11.0,6.0,7.0,8.0,10.0,6.0,8.0,11.0,7.0,13.0,4.0,6.0,11.0
2023-05-13T02:58:30-05:00,11.0,11.0,7.0,13.0,8.0,13.0,6.0,7.0,8.0,10.0,6.0,9.0,12.0,7.0,12.0,6.0,6.0,11.0
2023-05-13T02:59:00-05:00,11.0,11.0,7.0,16.0,8.0,13.0,6.0,7.0,8.0,9.0,6.0,9.0,12.0,7.0,13.0,7.0,6.0,10.0
2023-05-13T02:59:30-05:00,11.0,10.0,7.0,15.0,9.0,12.0,6.0,8.0,8.0,9.0,6.0,8.0,12.0,7.0,13.0,6.0,6.0,11.0
2023-05-13T03:00:00-05:00,11.0,11.0,7.0,13.0,9.0,13.0,6.0,8.0,8.0,9.0,5.0,9.0,12.0,7.0,12.0,7.0,7.0,11.0
2023-05-13T03:00:30-05:00,11.0,11.0,6.0,15.0,8.0,12.0,5.0,7.0,8.0,8.0,6.0,9.0,12.0,8.0,12.0,6.0,6.0,11.0
2023-05-13T03:01:00-05:00,11.0,11.0,6.0,14.0,9.0,13.0,6.0,7.0,8.0,8.0,5.0,8.0,13.0,7.0,13.0,7.0,7.0,10.0
2023-05-13T03:01:30-05:00,11.0,11.0,6.0,14.0,8.0,,6.0,8.0,8.0,9.0,6.0,9.0,11.0,7.0,12.0,8.0,6.0,11.0
2023-05-13T03:02:00-05:00,11.0,10.0,7.0,14.0,8.0,12.0,5.0,8.0,8.0,9.0,6.0,9.0,12.0,7.0,13.0,5.0,6.0,11.0
2023-05-13T03:02:30-05:00,11.0,10.0,7.0,15.0,8.0,13.0,5.0,8.0,8.0,9.0,6.0,8.0,12.0,7.0,12.0,7.0,7.0,11.0
2023-05-13T03:03:00-05:00,11.0,10.0,8.0,13.0,9.0,11.0,6.0,8.0,8.0,9.0,6.0,8.0,13.0,7.0,12.0,8.0,6.0,10.0
2023-05-13T03:03:30-05:00,11.0,10.0,7.0,13.0,8.0,12.0,6.0,8.0,8.0,9.0,6.0,9.0,12.0,7.0,13.0,6.0,7.0,10.0
2023-05-13T03:04:00-05:00,11.0,11.0,8.0,13.0,8.0,12.0,6.0,9.0,8.0,9.0,6.0,8.0,12.0,7.0,13.0,7.0,7.0,10.0
2023-05-13T03:04:30-05:00,11.0,11.0,8.0,13.0,8.0,11.0,6.0,7.0,8.0,10.0,7.0,9.0,12.0,8.0,12.0,6.0,7.0,10.0
2023-05-13T03:05:00-05:00,11.0,10.0,7.0,11.0,8.0,12.0,7.0,7.0,8.0,10.0,6.0,8.0,12.0,7.0,12.0,5.0,6.0,10.0
2023-05-13T03:05:30-05:00,11.0,9.0,7.0,12.0,9.0,11.0,7.0,8.0,8.0,9.0,6.0,8.0,11.0,7.0,13.0,6.0,9.0,11.0
2023-05-13T03:06:00-05:00,11.0,9.0,7.0,12.0,9.0,12.0,7.0,8.0,8.0,9.0,6.0,9.0,12.0,7.0,12.0,7.0,7.0,10.0
2023-05-13T03:06:30-05:00,11.0,10.0,7.0,11.0,9.0,11.0,6.0,8.0,8.0,9.0,6.0,9.0,12.0,7.0,13.0,8.0,8.0,11.0
2023-05-13T03:07:00-05:00,11.0,10.0,7.0,11.0,9.0,13.0,7.0,8.0,8.0,10.0,6.0,9.0,11.0,7.0,13.0,7.0,8.0,11.0
2023-05-13T03:07:30-05:00,11.0,11.0,8.0,10.0,9.0,12.0,6.0,7.0,8.0,9.0,6.0,8.0,12.0,7.0,12.0,9.0,8.0,10.0
2023-05-13T03:08:00-05:00,11.0,10.0,8.0,11.0,9.0,13.0,7.0,7.0,8.0,10.0,6.0,9.0,12.0,6.0,13.0,8.0,7.0,10.0
2023-05-13T03:08:30-05:00,11.0,9.0,7.0,12.0,9.0,12.0,7.0,8.0,8.0,10.0,6.0,9.0,12.0,6.0,13.0,4.0,8.0,10.0
2023-05-13T03:09:00-05:00,11.0,10.0,7.0,12.0,9.0,13.0,7.0,9.0,8.0,9.0,6.0,9.0,12.0,7.0,14.0,7.0,6.0,11.0
2023-05-13T03:09:30-05:00,11.0,10.0,6.0,12.0,9.0,13.0,7.0,8.0,8.0,9.0,6.0,9.0,12.0,7.0,13.0,6.0,7.0,11.0
2023-05-13T03:10:00-05:00,11.0,9.0,7.0,11.0,,12.0,6.0,9.0,8.0,9.0,6.0,9.0,12.0,8.0,13.0,6.0,8.0,11.0
2023-05-13T03:10:30-05:00,11.0,10.0,7.0,10.0,10.0,12.0,7.0,8.0,8.0,9.0,6.0,9.0,12.0,7.0,13.0,5.0,7.0,13.0
2023-05-13T03:11:00-05:00,11.0,11.0,8.0,10.0,11.0,13.0,6.0,8.0,8.0,10.0,6.0,9.0,12.0,7.0,13.0,5.0,8.0,13.0
2023-05-13T03:11:30-05:00,11.0,10.0,8.0,10.0,10.0,12.0,7.0,8.0,8.0,8.0,5.0,9.0,12.0,7.0,13.0,5.0,7.0,14.0
2023-05-13T03:12:00-05:00,11.0,10.0,7.0,10.0,10.0,13.0,7.0,8.0,8.0,8.0,6.0,9.0,12.0,6.0,14.0,7.0,8.0,14.0
2023-05-13T03:12:30-05:00,11.0,10.0,7.0,11.0,10.0,12.0,6.0,9.0,8.0,9.0,6.0,8.0,13.0,7.0,14.0,5.0,8.0,14.0
2023-05-13T03:13:00-05:00,11.0,10.0,7.0,11.0,10.0,13.0,6.0,8.0,8.0,9.0,6.0,9.0,13.0,7.0,13.0,8.0,7.0,14.0
2023-05-13T03:13:30-05:00,11.0,10.0,8.0,10.0,11.0,11.0,6.0,9.0,8.0,9.0,5.0,9.0,11.0,7.0,13.0,6.0,8.0,14.0
2023-05-13T03:14:00-05:00,11.0,11.0,7.0,10.0,11.0,13.0,6.0,8.0,8.0,9.0,6.0,9.0,12.0,7.0,13.0,5.0,8.0,14.0
2023-05-13T03:14:30-05:00,11.0,10.0,7.0,9.0,11.0,,7.0,9.0,8.0,9.0,6.0,8.0,12.0,7.0,13.0,5.0,7.0,13.0
2023-05-13T03:15:00-05:00,11.0,10.0,7.0,10.0,10.0,26.0,7.0,8.0,8.0,9.0,6.0,9.0,12.0,7.0,14.0,6.0,7.0,14.0
2023-05-13T03:15:30-05:00,11.0,11.0,7.0,11.0,11.0,24.0,6.0,8.0,8.0,9.0,6.0,9.0,12.0,7.0,14.0,8.0,8.0,15.0
2023-05-13T03:16:00-05:00,11.0,11.0,7.0,14.0,12.0,24.0,6.0,8.0,8.0,9.0,6.0,9.0,13.0,7.0,13.0,8.0,7.0,14.0
2023-05-13T03:16:30-05:00,11.0,11.0,7.0,15.0,12.0,25.0,6.0,9.0,8.0,9.0,6.0,9.0,12.0,7.0,13.0,6.0,8.0,14.0
2023-05-13T03:17:00-05:00,11.0,11.0,7.0,13.0,12.0,,6.0,8.0,8.0,9.0,6.0,9.0,12.0,7.0,13.0,6.0,8.0,13.0
2023-05-13T03:17:30-05:00,11.0,11.0,7.0,14.0,12.0,26.0,7.0,8.0,8.0,9.0,,8.0,12.0,6.0,13.0,7.0,8.0,13.0
2023-05-13T03:18:00-05:00,11.0,10.0,8.0,13.0,12.0,26.0,6.0,8.0,8.0,9.0,6.0,8.0,11.0,6.0,13.0,5.0,8.0,13.0
2023-05-13T03:18:30-05:00,11.0,11.0,8.0,12.0,11.0,24.0,6.0,8.0,8.0,10.0,6.0,9.0,11.0,7.0,13.0,5.0,7.0,14.0
2023-05-13T03:19:30-05:00,11.0,10.0,7.0,11.0,11.0,23.0,6.0,8.0,8.0,9.0,5.0,9.0,12.0,7.0,13.0,6.0,7.0,
2023-05-13T03:20:00-05:00,11.0,10.0,7.0,11.0,12.0,21.0,6.0,9.0,8.0,10.0,6.0,9.0,14.0,7.0,13.0,6.0,7.0,14.0
2023-05-13T03:20:30-05:00,11.0,10.0,7.0,12.0,11.0,21.0,6.0,8.0,8.0,10.0,5.0,10.0,13.0,7.0,13.0,8.0,9.0,14.0
2023-05-13T03:21:00-05:00,11.0,10.0,7.0,11.0,13.0,19.0,6.0,8.0,8.0,9.0,6.0,10.0,12.0,6.0,13.0,7.0,7.0,14.0
2023-05-13T03:21:30-05:00,11.0,10.0,8.0,11.0,11.0,17.0,6.0,9.0,8.0,10.0,5.0,9.0,11.0,6.0,13.0,8.0,8.0,14.0
2023-05-13T03:22:00-05:00,11.0,9.0,7.0,11.0,12.0,15.0,5.0,9.0,8.0,10.0,6.0,9.0,13.0,7.0,13.0,7.0,8.0,14.0
2023-05-13T03:22:30-05:00,11.0,10.0,7.0,11.0,12.0,16.0,6.0,9.0,8.0,9.0,6.0,8.0,12.0,7.0,12.0,7.0,8.0,14.0
2023-05-13T03:23:00-05:00,11.0,10.0,7.0,11.0,12.0,16.0,6.0,9.0,8.0,10.0,5.0,9.0,11.0,6.0,13.0,6.0,8.0,15.0
2023-05-13T03:23:30-05:00,11.0,11.0,7.0,10.0,11.0,16.0,6.0,8.0,8.0,9.0,6.0,8.0,12.0,6.0,13.0,8.0,8.0,14.0
2023-05-13T03:24:00-05:00,11.0,11.0,7.0,10.0,12.0,14.0,6.0,8.0,8.0,10.0,6.0,9.0,12.0,7.0,13.0,7.0,7.0,14.0
2023-05-13T03:24:30-05:00,11.0,10.0,6.0,9.0,12.0,15.0,6.0,9.0,8.0,10.0,6.0,9.0,12.0,6.0,12.0,9.0,8.0,13.0
2023-05-13T03:25:00-05:00,11.0,10.0,7.0,9.0,11.0,16.0,7.0,8.0,8.0,11.0,7.0,9.0,13.0,7.0,14.0,9.0,8.0,13.0
2023-05-13T03:25:30-05:00,11.0,10.0,8.0,10.0,12.0,15.0,6.0,9.0,8.0,10.0,5.0,9.0,12.0,7.0,13.0,7.0,10.0,13.0
2023-05-13T03:26:00-05:00,11.0,11.0,7.0,10.0,11.0,14.0,7.0,9.0,8.0,10.0,6.0,8.0,12.0,6.0,12.0,10.0,9.0,13.0
2023-05-13T03:26:30-05:00,11.0,10.0,8.0,10.0,11.0,14.0,7.0,9.0,8.0,10.0,6.0,9.0,12.0,7.0,13.0,9.0,9.0,15.0
2023-05-13T03:27:00-05:00,11.0,10.0,7.0,10.0,12.0,13.0,7.0,8.0,8.0,10.0,5.0,9.0,12.0,6.0,13.0,9.0,10.0,14.0
2023-05-13T03:27:30-05:00,11.0,10.0,7.0,9.0,10.0,,6.0,8.0,8.0,12.0,6.0,9.0,12.0,7.0,13.0,8.0,9.0,14.0
2023-05-13T03:28:00-05:00,11.0,11.0,7.0,9.0,11.0,13.0,7.0,8.0,8.0,12.0,6.0,8.0,13.0,7.0,13.0,7.0,9.0,14.0
2023-05-13T03:28:30-05:00,11.0,11.0,6.0,9.0,11.0,14.0,7.0,9.0,8.0,10.0,7.0,9.0,12.0,7.0,13.0,8.0,8.0,13.0
2023-05-13T03:29:00-05:00,11.0,10.0,7.0,9.0,11.0,13.0,7.0,9.0,8.0,11.0,6.0,9.0,12.0,6.0,14.0,8.0,9.0,14.0
2023-05-13T03:29:30-05:00,11.0,11.0,6.0,10.0,11.0,13.0,7.0,9.0,8.0,11.0,6.0,8.0,13.0,7.0,13.0,8.0,9.0,14.0
2023-05-13T03:30:00-05:00,11.0,11.0,7.0,9.0,11.0,13.0,7.0,8.0,8.0,10.0,6.0,9.0,12.0,7.0,14.0,10.0,9.0,15.0
2023-05-13T03:30:30-05:00,11.0,11.0,8.0,9.0,11.0,13.0,7.0,9.0,8.0,10.0,6.0,9.0,13.0,7.0,13.0,7.0,9.0,15.0
2023-05-13T03:31:00-05:00,11.0,11.0,8.0,9.0,11.0,12.0,7.0,9.0,8.0,10.0,6.0,9.0,12.0,7.0,13.0,9.0,9.0,14.0
2023-05-13T03:31:30-05:00,11.0,11.0,6.0,10.0,11.0,18.0,7.0,9.0,8.0,10.0,6.0,9.0,12.0,7.0,14.0,9.0,9.0,14.0
2023-05-13T03:32:00-05:00,11.0,11.0,7.0,9.0,12.0,16.0,7.0,9.0,8.0,11.0,7.0,9.0,12.0,7.0,13.0,9.0,9.0,13.0
2023-05-13T03:32:30-05:00,11.0,11.0,6.0,9.0,11.0,18.0,6.0,9.0,8.0,10.0,6.0,10.0,12.0,7.0,13.0,7.0,9.0,14.0
2023-05-13T03:33:00-05:00,11.0,12.0,6.0,9.0,12.0,16.0,7.0,9.0,8.0,10.0,6.0,10.0,12.0,7.0,13.0,8.0,9.0,14.0
2023-05-13T03:33:30-05:00,11.0,12.0,7.0,8.0,12.0,15.0,7.0,9.0,8.0,10.0,6.0,9.0,13.0,8.0,12.0,9.0,9.0,13.0
2023-05-13T03:34:00-05:00,11.0,12.0,8.0,9.0,11.0,14.0,7.0,8.0,8.0,10.0,5.0,9.0,13.0,7.0,13.0,9.0,9.0,14.0
2023-05-13T03:34:30-05:00,11.0,11.0,7.0,9.0,12.0,15.0,7.0,9.0,8.0,11.0,6.0,9.0,12.0,7.0,14.0,9.0,10.0,13.0
2023-05-13T03:35:00-05:00,11.0,11.0,7.0,10.0,12.0,14.0,6.0,9.0,8.0,10.0,6.0,9.0,13.0,7.0,12.0,8.0,8.0,13.0
2023-05-13T03:35:30-05:00,11.0,11.0,7.0,9.0,11.0,17.0,6.0,9.0,8.0,11.0,6.0,9.0,12.0,7.0,12.0,7.0,9.0,15.0
2023-05-13T03:36:00-05:00,11.0,12.0,8.0,9.0,11.0,18.0,7.0,9.0,8.0,11.0,6.0,9.0,12.0,7.0,12.0,10.0,10.0,13.0
2023-05-13T03:36:30-05:00,11.0,13.0,8.0,8.0,11.0,17.0,7.0,10.0,8.0,11.0,6.0,10.0,13.0,7.0,13.0,8.0,10.0,14.0
2023-05-13T03:37:00-05:00,11.0,13.0,7.0,8.0,11.0,16.0,7.0,10.0,8.0,11.0,5.0,9.0,12.0,6.0,12.0,9.0,10.0,13.0
2023-05-13T03:37:30-05:00,11.0,12.0,7.0,9.0,,14.0,7.0,10.0,8.0,11.0,6.0,9.0,12.0,7.0,12.0,8.0,10.0,13.0
2023-05-13T03:38:00-05:00,11.0,13.0,8.0,9.0,12.0,14.0,7.0,9.0,8.0,11.0,6.0,8.0,12.0,8.0,12.0,9.0,11.0,12.0
2023-05-13T03:38:30-05:00,11.0,13.0,7.0,9.0,12.0,13.0,7.0,9.0,8.0,10.0,6.0,9.0,12.0,7.0,12.0,9.0,10.0,12.0
2023-05-13T03:39:00-05:00,11.0,13.0,8.0,9.0,12.0,13.0,8.0,10.0,8.0,11.0,6.0,9.0,13.0,7.0,12.0,7.0,10.0,12.0
2023-05-13T03:39:30-05:00,11.0,12.0,7.0,10.0,14.0,15.0,6.0,10.0,8.0,11.0,6.0,8.0,12.0,7.0,13.0,7.0,10.0,12.0
2023-05-13T03:40:00-05:00,11.0,12.0,7.0,9.0,14.0,14.0,7.0,9.0,8.0,11.0,6.0,9.0,12.0,7.0,13.0,7.0,10.0,13.0
2023-05-13T03:40:30-05:00,11.0,13.0,7.0,9.0,14.0,13.0,7.0,9.0,8.0,11.0,6.0,10.0,11.0,7.0,12.0,8.0,12.0,12.0
2023-05-13T03:41:00-05:00,11.0,13.0,9.0,9.0,14.0,14.0,7.0,9.0,8.0,12.0,6.0,9.0,12.0,7.0,13.0,8.0,11.0,12.0
2023-05-13T03:41:30-05:00,11.0,13.0,8.0,10.0,13.0,14.0,7.0,9.0,8.0,12.0,6.0,10.0,13.0,7.0,13.0,8.0,11.0,12.0
2023-05-13T03:42:00-05:00,11.0,12.0,7.0,10.0,15.0,18.0,7.0,9.0,8.0,12.0,6.0,9.0,13.0,7.0,13.0,9.0,11.0,12.0
2023-05-13T03:42:30-05:00,11.0,12.0,7.0,10.0,15.0,21.0,7.0,9.0,8.0,12.0,6.0,9.0,12.0,7.0,14.0,9.0,10.0,11.0
2023-05-13T03:43:00-05:00,11.0,12.0,6.0,9.0,15.0,22.0,6.0,8.0,8.0,10.0,6.0,9.0,12.0,7.0,13.0,7.0,10.0,11.0
2023-05-13T03:43:30-05:00,11.0,12.0,6.0,11.0,16.0,20.0,7.0,10.0,8.0,12.0,6.0,10.0,12.0,7.0,13.0,9.0,11.0,10.0
2023-05-13T03:44:00-05:00,11.0,13.0,6.0,10.0,14.0,20.0,8.0,10.0,8.0,12.0,6.0,11.0,12.0,7.0,12.0,8.0,12.0,11.0
2023-05-13T03:44:30-05:00,11.0,13.0,7.0,10.0,15.0,18.0,8.0,10.0,8.0,12.0,6.0,10.0,11.0,7.0,12.0,8.0,11.0,11.0
2023-05-13T03:45:00-05:00,11.0,13.0,7.0,10.0,16.0,15.0,7.0,10.0,8.0,11.0,6.0,9.0,11.0,7.0,13.0,8.0,10.0,11.0
2023-05-13T03:45:30-05:00,11.0,12.0,7.0,11.0,15.0,17.0,7.0,9.0,8.0,11.0,5.0,12.0,12.0,7.0,13.0,10.0,12.0,10.0
2023-05-13T03:46:00-05:00,11.0,13.0,7.0,11.0,16.0,17.0,7.0,9.0,8.0,11.0,6.0,12.0,12.0,8.0,12.0,11.0,12.0,11.0
2023-05-13T03:47:00-05:00,11.0,13.0,7.0,11.0,16.0,14.0,8.0,9.0,8.0,11.0,7.0,12.0,12.0,7.0,12.0,9.0,11.0,
2023-05-13T03:47:30-05:00,11.0,12.0,6.0,11.0,15.0,14.0,7.0,9.0,8.0,10.0,6.0,12.0,12.0,6.0,13.0,13.0,12.0,12.0
2023-05-13T03:48:00-05:00,11.0,13.0,6.0,11.0,15.0,17.0,8.0,9.0,8.0,10.0,6.0,13.0,12.0,7.0,11.0,10.0,12.0,12.0
2023-05-13T03:48:30-05:00,11.0,14.0,7.0,11.0,16.0,18.0,8.0,9.0,8.0,10.0,7.0,13.0,12.0,7.0,12.0,12.0,12.0,11.0
2023-05-13T03:49:00-05:00,11.0,14.0,7.0,11.0,17.0,18.0,8.0,9.0,8.0,11.0,7.0,13.0,12.0,7.0,13.0,10.0,11.0,12.0
2023-05-13T03:49:30-05:00,11.0,12.0,6.0,11.0,17.0,,9.0,9.0,8.0,11.0,8.0,12.0,13.0,7.0,13.0,12.0,11.0,12.0
2023-05-13T03:50:00-05:00,11.0,13.0,7.0,11.0,17.0,,8.0,9.0,8.0,11.0,7.0,13.0,12.0,6.0,13.0,14.0,11.0,12.0
2023-05-13T03:50:30-05:00,11.0,14.0,7.0,11.0,15.0,,9.0,8.0,8.0,10.0,8.0,12.0,12.0,7.0,12.0,10.0,11.0,11.0
2023-05-13T03:51:00-05:00,11.0,13.0,7.0,11.0,17.0,,9.0,9.0,8.0,10.0,9.0,12.0,13.0,7.0,12.0,12.0,12.0,12.0
2023-05-13T03:51:30-05:00,11.0,13.0,7.0,12.0,17.0,,9.0,9.0,8.0,10.0,10.0,12.0,12.0,7.0,12.0,10.0,12.0,12.0
2023-05-13T03:52:00-05:00,11.0,13.0,8.0,11.0,16.0,,9.0,9.0,8.0,10.0,8.0,13.0,13.0,7.0,12.0,10.0,12.0,12.0
2023-05-13T03:52:30-05:00,11.0,12.0,7.0,11.0,17.0,,9.0,9.0,8.0,11.0,8.0,13.0,13.0,7.0,13.0,11.0,13.0,13.0
2023-05-13T03:53:00-05:00,11.0,14.0,7.0,11.0,16.0,,10.0,10.0,8.0,10.0,7.0,13.0,12.0,7.0,13.0,11.0,12.0,11.0
2023-05-13T03:53:30-05:00,11.0,13.0,7.0,12.0,16.0,,10.0,9.0,8.0,10.0,7.0,13.0,13.0,6.0,13.0,11.0,12.0,11.0
2023-05-13T03:54:00-05:00,11.0,13.0,7.0,12.0,16.0,,9.0,8.0,8.0,10.0,7.0,13.0,12.0,7.0,13.0,12.0,12.0,11.0
2023-05-13T03:54:30-05:00,11.0,13.0,7.0,11.0,16.0,,9.0,9.0,8.0,10.0,7.0,13.0,13.0,8.0,13.0,13.0,11.0,10.0
2023-05-13T03:55:00-05:00,11.0,13.0,6.0,12.0,16.0,,10.0,9.0,8.0,10.0,7.0,13.0,12.0,7.0,12.0,,11.0,12.0
2023-05-13T03:55:30-05:00,11.0,13.0,7.0,12.0,16.0,,10.0,9.0,8.0,11.0,8.0,13.0,12.0,7.0,12.0,10.0,14.0,11.0
2023-05-13T03:56:00-05:00,11.0,14.0,8.0,12.0,16.0,,10.0,8.0,8.0,11.0,7.0,12.0,12.0,8.0,14.0,14.0,13.0,11.0
2023-05-13T03:56:30-05:00,11.0,13.0,7.0,13.0,16.0,,10.0,9.0,8.0,11.0,7.0,12.0,13.0,8.0,13.0,14.0,13.0,9.0
2023-05-13T03:57:00-05:00,11.0,14.0,7.0,12.0,16.0,,10.0,9.0,8.0,11.0,7.0,13.0,12.0,6.0,12.0,13.0,12.0,11.0
2023-05-13T03:57:30-05:00,11.0,13.0,7.0,12.0,16.0,,10.0,9.0,8.0,9.0,8.0,13.0,12.0,6.0,12.0,14.0,12.0,11.0
2023-05-13T03:58:00-05:00,11.0,13.0,7.0,12.0,15.0,21.0,11.0,8.0,8.0,9.0,7.0,12.0,12.0,7.0,12.0,15.0,13.0,10.0
2023-05-13T03:58:30-05:00,11.0,13.0,7.0,13.0,16.0,18.0,10.0,8.0,8.0,10.0,7.0,13.0,12.0,7.0,12.0,,13.0,11.0
2023-05-13T03:59:00-05:00,11.0,13.0,6.0,12.0,15.0,21.0,10.0,9.0,8.0,10.0,8.0,12.0,12.0,6.0,12.0,15.0,13.0,11.0
2023-05-13T03:59:30-05:00,11.0,14.0,6.0,13.0,15.0,16.0,10.0,9.0,8.0,10.0,8.0,13.0,12.0,7.0,12.0,14.0,12.0,11.0
2023-05-13T04:00:00-05:00,11.0,13.0,8.0,12.0,15.0,11.0,11.0,9.0,8.0,10.0,8.0,12.0,12.0,6.0,13.0,9.0,13.0,10.0
2023-05-13T04:00:30-05:00,11.0,14.0,8.0,13.0,15.0,8.0,10.0,8.0,8.0,10.0,9.0,12.0,11.0,7.0,12.0,15.0,12.0,10.0
2023-05-13T04:01:00-05:00,11.0,13.0,7.0,11.0,15.0,8.0,10.0,9.0,8.0,11.0,8.0,12.0,11.0,7.0,12.0,13.0,12.0,9.0
2023-05-13T04:01:30-05:00,11.0,13.0,7.0,13.0,13.0,9.0,10.0,9.0,8.0,11.0,7.0,11.0,12.0,7.0,13.0,11.0,13.0,9.0
2023-05-13T04:02:00-05:00,11.0,13.0,6.0,13.0,,8.0,11.0,8.0,8.0,10.0,8.0,11.0,12.0,6.0,12.0,11.0,12.0,10.0
2023-05-13T04:02:30-05:00,11.0,13.0,6.0,13.0,13.0,11.0,10.0,8.0,8.0,10.0,8.0,11.0,13.0,6.0,12.0,11.0,15.0,9.0
2023-05-13T04:03:00-05:00,11.0,13.0,7.0,13.0,12.0,11.0,11.0,9.0,8.0,10.0,7.0,12.0,12.0,6.0,12.0,11.0,,9.0
2023-05-13T04:03:30-05:00,11.0,13.0,8.0,13.0,11.0,11.0,11.0,9.0,8.0,10.0,7.0,11.0,12.0,7.0,13.0,13.0,,9.0
2023-05-13T04:04:00-05:00,11.0,14.0,8.0,12.0,11.0,12.0,10.0,9.0,8.0,11.0,8.0,11.0,12.0,6.0,13.0,10.0,,8.0
2023-05-13T04:04:30-05:00,11.0,13.0,6.0,14.0,12.0,11.0,10.0,9.0,8.0,11.0,8.0,12.0,12.0,7.0,13.0,10.0,,9.0
2023-05-13T04:06:00-05:00,11.0,13.0,7.0,13.0,12.0,9.0,10.0,9.0,8.0,11.0,8.0,11.0,12.0,7.0,12.0,10.0,,10.0
2023-05-13T04:06:30-05:00,11.0,14.0,7.0,14.0,12.0,11.0,10.0,9.0,8.0,11.0,8.0,11.0,13.0,6.0,12.0,8.0,,11.0
2023-05-13T04:07:00-05:00,11.0,13.0,7.0,12.0,12.0,10.0,11.0,10.0,8.0,10.0,8.0,11.0,12.0,7.0,13.0,9.0,,10.0
2023-05-13T04:07:30-05:00,11.0,14.0,7.0,13.0,11.0,9.0,10.0,9.0,8.0,10.0,9.0,11.0,12.0,7.0,13.0,9.0,,10.0
2023-05-13T04:08:00-05:00,11.0,13.0,6.0,13.0,12.0,9.0,11.0,9.0,8.0,11.0,8.0,11.0,12.0,7.0,12.0,9.0,,10.0
2023-05-13T04:08:30-05:00,11.0,13.0,6.0,12.0,12.0,9.0,10.0,9.0,8.0,11.0,8.0,12.0,13.0,7.0,12.0,10.0,,10.0
2023-05-13T04:09:00-05:00,11.0,11.0,7.0,13.0,12.0,9.0,10.0,9.0,8.0,11.0,8.0,11.0,13.0,6.0,13.0,7.0,,9.0
2023-05-13T04:09:30-05:00,11.0,13.0,8.0,12.0,12.0,13.0,10.0,9.0,8.0,11.0,8.0,11.0,12.0,7.0,13.0,7.0,,9.0
2023-05-13T04:10:00-05:00,11.0,13.0,7.0,13.0,12.0,12.0,10.0,8.0,8.0,11.0,8.0,10.0,13.0,7.0,12.0,10.0,,9.0
2023-05-13T04:10:30-05:00,11.0,13.0,7.0,12.0,12.0,12.0,9.0,9.0,8.0,11.0,8.0,11.0,12.0,7.0,12.0,7.0,,9.0
2023-05-13T04:11:00-05:00,11.0,13.0,7.0,12.0,13.0,,9.0,9.0,8.0,11.0,7.0,11.0,12.0,6.0,12.0,7.0,,10.0
2023-05-13T04:11:30-05:00,11.0,12.0,7.0,11.0,13.0,,9.0,10.0,8.0,11.0,7.0,11.0,12.0,6.0,11.0,6.0,14.0,9.0
2023-05-13T04:12:00-05:00,11.0,13.0,7.0,11.0,15.0,,8.0,9.0,8.0,11.0,8.0,11.0,12.0,7.0,12.0,8.0,12.0,10.0
2023-05-13T04:12:30-05:00,11.0,13.0,7.0,12.0,16.0,,9.0,9.0,8.0,11.0,8.0,11.0,12.0,7.0,11.0,6.0,11.0,10.0
2023-05-13T04:13:00-05:00,11.0,12.0,6.0,11.0,17.0,,9.0,9.0,8.0,11.0,8.0,11.0,12.0,6.0,12.0,5.0,9.0,9.0
2023-05-13T04:13:30-05:00,11.0,12.0,7.0,11.0,18.0,24.0,9.0,9.0,8.0,10.0,7.0,12.0,13.0,8.0,12.0,6.0,7.0,9.0
2023-05-13T04:14:00-05:00,11.0,12.0,6.0,11.0,19.0,20.0,9.0,9.0,8.0,11.0,8.0,12.0,12.0,7.0,13.0,6.0,7.0,9.0
2023-05-13T04:14:30-05:00,11.0,12.0,7.0,11.0,,17.0,8.0,8.0,8.0,11.0,8.0,11.0,13.0,7.0,12.0,8.0,6.0,10.0
2023-05-13T04:15:00-05:00,11.0,12.0,6.0,10.0,,13.0,9.0,8.0,8.0,11.0,8.0,11.0,13.0,7.0,11.0,7.0,6.0,9.0
2023-05-13T04:15:30-05:00,11.0,12.0,7.0,11.0,,11.0,10.0,9.0,8.0,11.0,7.0,11.0,14.0,7.0,13.0,6.0,7.0,9.0
2023-05-13T04:16:00-05:00,11.0,13.0,7.0,11.0,,10.0,8.0,9.0,8.0,11.0,7.0,11.0,13.0,6.0,12.0,7.0,6.0,9.0
2023-05-13T04:16:30-05:00,11.0,12.0,7.0,10.0,,11.0,9.0,10.0,8.0,11.0,9.0,10.0,13.0,7.0,12.0,9.0,6.0,9.0
2023-05-13T04:17:00-05:00,11.0,12.0,7.0,11.0,,12.0,9.0,9.0,8.0,11.0,8.0,10.0,13.0,6.0,13.0,6.0,6.0,9.0
2023-05-13T04:17:30-05:00,11.0,12.0,7.0,10.0,,10.0,10.0,12.0,8.0,11.0,8.0,10.0,13.0,6.0,12.0,6.0,7.0,10.0
2023-05-13T04:18:00-05:00,11.0,12.0,7.0,10.0,,10.0,9.0,10.0,8.0,11.0,7.0,11.0,12.0,7.0,11.0,7.0,6.0,10.0
2023-05-13T04:18:30-05:00,11.0,12.0,6.0,9.0,,12.0,9.0,10.0,8.0,12.0,8.0,11.0,13.0,6.0,12.0,5.0,6.0,9.0
2023-05-13T04:19:00-05:00,11.0,12.0,7.0,9.0,18.0,16.0,9.0,9.0,8.0,11.0,8.0,11.0,13.0,6.0,12.0,6.0,7.0,10.0
2023-05-13T04:19:30-05:00,11.0,12.0,7.0,9.0,18.0,17.0,8.0,9.0,8.0,11.0,8.0,10.0,14.0,7.0,13.0,5.0,6.0,10.0
2023-05-13T04:20:00-05:00,11.0,12.0,6.0,9.0,17.0,15.0,10.0,10.0,8.0,11.0,7.0,10.0,12.0,7.0,12.0,4.0,7.0,10.0
2023-05-13T04:20:30-05:00,11.0,12.0,7.0,9.0,15.0,17.0,9.0,9.0,8.0,11.0,7.0,10.0,13.0,7.0,11.0,3.0,6.0,9.0
2023-05-13T04:21:00-05:00,11.0,12.0,7.0,8.0,14.0,17.0,10.0,9.0,8.0,11.0,8.0,10.0,14.0,6.0,13.0,5.0,6.0,10.0
2023-05-13T04:21:30-05:00,11.0,11.0,7.0,10.0,11.0,16.0,9.0,9.0,8.0,11.0,8.0,10.0,13.0,6.0,12.0,3.0,6.0,10.0
2023-05-13T04:22:00-05:00,11.0,12.0,7.0,10.0,11.0,18.0,9.0,10.0,8.0,11.0,8.0,10.0,12.0,7.0,12.0,3.0,6.0,9.0
2023-05-13T04:22:30-05:00,11.0,12.0,7.0,10.0,12.0,16.0,9.0,9.0,8.0,11.0,8.0,10.0,12.0,7.0,12.0,3.0,6.0,10.0
2023-05-13T04:23:00-05:00,11.0,12.0,6.0,9.0,11.0,14.0,8.0,10.0,8.0,11.0,8.0,10.0,12.0,6.0,11.0,4.0,7.0,9.0
2023-05-13T04:23:30-05:00,11.0,12.0,7.0,8.0,11.0,12.0,9.0,8.0,8.0,10.0,8.0,10.0,12.0,7.0,12.0,4.0,5.0,10.0
2023-05-13T04:24:30-05:00,11.0,13.0,7.0,9.0,10.0,11.0,10.0,9.0,8.0,10.0,8.0,9.0,11.0,8.0,11.0,4.0,5.0,9.0
2023-05-13T04:25:00-05:00,11.0,13.0,6.0,9.0,10.0,15.0,10.0,9.0,8.0,10.0,8.0,10.0,11.0,7.0,10.0,2.0,6.0,9.0
2023-05-13T04:25:30-05:00,11.0,13.0,7.0,8.0,10.0,14.0,8.0,9.0,8.0,10.0,8.0,10.0,10.0,6.0,10.0,3.0,6.0,9.0
2023-05-13T04:26:00-05:00,11.0,13.0,7.0,8.0,11.0,14.0,8.0,9.0,8.0,10.0,7.0,10.0,10.0,6.0,11.0,2.0,6.0,9.0
2023-05-13T04:26:30-05:00,11.0,13.0,7.0,8.0,10.0,15.0,9.0,10.0,8.0,11.0,8.0,10.0,10.0,6.0,11.0,4.0,5.0,9.0
2023-05-13T04:27:00-05:00,11.0,13.0,7.0,8.0,11.0,,9.0,10.0,8.0,11.0,8.0,9.0,11.0,7.0,10.0,5.0,5.0,8.0
2023-05-13T04:27:30-05:00,11.0,13.0,6.0,8.0,10.0,14.0,9.0,9.0,8.0,11.0,7.0,10.0,10.0,6.0,11.0,4.0,5.0,8.0
2023-05-13T04:28:00-05:00,11.0,13.0,6.0,8.0,10.0,12.0,9.0,10.0,8.0,10.0,8.0,10.0,9.0,7.0,9.0,4.0,5.0,8.0
2023-05-13T04:28:30-05:00,11.0,13.0,6.0,7.0,10.0,12.0,9.0,10.0,8.0,10.0,7.0,9.0,10.0,6.0,8.0,3.0,5.0,8.0
2023-05-13T04:29:00-05:00,11.0,12.0,6.0,7.0,10.0,12.0,10.0,9.0,8.0,10.0,8.0,10.0,10.0,6.0,8.0,3.0,5.0,8.0
2023-05-13T04:29:30-05:00,11.0,12.0,7.0,8.0,,13.0,10.0,9.0,8.0,10.0,8.0,9.0,9.0,7.0,9.0,2.0,5.0,8.0
2023-05-13T04:30:00-05:00,11.0,13.0,7.0,7.0,10.0,11.0,10.0,9.0,8.0,10.0,8.0,9.0,9.0,7.0,8.0,4.0,4.0,7.0
2023-05-13T04:30:30-05:00,11.0,13.0,7.0,7.0,10.0,10.0,9.0,9.0,8.0,11.0,9.0,10.0,9.0,6.0,8.0,3.0,4.0,7.0
2023-05-13T04:31:00-05:00,11.0,12.0,7.0,8.0,9.0,11.0,10.0,9.0,8.0,11.0,8.0,10.0,9.0,6.0,9.0,2.0,4.0,7.0
2023-05-13T04:31:30-05:00,11.0,12.0,7.0,8.0,9.0,14.0,9.0,9.0,8.0,10.0,8.0,10.0,9.0,6.0,7.0,2.0,4.0,7.0
2023-05-13T04:32:00-05:00,11.0,12.0,6.0,8.0,9.0,10.0,9.0,9.0,8.0,10.0,9.0,12.0,9.0,6.0,8.0,4.0,4.0,6.0
2023-05-13T04:32:30-05:00,11.0,13.0,7.0,8.0,9.0,12.0,9.0,10.0,8.0,10.0,8.0,10.0,9.0,6.0,8.0,3.0,5.0,6.0
2023-05-13T04:33:00-05:00,11.0,12.0,7.0,7.0,9.0,13.0,10.0,10.0,8.0,10.0,8.0,9.0,8.0,5.0,7.0,3.0,4.0,6.0
2023-05-13T04:33:30-05:00,11.0,13.0,6.0,8.0,10.0,14.0,9.0,10.0,8.0,9.0,8.0,9.0,8.0,6.0,6.0,4.0,4.0,6.0
2023-05-13T04:34:00-05:00,11.0,13.0,6.0,7.0,9.0,14.0,9.0,10.0,8.0,9.0,9.0,9.0,8.0,5.0,6.0,3.0,4.0,6.0
2023-05-13T04:34:30-05:00,11.0,12.0,6.0,7.0,8.0,12.0,9.0,10.0,8.0,9.0,9.0,8.0,7.0,6.0,6.0,3.0,5.0,6.0
2023-05-13T04:35:00-05:00,11.0,13.0,6.0,6.0,9.0,12.0,9.0,9.0,8.0,9.0,8.0,9.0,7.0,6.0,6.0,2.0,4.0,7.0
2023-05-13T04:35:30-05:00,11.0,12.0,6.0,6.0,8.0,12.0,9.0,11.0,8.0,10.0,8.0,9.0,7.0,7.0,6.0,3.0,4.0,6.0
2023-05-13T04:36:00-05:00,11.0,13.0,6.0,6.0,8.0,12.0,9.0,10.0,8.0,11.0,8.0,9.0,7.0,6.0,6.0,3.0,4.0,6.0
2023-05-13T04:36:30-05:00,11.0,13.0,6.0,7.0,9.0,12.0,9.0,10.0,8.0,10.0,9.0,9.0,6.0,6.0,6.0,3.0,4.0,6.0
2023-05-13T04:37:00-05:00,11.0,13.0,6.0,7.0,9.0,11.0,9.0,10.0,8.0,10.0,8.0,10.0,7.0,6.0,6.0,2.0,5.0,5.0
2023-05-13T04:37:30-05:00,11.0,12.0,7.0,7.0,9.0,10.0,9.0,10.0,8.0,11.0,9.0,9.0,7.0,6.0,5.0,3.0,4.0,6.0
2023-05-13T04:38:00-05:00,11.0,12.0,7.0,7.0,8.0,10.0,9.0,10.0,8.0,11.0,9.0,10.0,8.0,7.0,6.0,3.0,5.0,6.0
2023-05-13T04:38:30-05:00,11.0,13.0,7.0,7.0,8.0,9.0,8.0,10.0,8.0,10.0,8.0,12.0,7.0,7.0,6.0,3.0,4.0,5.0
2023-05-13T04:39:30-05:00,11.0,13.0,7.0,6.0,8.0,10.0,10.0,10.0,8.0,10.0,9.0,14.0,7.0,6.0,6.0,2.0,4.0,5.0
2023-05-13T04:40:00-05:00,11.0,13.0,7.0,6.0,7.0,9.0,9.0,11.0,8.0,10.0,8.0,14.0,6.0,7.0,7.0,3.0,4.0,5.0
2023-05-13T04:40:30-05:00,11.0,14.0,7.0,6.0,7.0,10.0,10.0,9.0,8.0,10.0,8.0,14.0,6.0,6.0,7.0,2.0,4.0,5.0
2023-05-13T04:41:00-05:00,11.0,13.0,6.0,7.0,7.0,10.0,9.0,11.0,8.0,10.0,8.0,13.0,7.0,6.0,7.0,2.0,4.0,5.0
2023-05-13T04:41:30-05:00,11.0,12.0,6.0,6.0,7.0,11.0,9.0,11.0,8.0,10.0,8.0,14.0,7.0,6.0,7.0,1.0,4.0,5.0
2023-05-13T04:42:00-05:00,11.0,11.0,6.0,6.0,7.0,12.0,9.0,9.0,8.0,11.0,8.0,13.0,6.0,6.0,7.0,2.0,4.0,5.0
2023-05-13T04:42:30-05:00,11.0,13.0,7.0,6.0,7.0,10.0,9.0,10.0,8.0,11.0,8.0,14.0,5.0,6.0,7.0,2.0,4.0,5.0
2023-05-13T04:43:00-05:00,11.0,12.0,7.0,6.0,7.0,10.0,9.0,10.0,8.0,11.0,8.0,14.0,6.0,6.0,7.0,3.0,4.0,6.0
2023-05-13T04:43:30-05:00,11.0,12.0,6.0,5.0,7.0,11.0,9.0,10.0,8.0,10.0,9.0,14.0,5.0,6.0,7.0,2.0,4.0,5.0
2023-05-13T04:44:00-05:00,11.0,12.0,7.0,6.0,6.0,11.0,9.0,10.0,8.0,10.0,10.0,13.0,5.0,7.0,6.0,3.0,4.0,5.0
2023-05-13T04:44:30-05:00,11.0,12.0,7.0,6.0,7.0,12.0,9.0,10.0,8.0,10.0,9.0,13.0,5.0,6.0,6.0,4.0,4.0,5.0
2023-05-13T04:45:00-05:00,11.0,13.0,7.0,6.0,6.0,10.0,9.0,10.0,8.0,10.0,10.0,13.0,5.0,7.0,6.0,3.0,4.0,5.0
2023-05-13T04:45:30-05:00,11.0,12.0,7.0,6.0,7.0,12.0,9.0,11.0,8.0,10.0,9.0,12.0,5.0,6.0,6.0,2.0,4.0,6.0
2023-05-13T04:46:00-05:00,11.0,12.0,7.0,5.0,7.0,12.0,9.0,10.0,8.0,10.0,10.0,10.0,6.0,7.0,7.0,3.0,3.0,6.0
2023-05-13T04:46:30-05:00,11.0,13.0,6.0,6.0,7.0,11.0,10.0,9.0,8.0,10.0,10.0,10.0,5.0,5.0,6.0,3.0,4.0,6.0
2023-05-13T04:47:00-05:00,11.0,12.0,6.0,5.0,6.0,11.0,9.0,10.0,8.0,10.0,9.0,11.0,5.0,6.0,6.0,4.0,4.0,6.0
2023-05-13T04:47:30-05:00,11.0,13.0,6.0,6.0,7.0,11.0,10.0,10.0,8.0,10.0,10.0,11.0,5.0,7.0,6.0,4.0,3.0,6.0
2023-05-13T04:48:00-05:00,11.0,13.0,7.0,6.0,6.0,11.0,10.0,9.0,8.0,10.0,10.0,9.0,6.0,6.0,7.0,4.0,4.0,6.0
2023-05-13T04:48:30-05:00,11.0,13.0,6.0,6.0,6.0,11.0,11.0,11.0,8.0,11.0,10.0,10.0,5.0,6.0,7.0,3.0,4.0,6.0
2023-05-13T04:49:00-05:00,11.0,13.0,6.0,6.0,6.0,11.0,9.0,10.0,8.0,11.0,10.0,10.0,5.0,7.0,6.0,5.0,4.0,5.0
2023-05-13T04:49:30-05:00,11.0,13.0,5.0,6.0,7.0,10.0,9.0,9.0,8.0,10.0,11.0,9.0,6.0,6.0,6.0,4.0,4.0,5.0
2023-05-13T04:50:00-05:00,11.0,12.0,6.0,6.0,7.0,10.0,9.0,9.0,8.0,10.0,11.0,9.0,5.0,6.0,6.0,2.0,4.0,5.0
2023-05-13T04:50:30-05:00,11.0,11.0,6.0,7.0,7.0,8.0,9.0,9.0,8.0,10.0,13.0,10.0,5.0,6.0,6.0,3.0,4.0,5.0
2023-05-13T04:51:00-05:00,11.0,12.0,5.0,6.0,7.0,9.0,8.0,9.0,8.0,10.0,11.0,10.0,5.0,5.0,6.0,3.0,4.0,5.0
2023-05-13T04:51:30-05:00,11.0,11.0,6.0,6.0,7.0,8.0,9.0,10.0,8.0,10.0,11.0,10.0,7.0,6.0,7.0,2.0,4.0,5.0
2023-05-13T04:52:00-05:00,11.0,12.0,6.0,7.0,6.0,8.0,10.0,9.0,8.0,10.0,12.0,10.0,6.0,6.0,7.0,3.0,3.0,6.0
2023-05-13T04:52:30-05:00,11.0,11.0,6.0,5.0,7.0,8.0,10.0,9.0,8.0,10.0,11.0,9.0,6.0,5.0,6.0,4.0,4.0,6.0
2023-05-13T04:53:00-05:00,11.0,12.0,6.0,7.0,6.0,8.0,9.0,10.0,8.0,11.0,12.0,9.0,6.0,5.0,6.0,4.0,4.0,6.0
2023-05-13T04:53:30-05:00,11.0,10.0,6.0,7.0,6.0,8.0,8.0,9.0,8.0,11.0,13.0,9.0,6.0,6.0,6.0,3.0,4.0,5.0
2023-05-13T04:54:00-05:00,11.0,12.0,6.0,6.0,7.0,8.0,9.0,10.0,8.0,11.0,13.0,8.0,5.0,5.0,6.0,4.0,4.0,5.0
2023-05-13T04:54:30-05:00,11.0,11.0,7.0,7.0,6.0,8.0,9.0,9.0,8.0,11.0,12.0,9.0,5.0,6.0,7.0,3.0,4.0,5.0
2023-05-13T04:55:00-05:00,11.0,11.0,6.0,7.0,7.0,8.0,10.0,10.0,8.0,12.0,13.0,9.0,6.0,6.0,6.0,4.0,4.0,5.0
2023-05-13T04:55:30-05:00,11.0,12.0,6.0,6.0,7.0,8.0,9.0,9.0,8.0,12.0,13.0,8.0,6.0,6.0,6.0,3.0,4.0,5.0
2023-05-13T04:56:00-05:00,11.0,12.0,6.0,7.0,6.0,9.0,10.0,9.0,8.0,12.0,13.0,8.0,6.0,6.0,6.0,2.0,4.0,5.0
2023-05-13T04:56:30-05:00,11.0,12.0,6.0,6.0,,9.0,9.0,9.0,8.0,12.0,13.0,9.0,6.0,5.0,6.0,3.0,4.0,5.0
2023-05-13T04:57:00-05:00,11.0,12.0,6.0,6.0,7.0,8.0,9.0,9.0,8.0,12.0,14.0,8.0,6.0,6.0,7.0,3.0,4.0,5.0
2023-05-13T04:57:30-05:00,11.0,11.0,6.0,7.0,7.0,8.0,10.0,9.0,8.0,12.0,14.0,8.0,5.0,6.0,6.0,4.0,5.0,5.0
2023-05-13T04:58:00-05:00,11.0,11.0,6.0,7.0,6.0,8.0,10.0,10.0,8.0,12.0,14.0,8.0,5.0,6.0,7.0,5.0,5.0,5.0
2023-05-13T04:58:30-05:00,11.0,12.0,6.0,7.0,6.0,8.0,10.0,9.0,8.0,12.0,15.0,8.0,5.0,6.0,6.0,5.0,4.0,5.0
2023-05-13T04:59:00-05:00,11.0,12.0,5.0,,,,10.0,,8.0,12.0,,8.0,6.0,5.0,6.0,,4.0,
2023-05-13T04:59:30-05:00,11.0,11.0,5.0,,,,9.0,,8.0,12.0,,8.0,5.0,6.0,6.0,,4.0,
2023-05-13T05:00:30-05:00,11.0,12.0,6.0,2.0,5.0,7.0,9.0,10.0,8.0,12.0,14.0,7.0,5.0,6.0,6.0,0.0,5.0,8.0
2023-05-13T05:01:00-05:00,11.0,11.0,7.0,10.0,6.0,8.0,10.0,14.0,8.0,12.0,14.0,7.0,6.0,7.0,6.0,0.0,5.0,6.0
2023-05-13T05:01:30-05:00,11.0,12.0,7.0,10.0,6.0,10.0,9.0,10.0,8.0,12.0,15.0,6.0,5.0,6.0,6.0,6.0,4.0,6.0
2023-05-13T05:02:00-05:00,11.0,12.0,6.0,9.0,6.0,9.0,10.0,9.0,8.0,12.0,14.0,7.0,5.0,5.0,6.0,6.0,4.0,6.0
2023-05-13T05:02:30-05:00,11.0,12.0,5.0,10.0,6.0,9.0,9.0,10.0,8.0,12.0,15.0,7.0,4.0,6.0,6.0,2.0,5.0,6.0
2023-05-13T05:03:00-05:00,11.0,11.0,5.0,8.0,6.0,10.0,10.0,9.0,8.0,12.0,16.0,6.0,5.0,6.0,7.0,3.0,6.0,5.0
2023-05-13T05:03:30-05:00,11.0,11.0,6.0,9.0,7.0,9.0,9.0,9.0,8.0,12.0,15.0,6.0,5.0,6.0,7.0,3.0,5.0,6.0
2023-05-13T05:04:00-05:00,11.0,10.0,6.0,10.0,7.0,8.0,10.0,8.0,8.0,12.0,14.0,6.0,4.0,6.0,7.0,3.0,6.0,6.0
2023-05-13T05:04:30-05:00,11.0,11.0,6.0,8.0,7.0,8.0,9.0,8.0,8.0,12.0,15.0,7.0,5.0,5.0,7.0,4.0,5.0,5.0
2023-05-13T05:05:00-05:00,11.0,11.0,6.0,10.0,6.0,9.0,9.0,10.0,8.0,12.0,16.0,6.0,4.0,5.0,6.0,3.0,6.0,5.0
2023-05-13T05:05:30-05:00,11.0,11.0,6.0,9.0,7.0,9.0,9.0,9.0,8.0,12.0,16.0,6.0,5.0,5.0,7.0,3.0,5.0,5.0
2023-05-13T05:06:00-05:00,11.0,12.0,5.0,10.0,7.0,8.0,10.0,10.0,8.0,12.0,15.0,5.0,4.0,5.0,7.0,4.0,6.0,5.0
2023-05-13T05:06:30-05:00,11.0,11.0,6.0,9.0,7.0,8.0,10.0,10.0,8.0,12.0,16.0,5.0,4.0,6.0,7.0,3.0,5.0,5.0
2023-05-13T05:07:00-05:00,11.0,11.0,6.0,10.0,7.0,10.0,9.0,9.0,8.0,12.0,14.0,6.0,5.0,5.0,6.0,4.0,5.0,5.0
2023-05-13T05:07:30-05:00,11.0,12.0,5.0,10.0,7.0,11.0,10.0,9.0,8.0,12.0,15.0,6.0,4.0,6.0,6.0,3.0,5.0,5.0
2023-05-13T05:08:00-05:00,11.0,11.0,6.0,10.0,7.0,10.0,9.0,10.0,8.0,12.0,15.0,6.0,4.0,7.0,6.0,3.0,4.0,5.0
2023-05-13T05:08:30-05:00,11.0,11.0,6.0,10.0,8.0,8.0,9.0,8.0,8.0,13.0,16.0,5.0,4.0,5.0,7.0,5.0,5.0,5.0
2023-05-13T05:09:00-05:00,11.0,11.0,6.0,8.0,6.0,7.0,10.0,8.0,8.0,13.0,15.0,5.0,5.0,6.0,7.0,4.0,5.0,5.0
2023-05-13T05:09:30-05:00,11.0,12.0,6.0,9.0,6.0,8.0,10.0,9.0,8.0,13.0,14.0,5.0,4.0,5.0,6.0,4.0,5.0,5.0
2023-05-13T05:10:00-05:00,11.0,11.0,6.0,9.0,7.0,7.0,9.0,10.0,8.0,12.0,15.0,5.0,5.0,5.0,7.0,4.0,5.0,5.0
2023-05-13T05:10:30-05:00,11.0,12.0,6.0,10.0,7.0,7.0,10.0,10.0,8.0,12.0,13.0,5.0,4.0,5.0,7.0,5.0,6.0,5.0
2023-05-13T05:11:00-05:00,11.0,12.0,6.0,10.0,7.0,7.0,10.0,10.0,8.0,12.0,13.0,6.0,5.0,6.0,6.0,5.0,5.0,5.0
2023-05-13T05:11:30-05:00,11.0,12.0,6.0,9.0,7.0,6.0,9.0,10.0,8.0,12.0,14.0,5.0,5.0,6.0,7.0,3.0,5.0,6.0
2023-05-13T05:12:00-05:00,11.0,11.0,6.0,10.0,8.0,6.0,10.0,10.0,8.0,12.0,16.0,5.0,5.0,5.0,6.0,5.0,5.0,5.0
2023-05-13T05:12:30-05:00,11.0,12.0,6.0,10.0,9.0,6.0,9.0,10.0,8.0,12.0,16.0,5.0,4.0,5.0,6.0,4.0,6.0,5.0
2023-05-13T05:13:00-05:00,11.0,12.0,7.0,10.0,8.0,6.0,9.0,10.0,8.0,12.0,14.0,5.0,4.0,6.0,7.0,4.0,5.0,5.0
2023-05-13T05:13:30-05:00,11.0,11.0,6.0,9.0,7.0,6.0,9.0,10.0,8.0,12.0,16.0,5.0,4.0,6.0,6.0,4.0,6.0,4.0
2023-05-13T05:14:00-05:00,11.0,11.0,6.0,9.0,7.0,6.0,9.0,10.0,8.0,12.0,16.0,5.0,4.0,5.0,7.0,5.0,5.0,5.0
2023-05-13T05:14:30-05:00,11.0,12.0,6.0,8.0,6.0,6.0,10.0,10.0,8.0,12.0,14.0,5.0,4.0,5.0,6.0,5.0,5.0,5.0
2023-05-13T05:15:00-05:00,11.0,11.0,5.0,7.0,7.0,6.0,10.0,12.0,8.0,12.0,14.0,5.0,5.0,5.0,7.0,4.0,5.0,5.0
2023-05-13T05:15:30-05:00,11.0,11.0,6.0,7.0,7.0,6.0,9.0,10.0,8.0,12.0,14.0,5.0,5.0,5.0,6.0,6.0,5.0,5.0
2023-05-13T05:16:00-05:00,11.0,12.0,6.0,8.0,7.0,6.0,10.0,11.0,8.0,12.0,15.0,5.0,5.0,6.0,6.0,5.0,5.0,5.0
2023-05-13T05:16:30-05:00,11.0,12.0,6.0,7.0,7.0,6.0,9.0,10.0,8.0,13.0,16.0,5.0,5.0,5.0,7.0,4.0,6.0,5.0
2023-05-13T05:17:00-05:00,11.0,12.0,7.0,7.0,6.0,7.0,10.0,10.0,8.0,11.0,14.0,5.0,4.0,5.0,7.0,5.0,6.0,5.0
2023-05-13T05:17:30-05:00,11.0,13.0,6.0,7.0,7.0,7.0,10.0,10.0,8.0,11.0,15.0,6.0,5.0,7.0,6.0,6.0,6.0,5.0
2023-05-13T05:18:00-05:00,11.0,12.0,6.0,7.0,7.0,5.0,10.0,11.0,8.0,11.0,15.0,6.0,5.0,7.0,6.0,3.0,7.0,5.0
2023-05-13T05:18:30-05:00,11.0,12.0,6.0,8.0,7.0,6.0,9.0,10.0,8.0,11.0,14.0,6.0,5.0,6.0,6.0,5.0,7.0,5.0
2023-05-13T05:19:00-05:00,11.0,11.0,7.0,7.0,6.0,7.0,10.0,10.0,8.0,11.0,13.0,5.0,5.0,6.0,6.0,5.0,7.0,5.0
2023-05-13T05:19:30-05:00,11.0,13.0,7.0,7.0,6.0,8.0,9.0,9.0,8.0,11.0,13.0,6.0,4.0,6.0,5.0,5.0,5.0,5.0
2023-05-13T05:20:00-05:00,11.0,13.0,6.0,7.0,6.0,7.0,9.0,10.0,8.0,11.0,12.0,5.0,5.0,6.0,6.0,4.0,7.0,5.0
2023-05-13T05:20:30-05:00,11.0,12.0,5.0,8.0,6.0,8.0,9.0,10.0,8.0,12.0,14.0,5.0,5.0,5.0,6.0,4.0,6.0,5.0
2023-05-13T05:21:00-05:00,11.0,12.0,5.0,7.0,6.0,10.0,10.0,10.0,8.0,12.0,14.0,5.0,5.0,6.0,6.0,6.0,5.0,5.0
2023-05-13T05:21:30-05:00,11.0,12.0,5.0,6.0,7.0,10.0,9.0,10.0,8.0,12.0,15.0,5.0,5.0,6.0,6.0,4.0,5.0,5.0
2023-05-13T05:22:00-05:00,11.0,12.0,6.0,6.0,7.0,10.0,9.0,10.0,8.0,12.0,15.0,5.0,5.0,6.0,6.0,4.0,5.0,5.0
2023-05-13T05:22:30-05:00,11.0,12.0,6.0,6.0,6.0,15.0,8.0,10.0,8.0,12.0,12.0,6.0,5.0,6.0,6.0,5.0,7.0,5.0
2023-05-13T05:23:30-05:00,11.0,12.0,7.0,6.0,6.0,13.0,9.0,10.0,8.0,12.0,13.0,5.0,5.0,5.0,6.0,6.0,5.0,5.0
2023-05-13T05:24:00-05:00,11.0,13.0,6.0,7.0,6.0,12.0,9.0,10.0,8.0,12.0,12.0,5.0,5.0,6.0,5.0,4.0,5.0,5.0
2023-05-13T05:24:30-05:00,11.0,12.0,5.0,6.0,6.0,12.0,9.0,10.0,8.0,12.0,13.0,6.0,5.0,6.0,5.0,6.0,5.0,6.0
2023-05-13T05:25:00-05:00,11.0,12.0,6.0,6.0,6.0,13.0,9.0,10.0,8.0,12.0,14.0,5.0,5.0,6.0,6.0,8.0,5.0,5.0
2023-05-13T05:25:30-05:00,11.0,12.0,6.0,6.0,6.0,13.0,9.0,10.0,8.0,12.0,13.0,5.0,5.0,6.0,5.0,8.0,5.0,5.0
2023-05-13T05:26:00-05:00,11.0,12.0,7.0,7.0,6.0,13.0,9.0,9.0,8.0,12.0,9.0,5.0,5.0,6.0,5.0,7.0,5.0,5.0
2023-05-13T05:26:30-05:00,11.0,12.0,6.0,6.0,6.0,11.0,9.0,9.0,8.0,12.0,10.0,5.0,6.0,6.0,5.0,5.0,5.0,5.0
2023-05-13T05:27:00-05:00,11.0,12.0,6.0,6.0,6.0,12.0,9.0,9.0,8.0,10.0,11.0,5.0,5.0,5.0,5.0,5.0,5.0,5.0
2023-05-13T05:27:30-05:00,11.0,13.0,6.0,5.0,,10.0,9.0,9.0,8.0,10.0,11.0,6.0,6.0,5.0,5.0,7.0,6.0,5.0
2023-05-13T05:28:00-05:00,11.0,12.0,5.0,6.0,6.0,9.0,9.0,9.0,8.0,10.0,11.0,6.0,5.0,6.0,6.0,7.0,6.0,6.0
2023-05-13T05:28:30-05:00,11.0,13.0,6.0,6.0,6.0,7.0,9.0,9.0,8.0,10.0,13.0,5.0,5.0,5.0,5.0,6.0,5.0,6.0
2023-05-13T05:29:00-05:00,11.0,12.0,6.0,6.0,7.0,7.0,9.0,9.0,8.0,10.0,11.0,5.0,5.0,7.0,5.0,6.0,4.0,5.0
2023-05-13T05:29:30-05:00,11.0,13.0,6.0,6.0,6.0,6.0,10.0,10.0,8.0,10.0,9.0,5.0,5.0,6.0,5.0,6.0,5.0,5.0
2023-05-13T05:30:00-05:00,11.0,12.0,6.0,7.0,6.0,7.0,10.0,10.0,8.0,13.0,9.0,5.0,5.0,5.0,6.0,6.0,6.0,5.0
2023-05-13T05:30:30-05:00,11.0,12.0,5.0,7.0,6.0,6.0,9.0,9.0,8.0,13.0,10.0,4.0,5.0,6.0,6.0,5.0,5.0,5.0
2023-05-13T05:31:00-05:00,11.0,12.0,5.0,7.0,5.0,5.0,10.0,10.0,8.0,13.0,10.0,5.0,5.0,6.0,5.0,7.0,5.0,5.0
2023-05-13T05:31:30-05:00,11.0,12.0,6.0,9.0,7.0,6.0,10.0,11.0,8.0,12.0,10.0,4.0,5.0,5.0,6.0,7.0,5.0,5.0
2023-05-13T05:32:00-05:00,11.0,12.0,6.0,10.0,6.0,5.0,9.0,11.0,8.0,12.0,11.0,5.0,5.0,5.0,6.0,6.0,5.0,5.0
2023-05-13T05:32:30-05:00,11.0,13.0,6.0,8.0,7.0,6.0,10.0,11.0,8.0,12.0,9.0,4.0,4.0,6.0,5.0,7.0,5.0,5.0
2023-05-13T05:33:00-05:00,11.0,13.0,6.0,8.0,6.0,6.0,11.0,10.0,8.0,10.0,10.0,4.0,5.0,5.0,6.0,7.0,5.0,5.0
2023-05-13T05:33:30-05:00,11.0,13.0,6.0,7.0,7.0,6.0,9.0,11.0,8.0,10.0,10.0,4.0,5.0,5.0,5.0,8.0,6.0,5.0
2023-05-13T05:34:00-05:00,11.0,12.0,5.0,7.0,6.0,6.0,9.0,11.0,8.0,10.0,10.0,4.0,5.0,6.0,6.0,8.0,5.0,4.0
2023-05-13T05:34:30-05:00,11.0,12.0,6.0,,6.0,5.0,9.0,11.0,8.0,10.0,10.0,4.0,4.0,5.0,5.0,5.0,5.0,5.0
2023-05-13T05:35:00-05:00,11.0,13.0,6.0,8.0,6.0,7.0,10.0,11.0,8.0,11.0,10.0,5.0,4.0,5.0,5.0,5.0,5.0,5.0
2023-05-13T05:35:30-05:00,11.0,12.0,6.0,8.0,5.0,6.0,9.0,10.0,8.0,11.0,10.0,5.0,5.0,6.0,6.0,8.0,5.0,5.0
2023-05-13T05:36:00-05:00,11.0,12.0,6.0,7.0,6.0,9.0,9.0,10.0,8.0,11.0,9.0,5.0,5.0,5.0,6.0,7.0,5.0,5.0
2023-05-13T05:36:30-05:00,11.0,12.0,6.0,8.0,6.0,9.0,9.0,11.0,8.0,11.0,10.0,5.0,4.0,5.0,6.0,8.0,5.0,5.0
2023-05-13T05:37:00-05:00,11.0,12.0,6.0,7.0,6.0,7.0,10.0,11.0,8.0,11.0,9.0,4.0,5.0,5.0,6.0,6.0,4.0,5.0
2023-05-13T05:37:30-05:00,11.0,13.0,7.0,7.0,6.0,7.0,9.0,11.0,8.0,11.0,9.0,5.0,5.0,6.0,7.0,5.0,5.0,5.0
2023-05-13T05:38:00-05:00,11.0,12.0,6.0,8.0,6.0,7.0,9.0,10.0,8.0,11.0,9.0,5.0,5.0,5.0,5.0,7.0,5.0,5.0
2023-05-13T05:38:30-05:00,11.0,12.0,6.0,8.0,5.0,6.0,9.0,10.0,8.0,11.0,9.0,5.0,5.0,5.0,5.0,8.0,5.0,5.0
2023-05-13T05:39:00-05:00,11.0,13.0,6.0,7.0,6.0,6.0,9.0,11.0,8.0,11.0,9.0,5.0,4.0,5.0,6.0,8.0,5.0,5.0
2023-05-13T05:39:30-05:00,11.0,13.0,5.0,9.0,7.0,9.0,8.0,11.0,8.0,11.0,9.0,5.0,5.0,5.0,5.0,9.0,5.0,6.0
2023-05-13T05:40:00-05:00,11.0,12.0,6.0,8.0,7.0,10.0,9.0,11.0,8.0,11.0,9.0,5.0,5.0,6.0,6.0,11.0,5.0,5.0
2023-05-13T05:40:30-05:00,11.0,12.0,6.0,7.0,9.0,9.0,9.0,12.0,8.0,11.0,9.0,5.0,5.0,5.0,7.0,7.0,4.0,5.0
2023-05-13T05:41:00-05:00,11.0,12.0,6.0,7.0,7.0,9.0,10.0,11.0,8.0,11.0,9.0,5.0,5.0,6.0,6.0,7.0,5.0,5.0
2023-05-13T05:41:30-05:00,11.0,12.0,6.0,7.0,8.0,10.0,9.0,10.0,8.0,12.0,9.0,5.0,5.0,6.0,7.0,10.0,4.0,6.0
2023-05-13T05:42:00-05:00,11.0,12.0,5.0,7.0,7.0,14.0,9.0,11.0,8.0,12.0,9.0,5.0,5.0,5.0,6.0,8.0,4.0,5.0
2023-05-13T05:42:30-05:00,11.0,13.0,6.0,7.0,6.0,18.0,8.0,11.0,8.0,11.0,8.0,5.0,5.0,5.0,6.0,9.0,5.0,6.0
2023-05-13T05:43:00-05:00,11.0,13.0,5.0,7.0,6.0,18.0,9.0,10.0,8.0,11.0,8.0,5.0,5.0,6.0,6.0,10.0,4.0,5.0
2023-05-13T05:43:30-05:00,11.0,12.0,5.0,6.0,5.0,22.0,9.0,10.0,8.0,11.0,9.0,5.0,5.0,6.0,6.0,11.0,4.0,5.0
2023-05-13T05:44:00-05:00,11.0,12.0,5.0,7.0,6.0,22.0,9.0,10.0,8.0,11.0,8.0,5.0,5.0,5.0,6.0,9.0,4.0,5.0
2023-05-13T05:45:00-05:00,11.0,12.0,5.0,7.0,6.0,21.0,9.0,10.0,8.0,11.0,9.0,5.0,5.0,5.0,6.0,10.0,5.0,5.0
2023-05-13T05:45:30-05:00,11.0,13.0,6.0,7.0,8.0,18.0,8.0,11.0,8.0,11.0,9.0,6.0,5.0,5.0,6.0,8.0,5.0,6.0
2023-05-13T05:46:00-05:00,11.0,11.0,6.0,7.0,7.0,16.0,8.0,10.0,8.0,11.0,8.0,5.0,5.0,6.0,7.0,9.0,5.0,7.0
2023-05-13T05:46:30-05:00,11.0,11.0,7.0,7.0,6.0,16.0,8.0,11.0,8.0,11.0,9.0,5.0,5.0,6.0,7.0,9.0,4.0,6.0
2023-05-13T05:47:00-05:00,11.0,12.0,6.0,6.0,6.0,15.0,9.0,12.0,8.0,12.0,8.0,6.0,5.0,5.0,6.0,9.0,5.0,6.0
2023-05-13T05:47:30-05:00,11.0,12.0,5.0,7.0,5.0,14.0,9.0,11.0,8.0,12.0,9.0,6.0,4.0,5.0,6.0,8.0,5.0,6.0
2023-05-13T05:48:00-05:00,11.0,12.0,5.0,7.0,6.0,12.0,8.0,11.0,8.0,12.0,8.0,5.0,5.0,6.0,6.0,8.0,4.0,6.0
2023-05-13T05:48:30-05:00,11.0,12.0,5.0,7.0,7.0,11.0,8.0,10.0,8.0,12.0,8.0,5.0,5.0,5.0,6.0,6.0,4.0,5.0
2023-05-13T05:49:00-05:00,11.0,12.0,6.0,7.0,6.0,10.0,9.0,10.0,8.0,12.0,8.0,5.0,5.0,5.0,6.0,8.0,5.0,6.0
2023-05-13T05:49:30-05:00,11.0,12.0,6.0,7.0,6.0,10.0,8.0,10.0,8.0,12.0,8.0,5.0,5.0,5.0,6.0,7.0,4.0,6.0
2023-05-13T05:50:00-05:00,11.0,13.0,5.0,6.0,6.0,11.0,9.0,10.0,8.0,12.0,9.0,5.0,5.0,5.0,6.0,4.0,5.0,6.0
2023-05-13T05:50:30-05:00,11.0,12.0,5.0,7.0,7.0,11.0,8.0,10.0,8.0,12.0,8.0,6.0,5.0,5.0,5.0,5.0,5.0,6.0
2023-05-13T05:51:00-05:00,11.0,11.0,5.0,7.0,7.0,9.0,9.0,11.0,8.0,12.0,8.0,5.0,5.0,6.0,6.0,5.0,4.0,6.0
2023-05-13T05:51:30-05:00,11.0,12.0,6.0,8.0,6.0,9.0,9.0,11.0,8.0,12.0,8.0,6.0,6.0,6.0,6.0,5.0,4.0,6.0
2023-05-13T05:52:00-05:00,11.0,11.0,5.0,7.0,6.0,10.0,9.0,11.0,8.0,13.0,9.0,5.0,6.0,6.0,6.0,8.0,5.0,6.0
2023-05-13T05:52:30-05:00,11.0,11.0,5.0,7.0,6.0,10.0,9.0,10.0,8.0,13.0,9.0,6.0,5.0,5.0,6.0,6.0,5.0,6.0
2023-05-13T05:53:00-05:00,11.0,11.0,6.0,7.0,6.0,11.0,9.0,10.0,8.0,13.0,9.0,5.0,5.0,6.0,6.0,6.0,5.0,6.0
2023-05-13T05:53:30-05:00,11.0,12.0,5.0,7.0,6.0,10.0,9.0,11.0,8.0,13.0,8.0,6.0,6.0,6.0,6.0,7.0,5.0,6.0
2023-05-13T05:54:00-05:00,11.0,12.0,5.0,7.0,7.0,11.0,9.0,10.0,8.0,14.0,9.0,5.0,5.0,5.0,5.0,7.0,4.0,6.0
2023-05-13T05:54:30-05:00,11.0,12.0,6.0,8.0,6.0,10.0,10.0,10.0,8.0,14.0,8.0,6.0,5.0,5.0,6.0,8.0,4.0,6.0
2023-05-13T05:55:00-05:00,11.0,12.0,6.0,8.0,6.0,9.0,9.0,10.0,8.0,14.0,8.0,7.0,5.0,5.0,6.0,5.0,5.0,6.0
2023-05-13T05:55:30-05:00,11.0,11.0,6.0,8.0,6.0,10.0,9.0,10.0,8.0,14.0,8.0,6.0,6.0,5.0,7.0,6.0,5.0,6.0
2023-05-13T05:56:00-05:00,11.0,12.0,6.0,7.0,6.0,10.0,8.0,10.0,8.0,14.0,8.0,6.0,5.0,6.0,8.0,6.0,5.0,7.0
2023-05-13T05:56:30-05:00,11.0,11.0,6.0,8.0,,10.0,9.0,10.0,8.0,14.0,9.0,6.0,7.0,6.0,8.0,7.0,5.0,7.0
2023-05-13T05:57:00-05:00,11.0,11.0,6.0,8.0,6.0,10.0,9.0,10.0,8.0,13.0,9.0,6.0,6.0,5.0,7.0,7.0,5.0,9.0
2023-05-13T05:57:30-05:00,11.0,12.0,6.0,9.0,7.0,10.0,9.0,10.0,8.0,13.0,9.0,5.0,6.0,6.0,7.0,6.0,5.0,8.0
2023-05-13T05:58:00-05:00,11.0,11.0,6.0,8.0,6.0,10.0,8.0,10.0,8.0,13.0,9.0,6.0,6.0,5.0,6.0,8.0,5.0,9.0
2023-05-13T05:58:30-05:00,11.0,11.0,6.0,9.0,6.0,10.0,8.0,11.0,8.0,13.0,8.0,6.0,6.0,5.0,6.0,6.0,5.0,8.0
2023-05-13T05:59:00-05:00,11.0,11.0,5.0,17.0,6.0,10.0,8.0,11.0,8.0,13.0,8.0,6.0,7.0,5.0,6.0,9.0,5.0,9.0
2023-05-13T05:59:30-05:00,11.0,12.0,6.0,14.0,6.0,9.0,9.0,10.0,8.0,13.0,8.0,6.0,6.0,5.0,6.0,7.0,5.0,9.0
2023-05-13T06:00:00-05:00,11.0,12.0,6.0,13.0,6.0,9.0,9.0,10.0,8.0,13.0,8.0,5.0,6.0,6.0,6.0,8.0,5.0,9.0
2023-05-13T06:00:30-05:00,11.0,12.0,5.0,14.0,7.0,10.0,9.0,12.0,8.0,13.0,8.0,6.0,6.0,6.0,6.0,6.0,6.0,9.0
2023-05-13T06:01:00-05:00,11.0,12.0,6.0,14.0,7.0,10.0,9.0,11.0,8.0,13.0,8.0,5.0,6.0,6.0,6.0,6.0,6.0,9.0
2023-05-13T06:01:30-05:00,11.0,11.0,6.0,12.0,6.0,10.0,8.0,11.0,8.0,13.0,9.0,5.0,6.0,6.0,6.0,8.0,5.0,9.0
2023-05-13T06:02:00-05:00,11.0,12.0,5.0,14.0,6.0,10.0,8.0,12.0,8.0,14.0,7.0,6.0,6.0,5.0,7.0,6.0,5.0,9.0
2023-05-13T06:02:30-05:00,11.0,12.0,5.0,12.0,7.0,10.0,8.0,11.0,8.0,14.0,8.0,5.0,6.0,6.0,6.0,8.0,5.0,8.0
2023-05-13T06:03:00-05:00,11.0,12.0,6.0,12.0,7.0,10.0,9.0,10.0,8.0,14.0,8.0,5.0,7.0,6.0,6.0,10.0,5.0,9.0
2023-05-13T06:03:30-05:00,11.0,12.0,5.0,10.0,6.0,10.0,8.0,11.0,8.0,12.0,9.0,5.0,6.0,6.0,6.0,10.0,5.0,10.0
2023-05-13T06:04:00-05:00,11.0,12.0,6.0,9.0,7.0,10.0,8.0,11.0,8.0,12.0,8.0,6.0,5.0,5.0,7.0,9.0,5.0,10.0
2023-05-13T06:04:30-05:00,11.0,11.0,5.0,10.0,7.0,10.0,9.0,10.0,8.0,12.0,8.0,5.0,6.0,5.0,6.0,9.0,6.0,9.0
2023-05-13T06:05:00-05:00,11.0,11.0,6.0,9.0,7.0,10.0,8.0,10.0,8.0,12.0,8.0,5.0,6.0,5.0,6.0,7.0,6.0,9.0
2023-05-13T06:05:30-05:00,11.0,12.0,6.0,10.0,7.0,9.0,8.0,11.0,8.0,12.0,8.0,5.0,7.0,5.0,6.0,6.0,6.0,9.0
2023-05-13T06:06:00-05:00,11.0,12.0,6.0,11.0,7.0,10.0,8.0,10.0,8.0,12.0,7.0,5.0,6.0,5.0,6.0,9.0,7.0,9.0
2023-05-13T06:06:30-05:00,11.0,13.0,5.0,11.0,7.0,10.0,8.0,10.0,8.0,12.0,7.0,5.0,5.0,5.0,7.0,9.0,6.0,9.0
2023-05-13T06:07:30-05:00,11.0,12.0,6.0,12.0,6.0,11.0,9.0,10.0,8.0,12.0,8.0,5.0,6.0,5.0,6.0,6.0,6.0,9.0
2023-05-13T06:08:00-05:00,11.0,13.0,5.0,12.0,6.0,9.0,8.0,10.0,8.0,12.0,7.0,5.0,5.0,5.0,6.0,8.0,6.0,9.0
2023-05-13T06:08:30-05:00,11.0,13.0,5.0,11.0,6.0,10.0,7.0,11.0,8.0,12.0,7.0,5.0,7.0,4.0,8.0,9.0,7.0,9.0
2023-05-13T06:09:00-05:00,11.0,12.0,5.0,12.0,7.0,10.0,8.0,10.0,8.0,12.0,7.0,6.0,6.0,5.0,7.0,10.0,7.0,10.0
2023-05-13T06:09:30-05:00,11.0,,6.0,10.0,6.0,10.0,8.0,11.0,8.0,14.0,8.0,6.0,6.0,5.0,8.0,10.0,6.0,10.0
2023-05-13T06:10:00-05:00,11.0,12.0,5.0,10.0,6.0,10.0,8.0,11.0,8.0,14.0,7.0,7.0,5.0,6.0,7.0,11.0,7.0,10.0
2023-05-13T06:10:30-05:00,11.0,,5.0,11.0,7.0,11.0,9.0,10.0,8.0,14.0,8.0,6.0,7.0,5.0,6.0,10.0,6.0,10.0
2023-05-13T06:11:00-05:00,11.0,,5.0,14.0,7.0,10.0,8.0,10.0,8.0,14.0,7.0,6.0,7.0,6.0,6.0,11.0,6.0,11.0
2023-05-13T06:11:30-05:00,11.0,12.0,5.0,13.0,7.0,11.0,8.0,11.0,8.0,14.0,8.0,5.0,6.0,6.0,7.0,10.0,5.0,13.0
2023-05-13T06:12:00-05:00,11.0,12.0,6.0,12.0,7.0,11.0,7.0,10.0,8.0,14.0,7.0,5.0,5.0,5.0,7.0,9.0,6.0,12.0
2023-05-13T06:12:30-05:00,11.0,12.0,6.0,12.0,7.0,11.0,8.0,10.0,8.0,14.0,7.0,5.0,6.0,4.0,7.0,9.0,6.0,12.0
2023-05-13T06:13:00-05:00,11.0,12.0,5.0,11.0,7.0,11.0,8.0,11.0,8.0,14.0,8.0,6.0,6.0,5.0,7.0,10.0,7.0,12.0
2023-05-13T06:13:30-05:00,11.0,12.0,5.0,10.0,7.0,10.0,8.0,11.0,8.0,13.0,7.0,6.0,6.0,5.0,8.0,10.0,7.0,12.0
2023-05-13T06:14:00-05:00,11.0,12.0,5.0,9.0,7.0,11.0,8.0,10.0,8.0,13.0,7.0,6.0,6.0,5.0,6.0,12.0,7.0,13.0
2023-05-13T06:14:30-05:00,11.0,11.0,5.0,9.0,7.0,12.0,8.0,12.0,8.0,13.0,8.0,6.0,6.0,5.0,7.0,7.0,7.0,13.0
2023-05-13T06:15:00-05:00,11.0,12.0,6.0,11.0,7.0,12.0,9.0,12.0,8.0,15.0,7.0,6.0,6.0,5.0,7.0,10.0,7.0,13.0
2023-05-13T06:15:30-05:00,11.0,11.0,6.0,10.0,7.0,16.0,8.0,12.0,8.0,15.0,7.0,6.0,7.0,5.0,7.0,11.0,6.0,12.0
2023-05-13T06:16:00-05:00,11.0,12.0,6.0,11.0,7.0,16.0,9.0,11.0,8.0,15.0,13.0,6.0,8.0,5.0,7.0,10.0,7.0,11.0
2023-05-13T06:16:30-05:00,11.0,11.0,6.0,9.0,7.0,18.0,8.0,10.0,8.0,15.0,9.0,6.0,8.0,5.0,7.0,7.0,7.0,11.0
2023-05-13T06:17:00-05:00,11.0,11.0,5.0,10.0,7.0,17.0,8.0,10.0,8.0,15.0,9.0,5.0,8.0,4.0,7.0,9.0,7.0,13.0
2023-05-13T06:17:30-05:00,11.0,11.0,6.0,10.0,7.0,14.0,7.0,10.0,8.0,15.0,9.0,6.0,9.0,5.0,7.0,9.0,7.0,12.0
2023-05-13T06:18:00-05:00,11.0,10.0,6.0,10.0,7.0,14.0,7.0,10.0,8.0,15.0,8.0,5.0,9.0,5.0,7.0,9.0,7.0,12.0
2023-05-13T06:18:30-05:00,11.0,,6.0,10.0,7.0,13.0,8.0,11.0,8.0,15.0,8.0,6.0,9.0,4.0,7.0,12.0,7.0,13.0
2023-05-13T06:19:00-05:00,11.0,,5.0,12.0,6.0,12.0,8.0,11.0,8.0,15.0,8.0,6.0,9.0,4.0,7.0,7.0,7.0,14.0
2023-05-13T06:19:30-05:00,11.0,,5.0,11.0,8.0,11.0,8.0,11.0,8.0,15.0,7.0,6.0,9.0,4.0,7.0,9.0,7.0,13.0
2023-05-13T06:20:00-05:00,11.0,11.0,6.0,11.0,6.0,11.0,8.0,11.0,8.0,15.0,8.0,6.0,9.0,6.0,8.0,9.0,8.0,13.0
2023-05-13T06:20:30-05:00,11.0,11.0,6.0,11.0,7.0,10.0,8.0,11.0,8.0,15.0,6.0,6.0,8.0,5.0,9.0,8.0,8.0,13.0
2023-05-13T06:21:00-05:00,11.0,11.0,5.0,11.0,7.0,11.0,8.0,11.0,8.0,15.0,7.0,6.0,8.0,6.0,8.0,8.0,8.0,13.0
2023-05-13T06:21:30-05:00,11.0,11.0,6.0,11.0,7.0,11.0,8.0,11.0,8.0,15.0,8.0,6.0,8.0,6.0,8.0,9.0,8.0,13.0
2023-05-13T06:22:00-05:00,11.0,11.0,5.0,12.0,7.0,12.0,9.0,12.0,8.0,15.0,7.0,7.0,8.0,6.0,8.0,7.0,7.0,12.0
2023-05-13T06:22:30-05:00,11.0,11.0,6.0,13.0,7.0,11.0,9.0,11.0,8.0,15.0,7.0,7.0,8.0,5.0,8.0,9.0,8.0,12.0
2023-05-13T06:23:00-05:00,11.0,,5.0,15.0,8.0,11.0,8.0,12.0,8.0,15.0,8.0,7.0,8.0,5.0,8.0,8.0,8.0,12.0
2023-05-13T06:23:30-05:00,11.0,11.0,6.0,14.0,9.0,12.0,9.0,11.0,8.0,15.0,7.0,7.0,9.0,5.0,8.0,10.0,8.0,13.0
2023-05-13T06:24:00-05:00,11.0,,6.0,16.0,9.0,11.0,8.0,11.0,8.0,15.0,6.0,7.0,9.0,5.0,8.0,7.0,9.0,14.0
2023-05-13T06:24:30-05:00,11.0,11.0,5.0,16.0,,12.0,9.0,12.0,8.0,15.0,7.0,7.0,10.0,5.0,8.0,12.0,9.0,14.0
2023-05-13T06:25:00-05:00,11.0,10.0,6.0,17.0,9.0,12.0,9.0,11.0,8.0,15.0,7.0,7.0,10.0,5.0,8.0,8.0,7.0,13.0
2023-05-13T06:25:30-05:00,11.0,9.0,6.0,15.0,8.0,10.0,9.0,11.0,8.0,15.0,8.0,7.0,10.0,6.0,9.0,10.0,8.0,14.0
2023-05-13T06:26:00-05:00,11.0,10.0,6.0,20.0,9.0,12.0,8.0,11.0,8.0,15.0,8.0,7.0,9.0,5.0,8.0,8.0,8.0,14.0
2023-05-13T06:26:30-05:00,11.0,10.0,6.0,18.0,9.0,12.0,9.0,12.0,8.0,15.0,8.0,6.0,11.0,5.0,9.0,9.0,8.0,14.0
2023-05-13T06:27:00-05:00,11.0,11.0,5.0,21.0,9.0,12.0,9.0,12.0,8.0,15.0,8.0,6.0,10.0,5.0,9.0,10.0,9.0,13.0
2023-05-13T06:27:30-05:00,11.0,10.0,5.0,19.0,9.0,11.0,8.0,11.0,8.0,15.0,8.0,7.0,11.0,5.0,8.0,8.0,8.0,14.0
2023-05-13T06:28:00-05:00,11.0,11.0,6.0,14.0,9.0,13.0,9.0,11.0,8.0,14.0,7.0,7.0,11.0,5.0,9.0,8.0,8.0,14.0
2023-05-13T06:28:30-05:00,11.0,11.0,5.0,14.0,10.0,11.0,9.0,12.0,8.0,14.0,7.0,9.0,10.0,5.0,9.0,9.0,7.0,15.0
2023-05-13T06:29:00-05:00,11.0,11.0,5.0,15.0,10.0,12.0,9.0,11.0,8.0,14.0,8.0,8.0,10.0,5.0,8.0,7.0,7.0,14.0
2023-05-13T06:29:30-05:00,11.0,10.0,5.0,14.0,10.0,12.0,9.0,11.0,8.0,14.0,7.0,8.0,11.0,5.0,8.0,7.0,6.0,15.0
2023-05-13T06:30:00-05:00,11.0,11.0,5.0,11.0,10.0,12.0,10.0,12.0,8.0,14.0,7.0,8.0,10.0,6.0,9.0,8.0,7.0,16.0
2023-05-13T06:30:30-05:00,11.0,10.0,5.0,14.0,10.0,13.0,9.0,12.0,8.0,14.0,7.0,8.0,12.0,5.0,9.0,9.0,7.0,16.0
2023-05-13T06:31:00-05:00,11.0,11.0,5.0,13.0,10.0,13.0,9.0,12.0,8.0,14.0,8.0,9.0,11.0,5.0,9.0,9.0,8.0,16.0
2023-05-13T06:31:30-05:00,11.0,11.0,5.0,14.0,11.0,13.0,9.0,13.0,8.0,14.0,7.0,8.0,10.0,6.0,10.0,9.0,8.0,15.0
2023-05-13T06:32:00-05:00,11.0,14.0,5.0,14.0,10.0,13.0,9.0,12.0,8.0,16.0,7.0,8.0,10.0,5.0,12.0,9.0,8.0,15.0
2023-05-13T06:33:00-05:00,11.0,12.0,5.0,13.0,10.0,13.0,9.0,18.0,8.0,16.0,8.0,8.0,10.0,5.0,11.0,8.0,8.0,15.0
2023-05-13T06:33:30-05:00,11.0,12.0,5.0,14.0,10.0,13.0,9.0,15.0,8.0,16.0,8.0,8.0,10.0,6.0,11.0,9.0,8.0,15.0
2023-05-13T06:34:00-05:00,11.0,11.0,,14.0,12.0,13.0,9.0,14.0,8.0,16.0,7.0,8.0,10.0,5.0,12.0,7.0,7.0,14.0
2023-05-13T06:34:30-05:00,11.0,11.0,5.0,14.0,11.0,12.0,9.0,12.0,8.0,16.0,8.0,8.0,11.0,5.0,13.0,8.0,8.0,14.0
2023-05-13T06:35:00-05:00,11.0,13.0,5.0,13.0,12.0,14.0,9.0,13.0,8.0,16.0,8.0,8.0,10.0,5.0,13.0,7.0,7.0,15.0
2023-05-13T06:35:30-05:00,11.0,11.0,6.0,14.0,12.0,13.0,8.0,11.0,8.0,16.0,8.0,8.0,11.0,5.0,12.0,9.0,8.0,14.0
2023-05-13T06:36:00-05:00,11.0,10.0,6.0,14.0,12.0,12.0,9.0,12.0,8.0,16.0,8.0,7.0,12.0,5.0,14.0,7.0,9.0,14.0
2023-05-13T06:36:30-05:00,11.0,12.0,5.0,15.0,12.0,12.0,9.0,10.0,8.0,16.0,9.0,8.0,11.0,5.0,13.0,10.0,9.0,15.0
2023-05-13T06:37:00-05:00,11.0,12.0,,14.0,12.0,13.0,9.0,12.0,8.0,16.0,10.0,7.0,10.0,5.0,14.0,6.0,7.0,15.0
2023-05-13T06:37:30-05:00,11.0,12.0,5.0,,12.0,14.0,8.0,12.0,8.0,16.0,10.0,7.0,11.0,5.0,13.0,7.0,8.0,14.0
2023-05-13T06:38:00-05:00,11.0,12.0,,,13.0,14.0,9.0,12.0,8.0,16.0,9.0,8.0,11.0,5.0,15.0,7.0,8.0,15.0
2023-05-13T06:38:30-05:00,11.0,12.0,6.0,,13.0,13.0,9.0,12.0,8.0,16.0,7.0,7.0,11.0,5.0,17.0,7.0,8.0,14.0
2023-05-13T06:39:00-05:00,11.0,12.0,6.0,,12.0,13.0,9.0,12.0,8.0,16.0,7.0,8.0,11.0,5.0,16.0,8.0,9.0,14.0
2023-05-13T06:39:30-05:00,11.0,13.0,6.0,,13.0,14.0,9.0,13.0,8.0,16.0,8.0,8.0,12.0,5.0,15.0,9.0,12.0,14.0
2023-05-13T06:40:00-05:00,11.0,12.0,,,13.0,15.0,8.0,13.0,8.0,16.0,7.0,8.0,12.0,5.0,15.0,7.0,11.0,13.0
2023-05-13T06:40:30-05:00,11.0,12.0,5.0,,15.0,14.0,9.0,13.0,8.0,15.0,8.0,8.0,10.0,5.0,16.0,8.0,12.0,15.0
2023-05-13T06:41:00-05:00,11.0,12.0,,,14.0,17.0,9.0,13.0,8.0,15.0,8.0,9.0,10.0,5.0,15.0,7.0,13.0,14.0
2023-05-13T06:41:30-05:00,11.0,14.0,5.0,,15.0,17.0,9.0,12.0,8.0,15.0,8.0,9.0,10.0,5.0,15.0,8.0,14.0,13.0
2023-05-13T06:42:00-05:00,11.0,13.0,5.0,,16.0,17.0,10.0,12.0,8.0,15.0,8.0,8.0,11.0,6.0,15.0,10.0,13.0,13.0
2023-05-13T06:42:30-05:00,11.0,14.0,5.0,,15.0,17.0,10.0,12.0,8.0,15.0,9.0,8.0,11.0,5.0,14.0,8.0,13.0,15.0
2023-05-13T06:43:00-05:00,11.0,13.0,,,16.0,18.0,10.0,12.0,8.0,15.0,8.0,8.0,10.0,5.0,14.0,9.0,13.0,14.0
2023-05-13T06:43:30-05:00,11.0,12.0,5.0,,17.0,19.0,10.0,12.0,8.0,15.0,8.0,8.0,10.0,5.0,13.0,9.0,12.0,14.0
2023-05-13T06:44:00-05:00,11.0,12.0,,,15.0,19.0,10.0,13.0,8.0,15.0,9.0,9.0,10.0,5.0,13.0,7.0,13.0,14.0
2023-05-13T06:44:30-05:00,11.0,12.0,5.0,22.0,14.0,19.0,10.0,13.0,8.0,15.0,9.0,9.0,10.0,5.0,13.0,9.0,14.0,14.0
2023-05-13T06:45:00-05:00,11.0,13.0,5.0,22.0,14.0,19.0,11.0,12.0,8.0,15.0,10.0,9.0,10.0,5.0,14.0,8.0,12.0,13.0
2023-05-13T06:45:30-05:00,11.0,12.0,5.0,20.0,15.0,19.0,10.0,13.0,8.0,15.0,10.0,9.0,11.0,5.0,14.0,10.0,12.0,12.0
2023-05-13T06:46:00-05:00,11.0,12.0,6.0,19.0,14.0,19.0,10.0,13.0,8.0,15.0,9.0,8.0,11.0,5.0,13.0,10.0,13.0,14.0
2023-05-13T06:46:30-05:00,11.0,13.0,,19.0,15.0,20.0,10.0,12.0,8.0,15.0,9.0,11.0,10.0,5.0,12.0,9.0,13.0,13.0
2023-05-13T06:47:00-05:00,11.0,14.0,6.0,19.0,14.0,20.0,10.0,13.0,8.0,16.0,8.0,10.0,10.0,5.0,12.0,9.0,12.0,14.0
2023-05-13T06:47:30-05:00,11.0,14.0,6.0,20.0,14.0,17.0,10.0,13.0,8.0,16.0,8.0,10.0,10.0,5.0,13.0,9.0,12.0,14.0
2023-05-13T06:48:00-05:00,11.0,13.0,5.0,19.0,,18.0,10.0,14.0,8.0,16.0,9.0,11.0,10.0,5.0,11.0,9.0,14.0,14.0
2023-05-13T06:48:30-05:00,11.0,14.0,5.0,20.0,14.0,18.0,10.0,14.0,8.0,16.0,10.0,11.0,11.0,4.0,12.0,9.0,14.0,13.0
2023-05-13T06:49:00-05:00,11.0,14.0,5.0,20.0,14.0,19.0,9.0,14.0,8.0,16.0,9.0,11.0,11.0,5.0,11.0,13.0,13.0,14.0
2023-05-13T06:49:30-05:00,11.0,14.0,,19.0,14.0,19.0,9.0,14.0,8.0,16.0,9.0,11.0,11.0,5.0,11.0,12.0,14.0,13.0
2023-05-13T06:50:00-05:00,11.0,15.0,6.0,21.0,13.0,19.0,10.0,13.0,8.0,16.0,10.0,11.0,11.0,5.0,10.0,12.0,13.0,14.0
2023-05-13T06:50:30-05:00,11.0,14.0,5.0,,13.0,16.0,9.0,14.0,8.0,16.0,9.0,11.0,10.0,5.0,9.0,10.0,14.0,15.0
2023-05-13T06:51:00-05:00,11.0,14.0,,22.0,13.0,16.0,9.0,14.0,8.0,16.0,9.0,11.0,11.0,6.0,8.0,10.0,14.0,15.0
2023-05-13T06:51:30-05:00,11.0,13.0,5.0,,13.0,16.0,9.0,14.0,8.0,16.0,9.0,12.0,10.0,5.0,8.0,11.0,14.0,15.0
2023-05-13T06:52:00-05:00,11.0,14.0,5.0,21.0,13.0,17.0,9.0,13.0,8.0,18.0,10.0,11.0,10.0,5.0,9.0,12.0,15.0,15.0
2023-05-13T06:52:30-05:00,11.0,14.0,5.0,21.0,13.0,16.0,8.0,14.0,8.0,18.0,10.0,12.0,11.0,5.0,8.0,9.0,13.0,15.0
2023-05-13T06:53:00-05:00,11.0,15.0,,20.0,14.0,16.0,9.0,12.0,8.0,18.0,10.0,12.0,10.0,5.0,8.0,11.0,15.0,15.0
2023-05-13T06:53:30-05:00,11.0,14.0,5.0,19.0,14.0,16.0,8.0,12.0,8.0,19.0,10.0,12.0,9.0,5.0,8.0,9.0,15.0,15.0
2023-05-13T06:54:00-05:00,11.0,14.0,5.0,20.0,14.0,15.0,9.0,13.0,8.0,19.0,9.0,12.0,9.0,5.0,9.0,13.0,,14.0
2023-05-13T06:55:00-05:00,11.0,14.0,6.0,18.0,14.0,15.0,9.0,13.0,8.0,19.0,9.0,12.0,11.0,6.0,9.0,10.0,14.0,15.0
2023-05-13T06:55:30-05:00,11.0,13.0,6.0,20.0,15.0,15.0,9.0,14.0,8.0,19.0,8.0,12.0,10.0,5.0,9.0,10.0,14.0,15.0
2023-05-13T06:56:00-05:00,11.0,13.0,,21.0,16.0,17.0,8.0,13.0,8.0,19.0,9.0,13.0,10.0,5.0,9.0,12.0,14.0,16.0
2023-05-13T06:56:30-05:00,11.0,13.0,6.0,21.0,15.0,16.0,8.0,13.0,8.0,19.0,9.0,13.0,11.0,5.0,8.0,11.0,15.0,14.0
2023-05-13T06:57:00-05:00,11.0,13.0,5.0,21.0,15.0,16.0,8.0,13.0,8.0,19.0,10.0,13.0,11.0,5.0,9.0,15.0,14.0,14.0
2023-05-13T06:57:30-05:00,11.0,13.0,5.0,20.0,14.0,17.0,8.0,13.0,8.0,19.0,10.0,12.0,11.0,5.0,8.0,9.0,13.0,14.0
2023-05-13T06:58:00-05:00,11.0,13.0,6.0,18.0,15.0,17.0,9.0,14.0,8.0,19.0,9.0,12.0,11.0,5.0,9.0,12.0,14.0,15.0
2023-05-13T06:58:30-05:00,11.0,13.0,6.0,17.0,15.0,17.0,9.0,13.0,8.0,19.0,10.0,13.0,10.0,5.0,9.0,11.0,14.0,15.0
2023-05-13T06:59:00-05:00,11.0,13.0,5.0,18.0,16.0,18.0,9.0,14.0,8.0,19.0,10.0,13.0,10.0,5.0,9.0,14.0,13.0,15.0
2023-05-13T06:59:30-05:00,11.0,13.0,5.0,16.0,16.0,15.0,8.0,13.0,8.0,19.0,10.0,13.0,10.0,4.0,9.0,14.0,14.0,15.0
2023-05-13T07:00:00-05:00,11.0,14.0,6.0,20.0,16.0,18.0,10.0,12.0,8.0,19.0,10.0,12.0,9.0,5.0,10.0,11.0,13.0,16.0
2023-05-13T07:00:30-05:00,11.0,14.0,5.0,,18.0,17.0,10.0,14.0,8.0,,10.0,13.0,10.0,4.0,10.0,11.0,13.0,14.0
2023-05-13T07:01:00-05:00,11.0,14.0,5.0,,19.0,18.0,9.0,14.0,8.0,19.0,9.0,13.0,11.0,5.0,11.0,13.0,14.0,14.0
2023-05-13T07:01:30-05:00,11.0,14.0,6.0,,17.0,19.0,10.0,14.0,8.0,19.0,9.0,13.0,11.0,5.0,10.0,12.0,15.0,14.0
2023-05-13T07:02:00-05:00,11.0,14.0,6.0,22.0,17.0,19.0,9.0,14.0,8.0,19.0,10.0,12.0,10.0,5.0,10.0,11.0,15.0,16.0
2023-05-13T07:02:30-05:00,11.0,14.0,5.0,21.0,17.0,17.0,9.0,14.0,8.0,19.0,10.0,13.0,11.0,5.0,10.0,12.0,14.0,16.0
2023-05-13T07:03:00-05:00,11.0,14.0,5.0,21.0,17.0,16.0,8.0,14.0,8.0,19.0,10.0,13.0,11.0,5.0,12.0,13.0,13.0,15.0
2023-05-13T07:03:30-05:00,11.0,13.0,5.0,,18.0,18.0,8.0,15.0,8.0,19.0,9.0,14.0,12.0,5.0,12.0,9.0,12.0,16.0
2023-05-13T07:04:00-05:00,11.0,13.0,6.0,22.0,,17.0,8.0,14.0,8.0,19.0,9.0,14.0,12.0,5.0,11.0,13.0,13.0,16.0
2023-05-13T07:04:30-05:00,11.0,13.0,5.0,,,18.0,9.0,14.0,8.0,19.0,9.0,14.0,12.0,5.0,11.0,13.0,14.0,16.0
2023-05-13T07:05:00-05:00,11.0,13.0,6.0,,,17.0,9.0,15.0,8.0,19.0,11.0,15.0,13.0,5.0,10.0,8.0,13.0,17.0
2023-05-13T07:05:30-05:00,11.0,12.0,5.0,,17.0,17.0,9.0,14.0,8.0,19.0,10.0,13.0,14.0,5.0,12.0,10.0,14.0,15.0
2023-05-13T07:06:00-05:00,11.0,13.0,5.0,,,16.0,10.0,13.0,8.0,19.0,10.0,15.0,14.0,5.0,12.0,11.0,14.0,17.0
2023-05-13T07:06:30-05:00,11.0,13.0,5.0,,,17.0,10.0,14.0,8.0,19.0,11.0,15.0,14.0,6.0,11.0,14.0,14.0,17.0
2023-05-13T07:07:00-05:00,11.0,13.0,5.0,,,16.0,10.0,13.0,8.0,19.0,11.0,15.0,15.0,5.0,11.0,11.0,14.0,16.0
2023-05-13T07:07:30-05:00,11.0,13.0,5.0,,19.0,17.0,10.0,13.0,8.0,19.0,10.0,15.0,14.0,5.0,11.0,10.0,13.0,17.0
2023-05-13T07:08:00-05:00,11.0,13.0,6.0,,17.0,17.0,9.0,13.0,8.0,19.0,9.0,15.0,13.0,6.0,12.0,12.0,12.0,18.0
2023-05-13T07:08:30-05:00,11.0,12.0,5.0,20.0,18.0,18.0,9.0,13.0,8.0,19.0,9.0,15.0,14.0,5.0,11.0,8.0,14.0,18.0
2023-05-13T07:09:00-05:00,11.0,13.0,6.0,21.0,17.0,19.0,10.0,13.0,8.0,19.0,10.0,15.0,14.0,5.0,11.0,11.0,13.0,18.0
2023-05-13T07:09:30-05:00,11.0,13.0,5.0,21.0,17.0,17.0,10.0,14.0,8.0,19.0,9.0,15.0,13.0,5.0,12.0,13.0,13.0,18.0
2023-05-13T07:10:00-05:00,11.0,13.0,6.0,20.0,16.0,19.0,9.0,14.0,8.0,19.0,9.0,15.0,13.0,5.0,11.0,9.0,13.0,17.0
2023-05-13T07:10:30-05:00,11.0,13.0,5.0,,17.0,20.0,9.0,14.0,8.0,19.0,9.0,16.0,13.0,4.0,13.0,11.0,12.0,17.0
2023-05-13T07:11:00-05:00,11.0,13.0,5.0,,16.0,21.0,9.0,13.0,8.0,19.0,8.0,14.0,13.0,5.0,14.0,11.0,11.0,18.0
2023-05-13T07:11:30-05:00,11.0,14.0,5.0,22.0,16.0,21.0,8.0,14.0,8.0,19.0,9.0,15.0,13.0,5.0,13.0,10.0,12.0,18.0
2023-05-13T07:12:00-05:00,11.0,13.0,5.0,21.0,17.0,24.0,10.0,14.0,8.0,19.0,10.0,14.0,12.0,4.0,13.0,10.0,12.0,18.0
2023-05-13T07:12:30-05:00,11.0,13.0,4.0,22.0,17.0,25.0,10.0,13.0,8.0,19.0,9.0,15.0,12.0,4.0,13.0,12.0,12.0,17.0
2023-05-13T07:13:00-05:00,11.0,14.0,5.0,22.0,17.0,24.0,9.0,14.0,8.0,19.0,9.0,15.0,12.0,4.0,13.0,11.0,12.0,17.0
2023-05-13T07:13:30-05:00,11.0,13.0,5.0,19.0,18.0,22.0,9.0,13.0,8.0,19.0,10.0,15.0,12.0,4.0,13.0,11.0,12.0,17.0
2023-05-13T07:14:00-05:00,11.0,13.0,5.0,19.0,17.0,20.0,9.0,14.0,8.0,19.0,9.0,15.0,12.0,4.0,13.0,11.0,12.0,17.0
2023-05-13T07:14:30-05:00,11.0,15.0,5.0,18.0,16.0,19.0,10.0,13.0,8.0,19.0,10.0,15.0,13.0,5.0,15.0,10.0,11.0,18.0
2023-05-13T07:15:00-05:00,11.0,12.0,5.0,19.0,17.0,18.0,9.0,12.0,8.0,19.0,9.0,15.0,13.0,5.0,13.0,8.0,12.0,19.0
2023-05-13T07:15:30-05:00,11.0,13.0,5.0,19.0,16.0,20.0,9.0,13.0,8.0,19.0,9.0,15.0,12.0,4.0,12.0,9.0,12.0,18.0
2023-05-13T07:16:30-05:00,11.0,12.0,5.0,19.0,16.0,18.0,11.0,14.0,8.0,19.0,9.0,16.0,12.0,4.0,13.0,8.0,11.0,19.0
2023-05-13T07:17:00-05:00,11.0,13.0,5.0,19.0,16.0,17.0,11.0,14.0,8.0,19.0,12.0,15.0,14.0,4.0,12.0,8.0,11.0,19.0
2023-05-13T07:17:30-05:00,11.0,12.0,5.0,18.0,18.0,15.0,11.0,12.0,8.0,14.0,10.0,14.0,15.0,4.0,11.0,10.0,11.0,20.0
2023-05-13T07:18:00-05:00,11.0,12.0,4.0,18.0,18.0,15.0,10.0,13.0,8.0,14.0,10.0,14.0,14.0,4.0,12.0,9.0,11.0,20.0
2023-05-13T07:18:30-05:00,11.0,12.0,5.0,19.0,19.0,15.0,11.0,12.0,8.0,14.0,9.0,14.0,12.0,5.0,11.0,9.0,11.0,20.0
2023-05-13T07:19:00-05:00,11.0,13.0,5.0,,18.0,14.0,,13.0,8.0,14.0,8.0,14.0,13.0,4.0,12.0,9.0,10.0,20.0
2023-05-13T07:19:30-05:00,11.0,13.0,5.0,,17.0,14.0,13.0,13.0,8.0,14.0,8.0,14.0,13.0,4.0,12.0,8.0,11.0,19.0
2023-05-13T07:20:00-05:00,11.0,13.0,5.0,,18.0,14.0,,15.0,8.0,14.0,10.0,15.0,12.0,4.0,12.0,10.0,13.0,18.0
2023-05-13T07:20:30-05:00,11.0,13.0,6.0,,17.0,15.0,13.0,14.0,8.0,14.0,8.0,14.0,12.0,6.0,13.0,10.0,12.0,17.0
2023-05-13T07:21:00-05:00,11.0,12.0,6.0,,17.0,14.0,12.0,14.0,8.0,14.0,9.0,14.0,11.0,6.0,14.0,8.0,12.0,18.0
2023-05-13T07:21:30-05:00,11.0,11.0,6.0,21.0,17.0,14.0,13.0,14.0,8.0,14.0,10.0,15.0,12.0,5.0,14.0,8.0,13.0,17.0
2023-05-13T07:22:00-05:00,11.0,12.0,6.0,21.0,18.0,16.0,13.0,14.0,8.0,14.0,8.0,15.0,11.0,6.0,15.0,9.0,13.0,18.0
2023-05-13T07:22:30-05:00,11.0,13.0,7.0,21.0,17.0,16.0,13.0,16.0,8.0,14.0,9.0,15.0,11.0,7.0,15.0,12.0,14.0,19.0
2023-05-13T07:23:00-05:00,11.0,12.0,8.0,19.0,17.0,14.0,,14.0,8.0,14.0,9.0,14.0,11.0,8.0,15.0,11.0,12.0,19.0
2023-05-13T07:23:30-05:00,11.0,12.0,9.0,18.0,19.0,14.0,,14.0,8.0,14.0,9.0,16.0,11.0,7.0,14.0,12.0,13.0,19.0
2023-05-13T07:24:00-05:00,11.0,10.0,9.0,20.0,16.0,14.0,,15.0,8.0,14.0,9.0,15.0,12.0,,15.0,14.0,14.0,18.0
2023-05-13T07:24:30-05:00,11.0,10.0,10.0,22.0,16.0,14.0,,15.0,8.0,14.0,10.0,15.0,11.0,,15.0,13.0,12.0,19.0
2023-05-13T07:25:00-05:00,11.0,11.0,11.0,20.0,15.0,15.0,,15.0,8.0,14.0,10.0,15.0,11.0,,15.0,11.0,11.0,17.0
2023-05-13T07:25:30-05:00,11.0,11.0,11.0,21.0,14.0,16.0,,15.0,8.0,14.0,9.0,15.0,10.0,,13.0,10.0,12.0,16.0
2023-05-13T07:26:00-05:00,11.0,10.0,,20.0,13.0,15.0,,15.0,8.0,14.0,9.0,15.0,10.0,,13.0,12.0,11.0,15.0
2023-05-13T07:26:30-05:00,11.0,11.0,,20.0,13.0,14.0,,15.0,8.0,14.0,9.0,14.0,11.0,,12.0,13.0,11.0,16.0
2023-05-13T07:27:00-05:00,11.0,10.0,11.0,21.0,12.0,14.0,,13.0,8.0,14.0,9.0,15.0,10.0,,12.0,14.0,11.0,16.0
2023-05-13T07:27:30-05:00,11.0,10.0,,19.0,12.0,15.0,,13.0,8.0,14.0,11.0,15.0,11.0,,13.0,13.0,9.0,16.0
2023-05-13T07:28:00-05:00,11.0,11.0,,20.0,11.0,15.0,,14.0,8.0,14.0,9.0,15.0,10.0,,14.0,15.0,9.0,16.0
2023-05-13T07:28:30-05:00,11.0,9.0,,20.0,12.0,16.0,,13.0,8.0,14.0,9.0,14.0,10.0,,13.0,12.0,9.0,15.0
2023-05-13T07:29:00-05:00,11.0,10.0,10.0,20.0,12.0,17.0,,13.0,8.0,14.0,10.0,14.0,10.0,,13.0,,9.0,15.0
2023-05-13T07:29:30-05:00,11.0,11.0,10.0,21.0,11.0,15.0,,14.0,8.0,14.0,11.0,15.0,10.0,,15.0,,9.0,16.0
2023-05-13T07:30:00-05:00,11.0,12.0,10.0,21.0,11.0,,,13.0,8.0,14.0,11.0,15.0,10.0,,13.0,13.0,9.0,16.0
2023-05-13T07:30:30-05:00,11.0,11.0,10.0,20.0,11.0,17.0,,13.0,8.0,14.0,10.0,16.0,10.0,,13.0,,9.0,16.0
2023-05-13T07:31:00-05:00,11.0,11.0,9.0,21.0,10.0,14.0,,13.0,8.0,14.0,10.0,14.0,10.0,,14.0,,9.0,20.0
2023-05-13T07:31:30-05:00,11.0,12.0,9.0,20.0,10.0,14.0,,12.0,8.0,14.0,11.0,14.0,11.0,,13.0,,10.0,20.0
2023-05-13T07:32:00-05:00,11.0,11.0,10.0,21.0,11.0,15.0,,13.0,8.0,14.0,16.0,15.0,11.0,,15.0,,8.0,17.0
2023-05-13T07:32:30-05:00,11.0,11.0,10.0,21.0,,14.0,,14.0,8.0,14.0,16.0,15.0,12.0,8.0,16.0,,,17.0
2023-05-13T07:33:00-05:00,11.0,12.0,10.0,,10.0,16.0,,15.0,8.0,14.0,14.0,14.0,11.0,8.0,15.0,14.0,,20.0
2023-05-13T07:33:30-05:00,11.0,11.0,9.0,20.0,10.0,14.0,,15.0,8.0,14.0,10.0,14.0,12.0,8.0,14.0,,9.0,17.0
2023-05-13T07:34:00-05:00,11.0,12.0,8.0,22.0,11.0,15.0,,14.0,8.0,14.0,9.0,14.0,11.0,8.0,16.0,,9.0,16.0
2023-05-13T07:34:30-05:00,11.0,11.0,8.0,,11.0,15.0,,13.0,8.0,14.0,13.0,14.0,12.0,8.0,17.0,,8.0,15.0
2023-05-13T07:35:00-05:00,11.0,11.0,8.0,,11.0,14.0,,13.0,8.0,14.0,12.0,15.0,11.0,8.0,17.0,,9.0,15.0
2023-05-13T07:35:30-05:00,11.0,12.0,9.0,22.0,10.0,13.0,,13.0,8.0,14.0,17.0,14.0,11.0,7.0,17.0,,10.0,16.0
2023-05-13T07:36:00-05:00,11.0,11.0,9.0,22.0,11.0,13.0,,13.0,8.0,14.0,16.0,15.0,10.0,8.0,18.0,,11.0,16.0
2023-05-13T07:36:30-05:00,11.0,11.0,10.0,,11.0,14.0,,13.0,8.0,14.0,14.0,14.0,12.0,,17.0,,10.0,16.0
2023-05-13T07:37:00-05:00,11.0,12.0,9.0,21.0,11.0,13.0,,13.0,8.0,14.0,,14.0,11.0,,16.0,,11.0,16.0
2023-05-13T07:37:30-05:00,11.0,11.0,11.0,20.0,10.0,14.0,,13.0,8.0,14.0,16.0,16.0,12.0,,14.0,,11.0,16.0
2023-05-13T07:38:00-05:00,11.0,12.0,11.0,20.0,11.0,13.0,,13.0,8.0,14.0,14.0,14.0,12.0,,15.0,,11.0,17.0
2023-05-13T07:38:30-05:00,11.0,11.0,,20.0,10.0,14.0,,15.0,8.0,14.0,11.0,14.0,12.0,,13.0,,11.0,16.0
2023-05-13T07:39:00-05:00,11.0,11.0,,19.0,9.0,16.0,,12.0,8.0,14.0,,14.0,12.0,,15.0,,11.0,15.0
2023-05-13T07:39:30-05:00,11.0,11.0,,19.0,10.0,16.0,,12.0,8.0,14.0,16.0,15.0,12.0,,13.0,,13.0,17.0
2023-05-13T07:40:00-05:00,11.0,11.0,,21.0,9.0,20.0,,13.0,8.0,14.0,13.0,15.0,12.0,,14.0,,12.0,16.0
2023-05-13T07:40:30-05:00,11.0,11.0,,21.0,9.0,21.0,,13.0,8.0,14.0,14.0,15.0,13.0,,14.0,,11.0,17.0
2023-05-13T07:41:00-05:00,11.0,10.0,,20.0,9.0,22.0,,12.0,8.0,14.0,17.0,14.0,12.0,,14.0,,12.0,16.0
2023-05-13T07:41:30-05:00,11.0,11.0,,20.0,9.0,22.0,,13.0,8.0,14.0,13.0,14.0,12.0,,13.0,,14.0,17.0
2023-05-13T07:42:00-05:00,11.0,11.0,,22.0,8.0,22.0,,13.0,8.0,14.0,12.0,16.0,13.0,,15.0,,15.0,17.0
2023-05-13T07:42:30-05:00,11.0,11.0,10.0,,9.0,20.0,,15.0,8.0,14.0,12.0,14.0,11.0,,14.0,,15.0,16.0
2023-05-13T07:43:00-05:00,11.0,11.0,,,10.0,20.0,,13.0,8.0,14.0,13.0,15.0,12.0,8.0,14.0,,15.0,17.0
2023-05-13T07:43:30-05:00,11.0,10.0,10.0,,9.0,21.0,,13.0,8.0,15.0,13.0,15.0,12.0,,14.0,,15.0,16.0
2023-05-13T07:44:00-05:00,11.0,10.0,10.0,,9.0,19.0,,12.0,8.0,15.0,15.0,15.0,12.0,8.0,14.0,,13.0,16.0
2023-05-13T07:44:30-05:00,11.0,10.0,9.0,,9.0,20.0,,13.0,8.0,15.0,15.0,15.0,12.0,8.0,14.0,,14.0,15.0
2023-05-13T07:45:00-05:00,11.0,11.0,8.0,,9.0,21.0,,13.0,8.0,14.0,15.0,15.0,11.0,7.0,13.0,,13.0,16.0
2023-05-13T07:45:30-05:00,11.0,11.0,7.0,,8.0,21.0,,13.0,8.0,14.0,15.0,16.0,12.0,8.0,12.0,,12.0,17.0
2023-05-13T07:46:00-05:00,11.0,11.0,8.0,22.0,9.0,20.0,,12.0,8.0,14.0,15.0,17.0,11.0,7.0,12.0,,11.0,18.0
2023-05-13T07:46:30-05:00,11.0,11.0,7.0,22.0,10.0,19.0,,12.0,8.0,14.0,14.0,15.0,11.0,6.0,12.0,,12.0,18.0
2023-05-13T07:47:00-05:00,11.0,12.0,7.0,,9.0,20.0,,13.0,8.0,14.0,14.0,15.0,10.0,6.0,11.0,,12.0,16.0
2023-05-13T07:47:30-05:00,11.0,10.0,6.0,22.0,10.0,21.0,,13.0,8.0,15.0,14.0,15.0,11.0,6.0,13.0,,13.0,16.0
2023-05-13T07:48:00-05:00,11.0,11.0,7.0,22.0,9.0,20.0,,13.0,8.0,15.0,,15.0,10.0,5.0,12.0,,13.0,16.0
2023-05-13T07:48:30-05:00,11.0,11.0,6.0,,10.0,19.0,,12.0,8.0,15.0,,16.0,10.0,5.0,12.0,,14.0,16.0
2023-05-13T07:49:00-05:00,11.0,11.0,6.0,21.0,10.0,20.0,,12.0,8.0,15.0,15.0,15.0,11.0,5.0,13.0,14.0,14.0,16.0
2023-05-13T07:49:30-05:00,11.0,10.0,6.0,19.0,10.0,21.0,,13.0,8.0,15.0,14.0,16.0,10.0,5.0,13.0,,13.0,16.0
2023-05-13T07:50:00-05:00,11.0,12.0,6.0,19.0,10.0,20.0,,12.0,8.0,15.0,,15.0,11.0,6.0,12.0,,14.0,16.0
