DATETIME,TANGARA_25CE,TANGARA_D89A,TANGARA_1282,TANGARA_14D6,TANGARA_1A1E,TANGARA_2492,TANGARA_2822,TANGARA_2E9A,TANGARA_307A,TANGARA_333E,TANGARA_3782,TANGARA_48C6,TANGARA_F1AE,TANGARA_06BE
2023-05-22T00:00:00-05:00,99.61,,,,,,70.44,,74.53,,76.52,,73.66,
2023-05-22T00:00:30-05:00,99.61,,73.34,76.61,79.76,62.33,70.36,65.66,74.88,,76.77,99.9,73.57,78.87
2023-05-22T00:01:00-05:00,99.61,,73.57,76.79,78.88,62.41,70.52,65.75,74.84,,76.57,99.9,73.64,78.61
2023-05-22T00:01:30-05:00,99.61,75.41,73.4,77.28,80.04,62.35,70.68,65.65,74.7,,76.39,99.9,73.67,79.01
2023-05-22T00:02:00-05:00,99.61,76.09,73.61,77.28,80.35,62.47,70.61,65.8,74.76,,76.54,99.9,73.67,79.01
2023-05-22T00:02:30-05:00,99.61,75.41,73.87,76.76,80.6,62.4,70.69,65.84,74.65,,76.45,99.9,73.85,79.12
2023-05-22T00:03:00-05:00,99.61,,73.94,76.86,79.54,62.46,70.4,66.02,74.75,,76.53,99.9,73.82,78.65
2023-05-22T00:03:30-05:00,99.61,,74.02,77.16,79.37,62.52,70.49,65.87,74.81,,76.6,99.9,73.86,78.39
2023-05-22T00:04:00-05:00,99.61,,73.94,77.33,79.71,62.6,70.57,65.83,74.96,,76.52,99.9,73.89,78.41
2023-05-22T00:04:30-05:00,99.61,,73.87,76.84,80.17,62.66,70.63,65.87,74.9,,76.61,99.9,74.05,78.47
2023-05-22T00:05:00-05:00,99.61,,73.76,77.02,80.17,62.68,70.63,65.9,74.9,,76.57,99.9,74.24,78.42
2023-05-22T00:05:30-05:00,99.61,,73.68,77.19,80.2,62.81,70.6,66.02,75.08,,76.52,99.9,74.38,78.18
2023-05-22T00:06:00-05:00,99.61,,73.94,77.25,79.25,62.67,70.51,66.28,75.58,,76.53,99.9,74.51,78.03
2023-05-22T00:06:30-05:00,99.61,,74.03,76.93,79.82,62.69,70.76,66.32,75.81,,76.28,99.9,74.51,78.25
2023-05-22T00:07:00-05:00,99.61,,74.08,76.91,79.28,62.88,70.54,65.98,75.45,,76.13,99.9,74.72,78.43
2023-05-22T00:07:30-05:00,99.61,,74.11,76.75,79.23,62.75,70.67,66.35,75.39,,76.01,99.9,75.01,78.42
2023-05-22T00:08:00-05:00,99.61,,74.0,76.58,79.71,62.71,70.72,66.28,75.49,,75.97,99.9,74.99,77.72
2023-05-22T00:08:30-05:00,99.61,,73.98,77.14,79.89,62.79,70.62,66.34,75.19,,75.78,99.9,75.01,77.4
2023-05-22T00:09:00-05:00,99.61,,74.11,77.23,79.52,62.8,70.84,66.02,75.12,,75.69,99.9,74.93,77.31
2023-05-22T00:09:30-05:00,99.61,,74.09,77.19,78.98,62.61,70.91,65.92,75.13,,75.56,99.9,74.6,77.46
2023-05-22T00:10:00-05:00,99.61,,74.15,76.87,79.27,62.62,70.97,65.94,75.13,,75.45,99.9,74.33,77.47
2023-05-22T00:10:30-05:00,99.61,,74.09,76.62,80.16,62.55,70.93,66.01,75.04,,75.38,99.9,74.15,77.42
2023-05-22T00:11:00-05:00,99.61,,74.21,77.3,80.63,62.55,70.97,66.19,75.08,,75.27,99.9,74.15,77.48
2023-05-22T00:11:30-05:00,99.61,,74.56,77.06,80.17,62.54,71.09,66.2,75.07,,75.17,99.9,74.04,77.73
2023-05-22T00:12:00-05:00,99.61,,74.48,77.0,80.11,62.55,71.13,65.98,74.99,,75.03,99.9,74.0,77.45
2023-05-22T00:12:30-05:00,99.61,,74.4,77.05,80.1,62.67,71.19,65.97,74.87,,74.94,99.9,73.94,77.68
2023-05-22T00:13:00-05:00,99.61,,74.52,77.43,80.26,62.99,71.04,66.25,74.92,,74.74,99.9,73.92,77.04
2023-05-22T00:13:30-05:00,99.61,,74.62,76.9,80.31,62.97,71.35,66.2,75.02,,74.65,99.9,74.06,77.19
2023-05-22T00:14:00-05:00,99.61,,74.57,77.41,80.1,62.91,71.34,66.33,74.97,,74.56,99.9,73.81,77.23
2023-05-22T00:14:30-05:00,99.61,,74.61,77.52,80.07,62.67,71.31,66.09,75.14,,74.39,99.9,73.68,77.17
2023-05-22T00:15:00-05:00,99.61,,74.68,76.84,80.21,62.64,71.14,66.11,75.05,,74.33,99.9,73.53,76.18
2023-05-22T00:15:30-05:00,99.61,,74.74,77.23,80.07,62.63,71.36,66.07,74.94,,74.27,99.9,73.48,76.4
2023-05-22T00:16:00-05:00,99.61,,74.79,76.8,80.21,62.77,71.3,65.85,74.95,,74.07,99.9,73.48,76.27
2023-05-22T00:16:30-05:00,99.61,,74.96,77.33,80.05,62.68,71.14,66.12,75.24,,74.06,99.9,73.66,76.5
2023-05-22T00:17:00-05:00,99.61,,75.25,77.63,79.8,63.12,71.24,66.11,75.28,,73.96,99.9,73.64,76.9
2023-05-22T00:17:30-05:00,99.61,,75.41,77.27,80.23,63.13,71.31,66.12,75.47,,73.85,99.9,73.63,77.06
2023-05-22T00:18:00-05:00,99.61,,75.4,77.34,80.0,62.77,71.31,66.13,75.39,,73.87,99.9,73.77,77.42
2023-05-22T00:18:30-05:00,99.61,,75.41,76.87,80.25,62.8,71.32,66.04,75.42,,73.78,99.9,73.86,76.47
2023-05-22T00:19:00-05:00,99.61,,75.44,77.08,79.94,62.83,71.38,65.99,75.44,,73.68,99.9,73.84,76.33
2023-05-22T00:19:30-05:00,99.61,,75.5,76.65,79.93,62.74,71.49,65.99,75.42,,73.5,99.9,73.94,77.43
2023-05-22T00:20:00-05:00,99.61,,75.52,76.47,79.82,62.68,71.69,66.01,75.32,,73.65,99.9,73.96,77.47
2023-05-22T00:20:30-05:00,99.61,,75.51,76.46,80.14,62.72,71.85,66.26,75.29,,73.61,99.9,73.96,77.33
2023-05-22T00:21:00-05:00,99.61,,75.25,76.96,79.88,62.61,71.74,66.09,75.29,,73.44,99.9,73.94,77.42
2023-05-22T00:21:30-05:00,99.61,,75.15,76.62,79.34,62.52,71.71,65.9,75.24,,73.26,99.9,73.79,77.48
2023-05-22T00:22:00-05:00,99.61,,74.93,76.52,79.42,62.44,71.74,66.15,75.45,,73.24,99.9,73.8,75.83
2023-05-22T00:22:30-05:00,99.61,,74.77,76.41,79.65,62.37,71.85,65.93,75.72,,73.11,99.9,73.65,75.92
2023-05-22T00:23:00-05:00,99.61,,74.6,76.3,79.64,62.35,71.89,65.79,75.5,,72.95,99.9,73.53,76.37
2023-05-22T00:23:30-05:00,99.61,,74.56,76.3,79.38,62.34,72.05,65.82,76.14,,72.89,99.9,73.5,76.69
2023-05-22T00:24:00-05:00,99.61,,74.62,76.44,79.31,62.28,71.86,66.0,75.8,,72.78,99.9,73.39,76.43
2023-05-22T00:24:30-05:00,99.61,,74.78,76.64,79.07,62.2,71.94,65.88,75.63,,72.68,99.9,73.27,76.12
2023-05-22T00:25:00-05:00,99.61,,74.87,76.86,79.57,62.46,71.97,66.23,75.44,,72.63,99.9,73.27,76.38
2023-05-22T00:25:30-05:00,99.61,,74.94,76.32,79.52,62.39,72.54,66.09,75.41,,72.62,99.9,73.29,76.8
2023-05-22T00:26:00-05:00,99.61,,74.88,76.64,79.11,62.27,72.57,65.97,75.77,,72.48,99.9,73.34,
2023-05-22T00:26:30-05:00,99.61,,74.85,76.77,79.81,62.24,72.49,66.38,75.5,,72.3,99.9,73.38,76.8
2023-05-22T00:27:00-05:00,99.61,,74.78,77.17,79.02,62.3,72.36,66.07,75.41,,72.31,99.9,73.12,75.52
2023-05-22T00:27:30-05:00,99.61,,74.83,76.7,78.67,62.35,72.85,66.13,75.2,,72.17,99.9,72.99,75.78
2023-05-22T00:28:00-05:00,99.61,,74.94,76.58,79.55,62.32,72.78,66.0,75.01,,72.18,99.9,72.9,75.79
2023-05-22T00:28:30-05:00,99.61,,75.07,76.6,79.5,62.24,72.99,65.98,75.05,,72.09,99.9,72.81,75.83
2023-05-22T00:29:00-05:00,99.61,,75.15,76.62,79.05,62.19,73.38,66.0,75.65,,72.03,99.9,72.82,75.8
2023-05-22T00:29:30-05:00,99.61,,75.21,76.65,79.29,62.24,73.33,66.27,75.16,,71.9,99.9,72.82,75.84
2023-05-22T00:30:00-05:00,99.61,,75.29,76.46,79.1,62.15,73.49,66.23,75.16,,71.89,99.9,72.86,76.13
2023-05-22T00:30:30-05:00,99.61,,75.39,76.26,79.39,62.2,73.66,66.28,76.29,,71.86,99.9,73.04,76.18
2023-05-22T00:31:00-05:00,99.61,,75.38,76.23,79.44,62.23,73.7,66.04,75.4,,71.8,99.9,73.24,76.35
2023-05-22T00:31:30-05:00,99.61,,75.49,76.16,78.61,62.4,73.58,66.22,76.16,,71.79,99.9,73.25,76.76
2023-05-22T00:32:00-05:00,99.61,,75.49,76.31,79.35,62.4,73.32,66.27,75.94,,71.81,99.9,73.19,76.98
2023-05-22T00:32:30-05:00,99.61,,75.48,76.06,79.45,62.62,73.46,66.25,75.82,,71.75,99.9,73.38,77.05
2023-05-22T00:33:00-05:00,99.61,,75.45,76.09,79.31,62.51,73.46,66.43,76.1,,71.84,99.9,73.59,77.12
2023-05-22T00:33:30-05:00,99.61,,75.47,76.2,79.4,62.46,74.0,66.14,75.63,,71.78,99.9,73.63,77.29
2023-05-22T00:34:00-05:00,99.61,,75.52,76.02,79.06,62.42,73.51,66.14,75.73,,71.68,99.9,73.63,76.93
2023-05-22T00:34:30-05:00,99.61,,75.58,76.02,79.0,62.28,73.77,66.05,75.7,,71.74,99.9,73.55,77.08
2023-05-22T00:35:00-05:00,99.61,,75.6,76.12,78.61,62.51,73.29,66.04,75.77,,71.7,99.9,73.47,78.04
2023-05-22T00:35:30-05:00,99.61,,75.62,76.0,78.47,62.51,73.73,66.1,75.82,,71.88,99.9,73.43,77.3
2023-05-22T00:36:00-05:00,99.61,,75.71,75.62,78.86,62.3,73.78,66.41,75.93,,72.01,99.9,73.34,77.79
2023-05-22T00:36:30-05:00,99.61,,75.52,75.6,78.72,62.22,74.03,66.35,75.87,,72.13,99.9,73.35,78.14
2023-05-22T00:37:00-05:00,99.61,,75.45,76.07,78.7,62.66,74.39,66.15,75.73,,72.23,99.9,73.49,77.87
2023-05-22T00:37:30-05:00,99.61,,75.4,76.13,78.57,62.43,74.63,66.12,75.68,,72.48,99.9,73.58,78.0
2023-05-22T00:38:00-05:00,99.61,,75.35,75.97,78.47,62.53,74.47,66.22,75.79,,72.54,99.9,73.47,78.27
2023-05-22T00:38:30-05:00,99.61,,75.27,76.19,77.96,62.82,74.29,66.15,75.99,,72.66,99.9,73.47,77.82
2023-05-22T00:39:00-05:00,99.61,,74.98,76.11,77.38,62.69,74.61,66.1,75.65,,72.68,99.9,73.47,
2023-05-22T00:39:30-05:00,99.61,,74.88,76.17,77.66,62.9,74.35,66.18,75.55,,72.75,99.9,73.47,77.85
2023-05-22T00:40:00-05:00,99.61,,74.77,75.8,78.36,62.49,75.15,66.31,75.88,,72.79,99.9,73.53,77.63
2023-05-22T00:40:30-05:00,99.61,,74.82,76.35,77.72,62.34,74.72,66.08,76.09,,72.98,99.9,73.57,77.53
2023-05-22T00:41:00-05:00,99.61,,74.82,75.79,77.74,62.35,74.8,66.24,75.62,,73.06,99.9,73.68,77.74
2023-05-22T00:41:30-05:00,99.61,,74.89,76.5,78.39,62.44,75.27,66.0,75.86,,73.16,99.9,73.72,78.17
2023-05-22T00:42:00-05:00,99.61,,74.73,76.37,78.15,62.6,74.42,66.33,75.95,,73.35,99.9,73.69,77.87
2023-05-22T00:42:30-05:00,99.61,,74.69,76.18,78.25,62.79,75.14,66.04,75.84,,73.54,99.9,73.65,77.94
2023-05-22T00:43:00-05:00,99.61,,74.57,76.03,78.49,62.6,74.89,66.28,75.89,,73.68,99.9,73.6,78.08
2023-05-22T00:43:30-05:00,99.61,,74.68,76.05,78.63,62.56,75.04,66.15,75.81,,73.77,99.9,73.6,77.69
2023-05-22T00:44:00-05:00,99.61,,74.74,76.25,77.91,62.51,74.73,66.39,75.7,,73.82,99.9,73.6,77.71
2023-05-22T00:44:30-05:00,99.61,,74.76,76.01,77.92,62.52,74.76,66.41,75.8,,74.01,99.9,73.51,78.65
2023-05-22T00:45:00-05:00,99.61,,74.76,76.04,77.52,62.53,74.74,66.44,75.99,,74.08,99.9,73.49,78.5
2023-05-22T00:45:30-05:00,99.61,,74.99,75.79,77.81,62.52,75.12,66.42,76.84,,74.22,99.9,73.46,78.47
2023-05-22T00:46:00-05:00,99.61,,74.81,75.99,78.05,62.4,74.96,66.28,76.55,,74.28,99.9,73.5,78.36
2023-05-22T00:46:30-05:00,99.61,,74.88,76.1,78.16,62.36,74.51,66.3,76.36,,74.29,99.9,73.59,78.5
2023-05-22T00:47:00-05:00,99.61,,74.88,76.12,78.2,62.43,74.5,66.29,76.0,,74.17,99.9,73.73,
2023-05-22T00:47:30-05:00,99.61,,74.9,75.83,78.19,62.54,73.89,66.68,76.14,,74.2,99.9,73.89,78.34
2023-05-22T00:48:00-05:00,99.61,,74.97,75.95,78.01,62.52,74.41,66.39,76.11,,74.33,99.9,73.89,78.67
2023-05-22T00:48:30-05:00,99.61,,75.07,75.86,78.43,62.51,73.86,66.49,76.53,,74.32,99.9,73.77,78.4
2023-05-22T00:49:00-05:00,99.61,,75.0,75.63,78.28,62.57,74.21,66.52,75.85,,74.66,99.9,73.83,77.82
2023-05-22T00:49:30-05:00,99.61,,75.05,75.7,78.48,62.7,74.43,66.51,76.32,,74.78,99.9,73.89,77.95
2023-05-22T00:50:00-05:00,99.61,,75.0,75.43,78.05,62.69,74.37,66.47,76.08,,74.97,99.9,73.91,77.93
2023-05-22T00:50:30-05:00,99.61,,75.11,75.32,77.77,62.47,74.12,66.31,75.93,,75.1,99.9,73.89,77.96
2023-05-22T00:51:00-05:00,99.61,,75.11,75.42,77.43,62.68,74.48,66.47,76.07,,75.15,99.9,73.85,77.95
2023-05-22T00:51:30-05:00,99.61,,75.11,75.41,77.94,62.72,74.51,66.64,76.12,,75.28,99.9,73.96,78.27
2023-05-22T00:52:00-05:00,99.61,,74.92,75.54,77.94,62.48,74.67,66.43,76.05,,75.41,99.9,74.06,77.88
2023-05-22T00:52:30-05:00,99.61,,74.75,75.87,78.39,62.5,74.58,66.56,76.02,,75.55,99.9,74.06,77.49
2023-05-22T00:53:00-05:00,99.61,,74.67,76.29,78.22,62.95,74.69,66.46,75.95,,75.4,99.9,74.19,77.28
2023-05-22T00:53:30-05:00,99.61,,74.52,76.47,78.01,63.17,74.53,66.69,75.84,,75.38,99.9,74.15,77.38
2023-05-22T00:54:00-05:00,99.61,,74.49,76.05,77.21,62.85,73.74,66.56,76.34,,75.57,99.9,74.15,77.79
2023-05-22T00:54:30-05:00,99.61,,74.61,75.71,77.39,62.74,73.42,66.64,76.16,,75.63,99.9,74.12,78.26
2023-05-22T00:55:00-05:00,99.61,,74.52,75.61,77.38,62.77,73.35,66.58,76.01,,75.68,99.9,74.04,77.92
2023-05-22T00:55:30-05:00,99.61,,74.64,75.91,77.22,62.79,73.39,66.51,76.15,,75.8,99.9,74.07,77.68
2023-05-22T00:56:00-05:00,99.61,,74.62,75.83,77.22,62.86,73.63,66.74,76.18,,75.88,99.9,74.13,77.77
2023-05-22T00:56:30-05:00,99.61,,74.62,75.92,77.43,62.71,73.13,66.68,76.18,,75.79,99.9,74.09,77.6
2023-05-22T00:57:00-05:00,99.61,,74.43,75.89,77.52,62.98,73.42,66.55,76.57,,75.73,99.9,74.09,77.39
2023-05-22T00:57:30-05:00,99.61,,74.43,75.6,77.33,63.07,73.75,66.35,76.9,,,99.9,74.09,76.87
2023-05-22T00:58:00-05:00,99.61,,74.29,75.7,77.46,63.06,73.49,66.37,76.3,,75.7,99.9,74.0,76.81
2023-05-22T00:58:30-05:00,99.61,,74.32,75.92,77.44,63.08,73.5,66.52,76.12,,75.63,99.9,74.03,76.82
2023-05-22T00:59:00-05:00,99.61,,74.13,75.97,77.8,63.12,73.53,66.6,76.34,,75.54,99.9,74.11,76.62
2023-05-22T00:59:30-05:00,99.61,,74.07,75.97,77.65,63.25,73.59,67.22,76.26,,75.52,99.9,74.26,76.75
2023-05-22T01:00:00-05:00,99.61,,74.03,76.27,78.03,63.26,73.81,66.56,76.31,,75.36,99.9,74.24,76.8
2023-05-22T01:00:30-05:00,99.61,,74.05,76.59,78.51,63.1,73.82,66.51,76.33,,75.22,99.9,74.32,77.79
2023-05-22T01:01:00-05:00,99.61,,73.89,76.63,78.56,63.23,73.81,66.42,76.49,,75.39,99.9,74.37,77.49
2023-05-22T01:01:30-05:00,99.61,,73.95,76.31,78.24,63.43,73.79,66.58,76.34,,75.21,99.9,74.37,77.04
2023-05-22T01:02:00-05:00,99.61,,74.06,76.27,78.06,63.19,74.11,66.52,76.3,,75.18,99.9,74.35,76.89
2023-05-22T01:02:30-05:00,99.61,,74.06,76.29,78.67,63.24,74.21,66.45,76.34,,75.21,99.9,74.27,77.28
2023-05-22T01:03:00-05:00,99.61,,74.1,76.45,78.37,63.18,73.76,66.58,76.35,,75.34,99.9,74.44,77.01
2023-05-22T01:03:30-05:00,99.61,,74.14,76.3,78.56,63.19,73.84,66.51,76.49,,75.21,99.9,74.34,76.53
2023-05-22T01:04:00-05:00,99.61,,74.12,76.08,78.68,62.96,73.75,66.62,76.44,,75.02,99.9,74.37,76.85
2023-05-22T01:04:30-05:00,99.61,,74.28,76.1,78.81,62.94,73.62,66.8,76.39,,75.03,99.9,74.27,76.73
2023-05-22T01:05:00-05:00,99.61,,74.22,76.0,78.58,62.87,73.54,66.84,76.39,,74.96,99.9,74.29,76.8
2023-05-22T01:05:30-05:00,99.61,,74.22,76.1,78.69,62.92,73.56,66.69,76.33,,74.9,99.9,74.38,76.78
2023-05-22T01:06:00-05:00,99.61,,74.25,76.58,78.88,62.94,73.48,66.79,76.62,,74.89,99.9,74.38,76.96
2023-05-22T01:06:30-05:00,99.61,,74.19,76.65,78.75,62.99,73.59,66.44,76.33,,74.82,99.9,74.37,77.07
2023-05-22T01:07:00-05:00,99.61,,74.2,76.2,78.63,62.89,73.57,66.72,76.37,,74.72,99.9,74.3,76.6
2023-05-22T01:07:30-05:00,99.61,,74.12,76.02,78.22,62.93,73.57,66.71,76.24,,74.49,99.9,74.26,77.32
2023-05-22T01:08:00-05:00,99.61,,74.09,75.96,77.45,62.79,73.59,66.79,76.24,,74.45,99.9,74.43,77.61
2023-05-22T01:08:30-05:00,99.61,,74.0,75.88,77.5,62.88,73.79,66.58,76.32,,74.59,99.9,74.52,77.92
2023-05-22T01:09:00-05:00,99.61,,73.91,75.83,77.25,62.85,73.74,66.51,76.59,,74.58,99.9,74.55,77.82
2023-05-22T01:09:30-05:00,99.61,,73.83,75.68,77.11,62.74,73.71,67.04,76.54,,74.51,99.9,74.5,77.91
2023-05-22T01:10:00-05:00,99.61,,73.91,75.74,77.09,62.71,73.67,66.65,76.51,,74.49,99.9,74.49,77.96
2023-05-22T01:10:30-05:00,99.61,,73.95,75.75,77.21,62.9,73.51,66.68,76.38,,74.54,99.9,74.4,77.18
2023-05-22T01:11:00-05:00,99.61,,73.96,75.98,77.22,62.92,73.44,66.69,76.76,,74.47,99.9,74.4,77.44
2023-05-22T01:11:30-05:00,99.61,,74.24,76.09,77.4,62.82,73.62,66.42,76.44,,74.47,99.9,74.35,76.68
2023-05-22T01:12:00-05:00,99.61,,74.31,76.13,78.46,62.85,73.57,66.77,76.43,,74.46,99.9,74.21,77.44
2023-05-22T01:12:30-05:00,99.61,,74.2,75.65,77.6,62.89,73.62,66.55,76.35,,74.43,99.9,74.26,77.88
2023-05-22T01:13:00-05:00,99.61,,74.41,75.57,78.34,62.89,73.63,66.56,76.34,,74.38,99.9,74.26,77.69
2023-05-22T01:13:30-05:00,99.61,,74.71,76.13,78.01,63.23,73.36,66.7,76.42,,74.33,99.9,74.33,77.78
2023-05-22T01:14:00-05:00,99.61,,74.92,75.74,78.39,63.28,72.83,66.76,76.86,,74.31,99.9,74.32,77.65
2023-05-22T01:14:30-05:00,99.61,,75.17,75.73,78.04,63.3,73.02,66.47,76.67,,74.23,99.9,74.41,77.3
2023-05-22T01:15:00-05:00,99.61,,75.09,75.62,78.91,63.19,73.02,66.38,77.49,,74.12,99.9,74.27,77.36
2023-05-22T01:15:30-05:00,99.61,,74.97,75.64,78.08,63.28,73.13,66.51,76.81,,74.06,99.9,74.27,77.13
2023-05-22T01:16:00-05:00,99.61,,74.87,75.84,78.64,63.53,73.13,66.53,76.15,,74.13,99.9,74.03,77.06
2023-05-22T01:16:30-05:00,99.61,,74.84,75.78,78.21,63.73,72.7,66.67,76.22,,74.11,99.9,73.94,77.25
2023-05-22T01:17:00-05:00,99.61,,74.92,76.21,78.18,63.72,73.02,66.93,76.33,,74.09,99.9,74.1,77.58
2023-05-22T01:17:30-05:00,99.61,,74.71,76.37,78.12,63.68,73.06,66.57,76.5,,73.96,99.9,74.08,77.58
2023-05-22T01:18:00-05:00,99.61,,74.69,75.95,78.3,63.76,72.95,66.36,76.28,,73.95,99.9,74.1,77.59
2023-05-22T01:18:30-05:00,99.61,,74.84,75.9,77.95,63.9,73.04,66.49,76.2,,73.93,99.9,74.15,77.73
2023-05-22T01:19:00-05:00,99.61,,74.71,76.37,78.01,63.87,73.1,66.56,75.95,,73.91,99.9,74.16,77.81
2023-05-22T01:19:30-05:00,99.61,,74.72,76.32,78.59,64.04,73.28,66.96,76.19,,73.97,99.9,74.11,77.86
2023-05-22T01:20:00-05:00,99.61,,74.68,76.11,77.9,64.37,73.37,66.67,76.26,,73.85,99.9,74.11,77.91
2023-05-22T01:20:30-05:00,99.61,,74.53,75.74,78.33,64.32,73.23,66.63,76.03,,73.77,99.9,74.08,77.85
2023-05-22T01:21:00-05:00,99.61,,74.26,75.68,77.3,64.56,73.19,66.82,75.93,,73.85,,73.99,77.86
2023-05-22T01:21:30-05:00,99.61,,74.39,75.58,77.51,64.3,73.27,66.74,75.96,,73.75,99.9,74.0,78.04
2023-05-22T01:22:00-05:00,99.61,,74.39,75.58,78.4,64.31,73.04,66.72,76.02,,73.74,99.9,74.03,77.98
2023-05-22T01:22:30-05:00,99.61,,74.31,75.48,78.42,64.26,73.11,66.84,75.98,,73.74,99.9,74.14,77.84
2023-05-22T01:23:00-05:00,99.61,,74.39,75.36,78.35,64.49,73.08,66.83,75.94,,73.77,99.9,74.11,78.21
2023-05-22T01:23:30-05:00,99.61,,74.68,75.11,78.28,64.55,72.78,67.07,75.92,,73.78,99.9,74.12,78.1
2023-05-22T01:24:00-05:00,99.61,,74.7,75.26,77.95,64.28,72.9,66.85,75.98,,73.69,99.9,74.09,78.11
2023-05-22T01:24:30-05:00,99.61,,74.89,76.04,78.16,64.22,72.9,67.01,75.89,,73.66,99.9,74.09,78.34
2023-05-22T01:25:00-05:00,99.61,,75.09,75.58,77.82,64.28,72.94,66.8,75.86,,73.74,99.9,74.05,77.98
2023-05-22T01:25:30-05:00,99.61,,75.11,75.38,77.31,64.09,73.01,66.5,75.99,,73.86,99.9,74.05,77.66
2023-05-22T01:26:00-05:00,99.61,,75.34,75.37,77.35,64.11,72.81,66.57,75.87,,73.92,99.9,74.05,77.55
2023-05-22T01:26:30-05:00,99.61,,75.1,75.21,77.42,64.04,72.74,66.61,75.97,,73.94,99.9,74.07,77.18
2023-05-22T01:27:00-05:00,99.61,,75.41,75.18,77.81,63.97,72.78,66.43,76.13,,74.0,99.9,74.11,77.17
2023-05-22T01:27:30-05:00,99.61,,75.27,75.03,77.67,63.98,72.61,66.54,76.05,,74.06,99.9,74.14,77.45
2023-05-22T01:28:00-05:00,99.61,,75.51,75.03,77.84,63.87,72.67,66.81,76.07,,74.13,99.9,74.14,77.01
2023-05-22T01:28:30-05:00,99.61,,75.36,74.92,78.74,63.98,72.8,66.92,76.28,,74.21,99.9,74.22,76.45
2023-05-22T01:29:00-05:00,99.61,,75.41,74.98,78.65,63.89,72.85,66.9,75.97,,74.32,99.9,74.22,76.66
2023-05-22T01:29:30-05:00,99.61,,75.43,74.92,78.56,63.8,72.81,66.63,76.5,,74.32,99.9,74.09,77.21
2023-05-22T01:30:00-05:00,99.61,,75.55,74.92,78.52,63.77,72.78,66.47,76.28,,74.35,99.9,74.09,77.2
2023-05-22T01:30:30-05:00,99.61,,75.59,75.21,77.96,63.81,72.72,66.85,75.89,,74.37,99.9,74.21,76.99
2023-05-22T01:31:00-05:00,99.61,,75.55,75.32,77.82,63.9,72.79,66.66,75.74,,74.32,99.9,74.39,76.91
2023-05-22T01:31:30-05:00,99.61,,75.45,75.18,77.33,63.91,72.78,66.49,75.76,,74.42,99.9,74.47,76.82
2023-05-22T01:32:00-05:00,99.61,,75.47,75.34,77.18,63.98,72.77,66.6,75.75,,74.46,99.9,74.44,76.82
2023-05-22T01:32:30-05:00,99.61,,75.48,75.28,77.19,64.09,72.66,66.55,75.8,,74.44,99.9,74.4,77.17
2023-05-22T01:33:00-05:00,99.61,,75.59,75.0,77.31,64.02,72.82,66.61,75.88,,74.54,99.9,74.17,77.31
2023-05-22T01:33:30-05:00,99.61,,75.48,74.9,77.53,63.86,72.74,66.64,75.8,,74.51,99.9,74.17,77.37
2023-05-22T01:34:00-05:00,99.61,,75.41,75.0,77.08,63.79,72.61,66.64,75.92,,74.52,99.9,74.02,77.24
2023-05-22T01:34:30-05:00,99.61,,75.26,74.96,77.42,63.76,72.53,66.76,75.95,,74.51,99.9,73.95,77.27
2023-05-22T01:35:00-05:00,99.61,,75.19,74.96,76.56,63.77,72.34,66.71,76.39,,74.47,99.9,73.9,77.44
2023-05-22T01:35:30-05:00,99.61,,75.12,74.89,77.06,63.72,72.36,66.79,76.28,,74.44,99.9,74.04,77.53
2023-05-22T01:36:00-05:00,99.61,,75.18,74.84,76.94,63.8,72.41,66.57,76.14,,74.51,99.9,73.99,77.67
2023-05-22T01:36:30-05:00,99.61,,75.13,74.85,76.46,63.86,72.38,66.61,76.35,,74.31,99.9,73.93,77.96
2023-05-22T01:37:00-05:00,99.61,,75.09,74.7,77.01,63.94,72.38,66.46,76.37,,74.29,99.9,74.16,77.93
2023-05-22T01:37:30-05:00,99.61,,75.13,74.88,76.89,64.21,72.31,66.56,76.45,,74.4,99.9,74.13,78.02
2023-05-22T01:38:00-05:00,99.61,,75.01,74.86,76.51,63.98,72.17,66.55,76.65,,74.46,99.9,74.1,77.85
2023-05-22T01:38:30-05:00,99.61,,75.0,74.86,76.47,63.92,72.11,66.48,76.82,,74.6,99.9,74.1,77.98
2023-05-22T01:39:00-05:00,99.61,,74.8,74.87,76.64,63.87,72.06,66.85,77.38,,74.54,99.9,74.12,78.05
2023-05-22T01:39:30-05:00,99.61,,74.81,74.91,76.53,63.93,71.95,66.53,77.01,,74.69,99.9,74.19,78.35
2023-05-22T01:40:00-05:00,99.61,,74.64,74.94,76.84,63.81,71.85,66.75,77.15,,74.78,99.9,74.17,78.39
2023-05-22T01:40:30-05:00,99.61,,74.58,75.1,76.78,63.72,71.97,66.75,77.0,,74.94,99.9,74.23,78.58
2023-05-22T01:41:00-05:00,99.61,,74.68,75.51,76.51,63.69,71.77,66.77,76.81,,74.97,99.9,74.29,78.17
2023-05-22T01:41:30-05:00,99.61,,74.63,75.19,76.61,63.67,71.68,66.66,76.91,,74.96,99.9,74.3,78.41
2023-05-22T01:42:00-05:00,99.61,,74.53,75.19,76.52,63.66,71.6,66.85,76.96,,75.15,99.9,74.39,78.0
2023-05-22T01:42:30-05:00,99.61,,74.36,75.24,76.73,63.52,71.66,67.02,76.79,,75.3,99.9,74.41,78.1
2023-05-22T01:43:00-05:00,99.61,,74.28,75.05,77.67,63.53,71.52,66.67,76.73,,75.37,99.9,74.41,77.96
2023-05-22T01:43:30-05:00,99.61,,74.31,75.03,77.99,63.71,71.45,66.73,76.73,,75.37,99.9,74.42,77.8
2023-05-22T01:44:00-05:00,99.61,,74.26,74.89,77.63,63.76,71.51,66.63,76.82,,,99.9,74.51,77.95
2023-05-22T01:44:30-05:00,99.61,,74.3,74.81,76.93,63.6,71.45,66.83,76.7,,75.46,99.9,74.39,77.95
2023-05-22T01:45:00-05:00,99.61,,74.24,74.91,76.95,63.96,71.54,67.04,77.15,,75.56,99.9,74.23,77.87
2023-05-22T01:45:30-05:00,99.61,,74.22,74.9,77.5,63.65,71.61,67.03,77.23,,75.28,99.9,74.12,78.14
2023-05-22T01:46:00-05:00,99.61,,74.06,74.88,77.02,63.53,71.52,66.71,77.26,,75.48,99.9,74.23,78.31
2023-05-22T01:46:30-05:00,99.61,,74.04,75.07,76.91,63.52,71.68,66.9,76.78,,75.48,,74.35,78.41
2023-05-22T01:47:00-05:00,99.61,,73.92,75.22,77.49,64.01,71.76,66.88,76.95,,75.5,99.9,74.35,78.27
2023-05-22T01:47:30-05:00,99.61,,73.55,75.57,76.93,63.61,71.49,66.66,76.88,,,99.9,74.35,78.53
2023-05-22T01:48:00-05:00,99.61,,73.76,75.36,76.88,63.58,71.44,66.82,76.94,,75.48,99.9,74.48,78.48
2023-05-22T01:48:30-05:00,99.61,,73.82,75.32,76.93,63.51,71.36,66.74,76.9,,75.46,99.9,74.53,78.76
2023-05-22T01:49:00-05:00,99.61,,73.64,75.39,77.05,63.51,71.33,66.95,76.91,,75.33,99.9,74.61,78.81
2023-05-22T01:49:30-05:00,99.61,,73.49,75.61,77.36,63.44,71.55,66.77,77.09,,75.23,99.9,74.73,78.72
2023-05-22T01:50:00-05:00,99.61,,73.39,75.59,77.18,63.55,71.39,66.72,76.97,,,99.9,74.8,78.52
2023-05-22T01:50:30-05:00,99.61,,73.36,75.51,76.99,63.74,71.45,66.84,77.09,,75.22,99.9,74.87,78.73
2023-05-22T01:51:00-05:00,99.61,,73.54,75.41,77.3,63.74,71.28,67.02,77.37,,75.37,99.9,74.83,78.75
2023-05-22T01:51:30-05:00,99.61,,73.66,75.36,77.59,63.74,71.17,67.17,77.45,,75.43,,74.8,78.52
2023-05-22T01:52:00-05:00,99.61,,73.89,75.47,77.65,63.69,71.22,66.86,77.38,,75.46,99.9,74.8,78.56
2023-05-22T01:52:30-05:00,99.61,,73.88,75.44,77.58,63.81,71.19,66.9,77.65,,75.32,99.9,74.66,78.7
2023-05-22T01:53:00-05:00,99.61,,74.05,75.77,77.33,63.67,71.38,66.94,77.33,,75.21,99.9,74.57,78.67
2023-05-22T01:53:30-05:00,99.61,,74.3,75.93,77.46,63.74,71.38,66.83,77.27,,75.21,,74.53,78.58
2023-05-22T01:54:00-05:00,99.61,,74.57,75.89,77.39,63.82,71.07,66.65,77.36,,75.32,99.9,74.51,78.38
2023-05-22T01:54:30-05:00,99.61,,74.79,76.28,77.42,63.48,71.24,66.88,77.4,,75.41,99.9,74.41,78.68
2023-05-22T01:55:00-05:00,99.61,,75.06,,77.44,63.37,71.0,66.84,77.24,,75.42,99.9,74.4,78.76
2023-05-22T01:55:30-05:00,99.61,,75.02,75.97,77.47,63.41,70.9,66.77,77.41,,75.46,99.9,74.37,78.52
2023-05-22T01:56:00-05:00,99.61,,75.23,75.93,77.3,63.61,70.94,66.93,77.16,,75.45,99.9,74.36,77.88
2023-05-22T01:56:30-05:00,99.61,,75.49,76.02,77.42,63.61,70.8,66.87,77.27,,75.45,99.9,74.36,77.87
2023-05-22T01:57:00-05:00,99.61,,75.32,76.19,77.38,63.78,70.9,66.94,77.37,,75.51,99.9,74.26,78.13
2023-05-22T01:57:30-05:00,99.61,,75.5,76.24,77.54,63.63,71.14,66.77,77.11,,75.53,99.9,74.21,78.37
2023-05-22T01:58:00-05:00,99.61,,75.5,76.19,77.43,63.85,71.11,66.91,77.45,,75.48,99.9,74.16,78.29
2023-05-22T01:58:30-05:00,99.61,,75.54,76.27,77.89,63.65,71.13,66.94,77.21,,75.59,99.9,74.23,78.41
2023-05-22T01:59:00-05:00,99.61,,75.97,76.1,77.51,63.56,71.15,67.21,76.91,,75.63,99.9,74.17,78.45
2023-05-22T01:59:30-05:00,99.61,,75.81,76.17,77.4,63.32,71.04,66.79,76.75,,75.62,99.9,74.15,78.58
2023-05-22T02:00:00-05:00,99.61,,75.71,76.37,77.21,63.41,71.1,66.72,76.95,,75.64,99.9,74.12,78.47
2023-05-22T02:00:30-05:00,99.61,,75.7,76.25,77.42,63.36,71.12,66.9,76.84,,75.54,99.9,74.15,78.43
2023-05-22T02:01:00-05:00,99.61,,75.36,76.17,77.78,63.29,71.24,67.01,76.85,,75.52,99.9,74.15,78.35
2023-05-22T02:01:30-05:00,99.61,,75.57,76.33,77.64,63.25,71.34,67.21,76.8,,75.49,99.9,74.31,78.37
2023-05-22T02:02:00-05:00,99.61,,75.31,76.01,77.65,63.34,71.44,67.29,76.78,,75.55,99.9,74.28,78.25
2023-05-22T02:02:30-05:00,99.61,,75.58,76.11,77.74,63.16,71.46,66.95,76.71,,,99.9,74.28,78.44
2023-05-22T02:03:00-05:00,99.61,,75.44,75.83,78.08,63.82,71.28,66.9,76.66,,75.37,99.9,74.37,78.35
2023-05-22T02:03:30-05:00,99.61,,75.48,75.87,77.61,63.81,71.39,66.84,76.75,,75.35,99.9,74.39,77.81
2023-05-22T02:04:00-05:00,99.61,,75.56,75.63,77.58,63.61,71.49,66.77,76.72,,75.42,99.9,74.31,78.13
2023-05-22T02:04:30-05:00,99.61,,75.52,76.19,77.45,63.68,71.6,66.92,76.93,,75.32,99.9,74.36,78.72
2023-05-22T02:05:00-05:00,99.61,,75.32,76.09,77.49,63.99,71.7,66.8,76.79,,75.42,99.9,74.28,78.19
2023-05-22T02:05:30-05:00,99.61,,75.33,76.01,77.66,63.86,71.68,66.82,76.93,,75.4,99.9,74.28,77.97
2023-05-22T02:06:00-05:00,99.61,,75.21,75.96,77.69,63.81,71.67,66.97,77.28,,75.3,99.9,74.34,77.41
2023-05-22T02:06:30-05:00,99.61,,75.24,75.83,77.73,63.83,71.58,66.99,77.2,,75.27,99.9,74.39,78.25
2023-05-22T02:07:00-05:00,99.61,,75.12,75.89,78.12,63.58,71.55,66.77,76.85,,75.2,99.9,74.41,78.22
2023-05-22T02:07:30-05:00,99.61,,75.19,75.78,78.06,63.58,71.56,67.04,76.98,,75.04,99.9,74.37,77.39
2023-05-22T02:08:00-05:00,99.61,,75.1,75.85,77.71,63.58,71.65,67.03,76.94,,75.08,99.9,74.46,77.76
2023-05-22T02:08:30-05:00,99.61,,75.04,75.78,78.19,63.7,71.73,67.16,76.82,,75.0,99.9,74.47,77.81
2023-05-22T02:09:00-05:00,99.61,,75.16,75.73,78.9,63.42,71.72,66.95,76.62,,74.85,99.9,74.49,77.8
2023-05-22T02:09:30-05:00,99.61,,74.99,75.75,78.53,63.46,71.79,66.73,76.81,,74.84,99.9,74.47,77.98
2023-05-22T02:10:00-05:00,99.61,,75.08,75.79,78.88,63.36,71.92,67.05,76.99,,74.8,99.9,74.58,77.19
2023-05-22T02:10:30-05:00,99.61,,75.06,75.74,79.62,63.85,71.89,66.84,77.05,,74.77,99.9,74.58,77.78
2023-05-22T02:11:00-05:00,99.61,,74.96,75.73,79.22,63.43,71.88,67.1,76.92,,74.67,99.9,74.67,77.52
2023-05-22T02:11:30-05:00,99.61,,74.92,75.87,79.23,63.61,71.85,66.97,76.73,,74.59,99.9,74.7,76.56
2023-05-22T02:12:00-05:00,99.61,,74.7,76.12,78.69,63.43,71.96,67.0,76.46,,74.54,99.9,74.59,77.68
2023-05-22T02:12:30-05:00,99.61,,74.6,75.95,78.62,63.42,72.0,66.99,76.7,,74.54,,74.58,77.38
2023-05-22T02:13:00-05:00,99.61,,74.45,75.78,79.21,63.51,71.84,66.79,76.24,,74.38,99.9,74.55,77.34
2023-05-22T02:13:30-05:00,99.61,,74.45,75.84,79.69,63.71,71.86,66.93,76.31,,74.52,99.9,74.53,76.98
2023-05-22T02:14:00-05:00,99.61,,74.43,75.86,79.39,64.0,71.95,66.97,76.43,,74.37,99.9,74.52,76.78
2023-05-22T02:14:30-05:00,99.61,,74.42,75.79,79.38,63.81,71.74,67.04,76.44,,74.24,99.9,74.45,77.07
2023-05-22T02:15:00-05:00,99.61,,74.38,75.94,79.9,63.94,71.75,66.93,76.29,,74.15,99.9,74.45,76.55
2023-05-22T02:15:30-05:00,99.61,,74.31,75.91,79.52,63.6,71.76,66.77,76.32,,74.01,99.9,74.44,76.1
2023-05-22T02:16:00-05:00,99.61,,74.17,75.99,79.81,63.53,71.68,66.72,76.37,,73.99,99.9,74.44,75.79
2023-05-22T02:16:30-05:00,99.61,,74.06,76.06,79.3,63.5,71.7,66.78,76.44,,73.93,99.9,74.42,75.75
2023-05-22T02:17:00-05:00,99.61,,74.15,76.25,79.93,63.38,71.71,66.94,76.71,,73.93,99.9,74.61,74.99
2023-05-22T02:17:30-05:00,99.61,,74.36,76.35,78.8,63.38,71.54,67.07,76.83,,73.81,99.9,74.69,75.14
2023-05-22T02:18:00-05:00,99.61,,74.34,76.45,79.47,63.39,71.5,66.71,76.99,,73.73,99.9,74.75,74.89
2023-05-22T02:18:30-05:00,99.61,,74.34,76.55,79.37,63.56,71.5,66.64,77.01,,73.66,99.9,74.85,75.47
2023-05-22T02:19:00-05:00,99.61,,74.15,76.54,78.9,63.65,71.39,66.77,77.2,,73.51,99.9,74.86,75.55
2023-05-22T02:19:30-05:00,99.61,,73.91,76.65,79.98,63.67,71.42,66.71,77.32,,73.5,99.9,74.86,75.67
2023-05-22T02:20:00-05:00,99.61,,74.0,76.4,79.66,63.95,71.53,66.81,77.44,,73.35,99.9,74.71,75.69
2023-05-22T02:20:30-05:00,99.61,,73.91,76.48,80.36,63.75,71.61,67.05,77.47,,,99.9,74.64,75.74
2023-05-22T02:21:00-05:00,99.61,,73.82,76.46,79.48,63.76,71.8,66.92,77.43,,,99.9,74.5,76.14
2023-05-22T02:21:30-05:00,99.61,,73.76,76.55,80.22,63.75,71.62,66.71,77.63,,,99.9,74.53,76.55
2023-05-22T02:22:00-05:00,99.61,,73.5,,80.19,63.76,71.67,67.15,77.53,,73.22,99.9,74.47,76.63
2023-05-22T02:22:30-05:00,99.61,,73.5,76.67,80.44,63.8,71.79,66.66,77.55,,73.3,99.9,74.44,76.86
2023-05-22T02:23:00-05:00,99.61,,73.19,76.57,79.32,63.69,71.78,66.92,77.59,,73.28,99.9,74.43,76.84
2023-05-22T02:23:30-05:00,99.61,,72.27,76.45,79.22,63.67,71.96,66.84,77.49,,73.37,99.9,74.43,76.81
2023-05-22T02:24:00-05:00,99.61,,72.65,76.27,79.25,63.87,71.98,66.88,77.56,,73.36,99.9,74.43,76.92
2023-05-22T02:24:30-05:00,99.61,,72.93,76.28,80.07,63.86,71.93,66.79,77.63,,73.41,99.9,74.24,75.79
2023-05-22T02:25:00-05:00,99.61,,72.88,76.29,80.01,63.56,72.02,66.82,77.49,,73.53,99.9,74.25,76.61
2023-05-22T02:25:30-05:00,99.61,,72.27,76.34,79.2,63.56,72.21,66.74,77.52,,73.48,99.9,74.37,76.1
2023-05-22T02:26:00-05:00,99.61,,71.98,76.28,79.22,63.8,72.12,66.84,77.63,,73.55,99.9,74.36,76.33
2023-05-22T02:26:30-05:00,99.61,,72.45,76.25,79.23,63.88,72.15,66.84,77.57,,73.71,99.9,74.28,76.44
2023-05-22T02:27:00-05:00,99.61,,72.4,76.27,79.15,63.74,72.24,66.75,77.68,,73.82,,74.17,76.27
2023-05-22T02:27:30-05:00,99.61,,72.15,76.35,79.79,63.94,72.24,66.87,77.65,,73.86,99.9,74.27,76.48
2023-05-22T02:28:00-05:00,99.61,,72.76,76.38,79.08,63.76,72.21,67.01,77.68,,73.89,99.9,74.33,76.5
2023-05-22T02:28:30-05:00,99.61,,72.77,76.44,79.71,63.61,72.22,67.14,77.82,,73.83,99.9,74.33,76.45
2023-05-22T02:29:00-05:00,99.61,,72.91,76.28,79.91,63.61,72.41,66.79,78.07,,73.89,,74.28,76.63
2023-05-22T02:29:30-05:00,99.61,,72.9,76.55,79.94,63.58,72.39,66.69,77.9,,73.88,99.9,74.25,76.66
2023-05-22T02:30:00-05:00,99.61,,73.04,76.59,80.11,63.57,72.53,66.63,78.23,,,99.9,74.32,76.81
2023-05-22T02:30:30-05:00,99.61,,73.05,76.5,79.2,63.61,72.74,66.63,78.12,,73.83,99.9,74.34,77.18
2023-05-22T02:31:00-05:00,99.61,,73.03,76.7,79.69,63.77,72.77,66.63,77.88,,73.77,99.9,74.16,77.07
2023-05-22T02:31:30-05:00,99.61,,73.0,76.55,79.66,63.79,72.88,66.78,77.71,,73.9,99.9,74.06,77.09
2023-05-22T02:32:00-05:00,99.61,,73.09,76.58,80.09,63.66,72.95,66.99,78.24,,73.82,99.9,74.1,77.28
2023-05-22T02:32:30-05:00,99.61,,72.65,76.47,79.76,63.54,72.95,66.83,77.87,,73.79,99.9,74.2,77.5
2023-05-22T02:33:00-05:00,99.61,,72.95,76.5,79.66,63.54,73.13,66.76,78.0,,73.83,99.9,74.2,77.33
2023-05-22T02:33:30-05:00,99.61,,73.01,76.46,79.91,63.92,73.15,66.9,77.86,,73.9,99.9,74.2,77.24
2023-05-22T02:34:00-05:00,99.61,,73.11,76.39,79.54,63.97,73.08,66.9,77.92,,73.91,99.9,74.07,77.38
2023-05-22T02:34:30-05:00,99.61,,73.19,76.4,80.06,63.98,73.08,66.96,77.96,,73.93,99.9,73.97,77.83
2023-05-22T02:35:00-05:00,99.61,,73.24,76.56,79.77,63.93,73.26,66.84,77.71,,73.94,99.9,73.89,77.55
2023-05-22T02:35:30-05:00,99.61,,73.3,76.46,80.1,63.94,73.27,66.86,77.74,,73.93,99.9,73.87,77.81
2023-05-22T02:36:00-05:00,99.61,,73.39,76.37,79.74,63.92,73.32,66.76,77.79,,74.02,99.9,73.81,77.48
2023-05-22T02:36:30-05:00,99.61,,73.59,76.42,79.59,64.05,73.07,67.05,77.87,,74.12,99.9,73.82,77.52
2023-05-22T02:37:00-05:00,99.61,,73.72,76.56,79.72,64.11,73.05,66.86,77.98,,74.19,99.9,73.96,77.54
2023-05-22T02:37:30-05:00,99.61,,73.01,76.24,79.37,64.09,73.02,66.84,78.01,,74.21,99.9,73.96,77.99
2023-05-22T02:38:00-05:00,99.61,,73.0,76.39,79.37,64.13,73.02,66.77,77.9,,74.13,99.9,74.09,77.65
2023-05-22T02:38:30-05:00,99.61,,73.24,76.25,79.55,64.44,72.95,67.0,77.74,,74.14,99.9,73.99,77.77
2023-05-22T02:39:00-05:00,99.61,,73.16,76.22,79.28,64.32,72.94,66.89,77.64,,74.22,99.9,73.95,77.66
2023-05-22T02:39:30-05:00,99.61,,73.23,76.28,79.5,64.46,72.96,67.1,77.64,,74.26,99.9,74.04,77.86
2023-05-22T02:40:00-05:00,99.61,,73.23,76.33,79.45,64.39,72.92,66.89,77.65,,74.19,99.9,74.0,77.6
2023-05-22T02:40:30-05:00,99.61,,73.41,76.23,79.27,64.35,72.86,67.01,77.46,,74.25,99.9,73.8,77.74
2023-05-22T02:41:00-05:00,99.61,,73.4,76.38,79.53,64.37,72.75,66.88,77.32,,74.2,99.9,73.66,77.65
2023-05-22T02:41:30-05:00,99.61,,73.44,76.43,80.09,64.68,72.71,66.57,77.34,,74.16,99.9,73.56,77.74
2023-05-22T02:42:00-05:00,99.61,,73.54,76.47,78.94,64.7,72.7,66.53,77.32,,74.15,99.9,73.51,77.69
2023-05-22T02:42:30-05:00,99.61,,73.57,76.42,78.55,64.83,72.57,66.57,77.2,,74.17,,73.51,77.9
2023-05-22T02:43:00-05:00,99.61,,73.51,76.39,78.47,64.7,72.48,66.62,76.91,,74.16,99.9,73.58,77.89
2023-05-22T02:43:30-05:00,99.61,,73.46,76.29,78.59,64.57,72.17,66.72,76.87,,74.27,99.9,73.48,77.71
2023-05-22T02:44:00-05:00,99.61,,73.5,76.34,78.62,64.53,72.1,66.89,76.87,,74.17,99.9,73.28,77.76
2023-05-22T02:44:30-05:00,99.61,,73.59,76.35,78.65,64.45,72.37,66.87,76.93,,74.22,,73.31,77.39
2023-05-22T02:45:00-05:00,99.61,,73.66,76.22,78.51,64.36,72.48,66.92,76.86,,74.33,99.9,73.2,77.56
2023-05-22T02:45:30-05:00,99.61,,73.69,76.28,78.53,64.42,72.7,66.79,76.97,,74.34,99.9,73.4,78.05
2023-05-22T02:46:00-05:00,99.61,,73.73,76.3,78.36,64.49,72.39,66.8,76.98,,74.36,99.9,73.74,78.45
2023-05-22T02:46:30-05:00,99.61,,73.82,76.39,78.7,64.41,72.22,66.91,77.01,,74.31,99.9,73.92,78.09
2023-05-22T02:47:00-05:00,99.61,,73.83,76.5,79.28,64.35,72.21,67.01,76.93,,74.36,99.9,73.92,77.85
2023-05-22T02:47:30-05:00,99.61,,73.99,76.33,78.69,64.66,72.29,66.88,76.93,,74.37,99.9,73.96,78.31
2023-05-22T02:48:00-05:00,99.61,,74.02,76.25,78.88,64.74,72.32,66.92,77.0,,74.42,99.9,73.96,78.61
2023-05-22T02:48:30-05:00,99.61,,74.0,76.1,79.37,64.43,72.29,66.82,77.11,,74.43,99.9,73.91,78.4
2023-05-22T02:49:00-05:00,99.61,,73.86,76.21,78.82,64.67,72.26,66.77,77.03,,74.47,99.9,73.98,78.52
2023-05-22T02:49:30-05:00,99.61,,73.91,,78.55,64.81,72.18,66.81,77.05,,74.62,99.9,74.02,78.59
2023-05-22T02:50:00-05:00,99.61,,73.83,76.31,78.72,64.69,72.24,66.72,77.12,,74.71,99.9,74.0,78.44
2023-05-22T02:50:30-05:00,99.61,,73.84,76.16,78.63,64.74,72.14,66.78,77.1,,74.71,99.9,74.03,78.73
2023-05-22T02:51:00-05:00,99.61,,73.61,76.03,78.47,64.92,72.07,66.72,77.17,,74.65,99.9,74.06,78.51
2023-05-22T02:51:30-05:00,99.61,,73.66,75.89,78.38,64.79,71.94,66.68,77.21,,74.64,99.9,74.06,78.47
2023-05-22T02:52:00-05:00,99.61,,73.64,75.77,78.47,64.66,71.95,66.74,77.17,,74.71,99.9,74.09,78.27
2023-05-22T02:52:30-05:00,99.61,,73.54,75.76,79.0,64.78,71.79,66.97,77.19,,74.84,99.9,74.17,78.2
2023-05-22T02:53:00-05:00,99.61,,73.29,75.85,78.19,64.52,71.68,66.98,77.52,,74.69,99.9,74.14,78.18
2023-05-22T02:53:30-05:00,99.61,,73.27,76.01,78.57,64.46,71.69,66.85,77.17,,74.64,99.9,74.1,78.08
2023-05-22T02:54:00-05:00,99.61,,73.25,75.82,78.45,64.54,71.49,67.13,77.36,,74.66,99.9,74.13,77.95
2023-05-22T02:54:30-05:00,99.61,,73.35,75.95,78.44,64.43,71.31,67.0,77.2,,74.8,99.9,74.09,77.67
2023-05-22T02:55:00-05:00,99.61,,73.28,76.08,78.92,64.49,71.17,67.04,76.99,,74.78,99.9,74.09,77.37
2023-05-22T02:55:30-05:00,99.61,,73.11,75.76,79.0,64.57,71.17,66.89,76.97,,,99.9,74.26,77.35
2023-05-22T02:56:00-05:00,99.61,,73.05,75.6,79.1,64.55,71.28,66.73,76.94,,74.9,99.9,74.26,77.48
2023-05-22T02:56:30-05:00,99.61,,73.0,75.6,78.74,64.45,71.32,66.7,76.91,,74.91,99.9,74.34,77.73
2023-05-22T02:57:00-05:00,99.61,,72.82,75.53,78.13,64.31,71.33,66.89,77.48,,74.97,99.9,74.41,77.48
2023-05-22T02:57:30-05:00,99.61,,72.83,75.78,78.29,64.25,71.32,66.91,76.77,,75.0,99.9,74.38,77.55
2023-05-22T02:58:00-05:00,99.61,,72.98,75.78,78.16,64.39,71.01,66.9,76.83,,75.03,99.9,74.46,77.89
2023-05-22T02:58:30-05:00,99.61,,73.1,75.82,78.29,64.23,71.08,67.12,77.14,,75.06,99.9,74.49,77.74
2023-05-22T02:59:00-05:00,99.61,,73.06,75.86,78.55,64.3,71.09,66.95,77.65,,74.97,99.9,74.49,77.72
2023-05-22T02:59:30-05:00,99.61,,73.19,76.53,79.02,64.25,71.25,66.8,77.34,,75.03,99.9,74.48,77.75
2023-05-22T03:00:00-05:00,99.61,,73.3,76.71,79.16,64.19,71.35,66.76,77.34,,75.09,,74.46,77.68
2023-05-22T03:00:30-05:00,99.61,,73.44,76.38,79.47,64.26,71.27,66.86,77.09,,75.05,99.9,74.46,77.49
2023-05-22T03:01:00-05:00,99.61,,73.43,76.36,78.92,64.23,71.34,67.05,77.18,,75.0,99.9,74.36,77.79
2023-05-22T03:01:30-05:00,99.61,,73.43,76.49,78.49,64.11,71.36,67.1,77.18,,74.96,99.9,74.21,77.97
2023-05-22T03:02:00-05:00,99.61,,73.5,77.37,77.84,64.11,71.45,66.93,77.12,,75.05,99.9,74.15,78.05
2023-05-22T03:02:30-05:00,99.61,,73.4,76.84,77.27,64.05,71.56,66.82,77.26,,75.09,99.9,74.13,78.22
2023-05-22T03:03:00-05:00,99.61,,73.5,76.27,77.87,64.38,71.64,67.01,77.33,,75.17,99.9,74.14,78.1
2023-05-22T03:03:30-05:00,99.61,,73.74,76.11,77.98,64.02,71.45,66.9,77.1,,75.14,99.9,74.2,77.88
2023-05-22T03:04:00-05:00,99.61,,73.57,76.37,79.44,64.09,71.44,66.96,76.97,,75.12,99.9,74.27,77.78
2023-05-22T03:04:30-05:00,99.61,,73.91,76.23,78.3,64.31,71.33,67.09,76.99,,75.15,99.9,74.29,77.93
2023-05-22T03:05:00-05:00,99.61,,73.83,76.3,78.83,64.3,71.46,67.1,76.85,,75.11,99.9,74.29,77.8
2023-05-22T03:05:30-05:00,99.61,,73.89,76.19,78.64,64.39,71.55,67.2,76.7,,75.22,99.9,74.34,77.8
2023-05-22T03:06:00-05:00,99.61,,73.9,76.41,78.79,64.25,71.89,66.96,76.67,,75.25,99.9,74.33,77.68
2023-05-22T03:06:30-05:00,99.61,,73.84,76.97,78.68,64.14,71.89,66.79,76.58,,75.16,99.9,74.38,77.86
2023-05-22T03:07:00-05:00,99.61,,74.12,76.79,78.93,64.12,72.04,66.94,76.7,,75.16,99.9,74.35,77.53
2023-05-22T03:07:30-05:00,99.61,,74.09,76.67,78.51,64.35,72.43,66.82,76.72,,75.0,99.9,74.35,77.38
2023-05-22T03:08:00-05:00,99.61,,74.4,77.27,78.1,64.47,71.99,66.9,76.6,,75.0,99.9,74.28,76.92
2023-05-22T03:08:30-05:00,99.61,,74.55,77.22,78.08,64.18,72.16,66.96,76.48,,74.96,99.9,74.19,77.17
2023-05-22T03:09:00-05:00,99.61,,74.58,77.33,78.23,64.22,72.86,66.84,76.62,,74.92,99.9,74.21,77.02
2023-05-22T03:09:30-05:00,99.61,,74.65,77.13,78.2,64.25,73.12,67.11,76.71,,74.95,99.9,74.31,76.74
2023-05-22T03:10:00-05:00,99.61,,74.78,77.33,78.14,64.14,73.29,67.12,76.96,,74.98,99.9,74.31,76.59
2023-05-22T03:10:30-05:00,99.61,,74.92,76.87,78.08,64.09,73.17,66.99,77.22,,74.9,99.9,74.4,76.92
2023-05-22T03:11:00-05:00,99.61,,75.05,76.95,78.04,64.07,73.24,67.02,76.91,,74.9,99.9,74.48,76.53
2023-05-22T03:11:30-05:00,99.61,,75.17,77.1,77.98,63.97,73.68,67.12,77.04,,75.06,99.9,74.45,76.57
2023-05-22T03:12:00-05:00,99.61,,75.01,76.99,78.07,64.01,73.71,66.93,77.47,,74.97,99.9,74.51,76.06
2023-05-22T03:12:30-05:00,99.61,,75.45,77.16,78.25,63.92,73.74,67.06,77.07,,75.07,99.9,74.53,76.65
2023-05-22T03:13:00-05:00,99.61,,75.36,77.03,78.22,64.07,73.89,67.05,77.01,,75.3,99.9,74.52,76.39
2023-05-22T03:13:30-05:00,99.61,,75.6,76.88,78.36,64.26,73.41,67.14,77.01,,75.39,99.9,74.54,76.42
2023-05-22T03:14:00-05:00,99.61,,75.59,77.29,78.67,63.9,72.9,66.91,76.97,,75.3,99.9,74.56,76.53
2023-05-22T03:14:30-05:00,99.61,,75.91,77.62,78.24,64.06,73.09,66.89,77.24,,75.55,99.9,74.56,76.81
2023-05-22T03:15:00-05:00,99.61,,75.88,77.23,79.01,64.15,73.34,66.87,77.28,,75.6,99.9,74.65,76.63
2023-05-22T03:15:30-05:00,99.61,,75.99,77.03,78.21,64.06,73.72,67.04,77.08,,75.82,99.9,74.74,76.62
2023-05-22T03:16:00-05:00,99.61,,75.8,76.73,77.63,64.27,73.92,67.16,77.34,,76.11,99.9,74.83,76.61
2023-05-22T03:16:30-05:00,99.61,,76.02,76.56,77.81,64.27,73.68,67.05,77.3,,76.18,99.9,74.99,76.72
2023-05-22T03:17:00-05:00,99.61,,75.88,,78.37,64.29,73.48,67.09,77.23,,76.15,99.9,75.05,76.47
2023-05-22T03:17:30-05:00,99.61,,75.85,76.56,78.52,64.5,73.55,67.15,77.26,,,99.9,75.04,76.54
2023-05-22T03:18:00-05:00,99.61,,75.82,76.85,78.28,64.47,73.41,67.22,77.18,,76.38,99.9,75.14,76.47
2023-05-22T03:18:30-05:00,99.61,,76.1,76.91,78.62,64.41,73.23,67.21,77.16,,76.44,99.9,75.07,76.59
2023-05-22T03:19:00-05:00,99.61,,76.11,76.57,78.21,64.38,73.27,66.97,77.22,,76.46,99.9,75.07,76.47
2023-05-22T03:19:30-05:00,99.61,,76.16,76.53,78.01,64.29,73.21,66.97,77.27,,76.73,99.9,75.14,76.25
2023-05-22T03:20:00-05:00,99.61,,76.46,76.83,78.18,64.23,73.06,67.06,77.24,,77.01,99.9,75.04,76.31
2023-05-22T03:20:30-05:00,99.61,,76.07,76.84,77.98,64.73,73.08,66.92,77.27,,76.92,99.9,74.9,76.35
2023-05-22T03:21:00-05:00,99.61,,76.6,76.51,78.47,64.74,73.02,66.93,77.24,,77.19,99.9,74.82,76.57
2023-05-22T03:21:30-05:00,99.61,,76.48,76.12,78.52,64.47,72.81,66.83,77.44,,77.16,99.9,74.82,76.6
2023-05-22T03:22:00-05:00,99.61,,76.62,76.17,78.46,64.39,72.78,66.93,77.2,,77.32,,74.89,76.87
2023-05-22T03:22:30-05:00,99.61,,76.32,76.19,78.68,64.36,72.86,66.81,77.51,,77.53,99.9,74.92,76.97
2023-05-22T03:23:00-05:00,99.61,,76.69,76.35,78.49,64.38,72.96,66.99,77.43,,77.51,99.9,74.81,76.95
2023-05-22T03:23:30-05:00,99.61,,76.44,76.74,78.42,64.2,73.17,67.12,77.54,,77.4,99.9,74.81,77.15
2023-05-22T03:24:00-05:00,99.61,,76.49,76.92,78.1,64.26,73.23,67.16,77.19,,77.5,99.9,74.73,77.76
2023-05-22T03:24:30-05:00,99.61,,76.64,76.72,77.53,64.19,73.11,67.08,77.16,,77.49,99.9,74.71,77.68
2023-05-22T03:25:00-05:00,99.61,,76.51,76.64,77.51,64.18,73.2,66.99,77.32,,77.44,99.9,74.7,77.46
2023-05-22T03:25:30-05:00,99.61,,76.68,76.54,77.45,64.33,73.11,66.97,77.35,,77.31,99.9,74.66,77.87
2023-05-22T03:26:00-05:00,99.61,,76.93,76.48,77.71,64.42,73.17,66.86,77.25,,77.45,99.9,74.83,77.84
2023-05-22T03:26:30-05:00,99.61,,76.53,76.59,77.56,64.38,73.12,66.92,77.24,,77.6,99.9,75.02,77.91
2023-05-22T03:27:00-05:00,99.61,,76.69,76.58,77.46,64.44,73.03,67.15,77.11,,77.59,99.9,75.16,77.13
2023-05-22T03:27:30-05:00,99.61,,76.87,76.67,77.4,64.15,73.02,67.02,77.04,,77.81,99.9,74.97,77.27
2023-05-22T03:28:00-05:00,99.61,,77.08,76.67,77.52,64.11,73.08,67.02,77.07,,77.84,,74.97,76.9
2023-05-22T03:28:30-05:00,99.61,,76.82,76.66,77.65,64.13,73.22,66.88,77.21,,77.96,99.9,74.78,77.01
2023-05-22T03:29:00-05:00,99.61,,77.44,76.62,78.16,64.06,73.12,66.76,77.13,,78.1,99.9,74.75,77.15
2023-05-22T03:29:30-05:00,99.61,,77.35,76.69,77.88,64.23,73.1,66.93,77.11,,78.04,99.9,74.62,76.8
2023-05-22T03:30:00-05:00,99.61,,77.45,76.96,78.32,64.08,73.35,67.16,77.07,,78.18,99.9,74.54,77.15
2023-05-22T03:30:30-05:00,99.61,,77.45,76.74,78.68,64.54,73.28,67.13,76.99,,78.23,99.9,74.54,76.97
2023-05-22T03:31:00-05:00,99.61,,76.93,76.82,78.41,64.33,73.05,67.0,77.01,,78.39,99.9,74.59,77.15
2023-05-22T03:31:30-05:00,99.61,,77.23,76.95,78.1,64.2,73.07,66.93,77.13,,78.25,99.9,74.67,77.51
2023-05-22T03:32:00-05:00,99.61,,76.97,76.7,77.9,64.52,73.1,67.13,77.47,,78.44,99.9,74.7,77.39
2023-05-22T03:32:30-05:00,99.61,,77.08,76.78,78.01,64.29,73.17,66.63,77.34,,78.49,99.9,74.7,77.43
2023-05-22T03:33:00-05:00,99.61,,77.08,76.87,78.19,64.5,73.2,66.8,77.86,,78.46,99.9,74.73,77.46
2023-05-22T03:33:30-05:00,99.61,,77.31,77.06,77.98,64.53,73.27,66.99,77.47,,78.49,99.9,74.75,77.29
2023-05-22T03:34:00-05:00,99.61,,77.25,77.43,78.4,64.72,73.19,67.05,77.78,,78.65,99.9,74.8,77.09
2023-05-22T03:34:30-05:00,99.61,,77.03,78.14,78.12,64.57,73.25,66.99,77.78,,78.57,99.9,74.82,76.83
2023-05-22T03:35:00-05:00,99.61,,77.0,77.63,78.32,64.45,73.23,66.94,77.46,,78.72,99.9,74.81,76.65
2023-05-22T03:35:30-05:00,99.61,,77.19,77.63,78.03,64.29,73.18,66.84,77.43,,78.62,99.9,74.8,76.81
2023-05-22T03:36:00-05:00,99.61,,77.1,77.92,77.89,64.27,73.3,67.03,77.31,,78.65,99.9,74.75,76.76
2023-05-22T03:36:30-05:00,99.61,,77.01,77.89,78.21,64.23,73.36,67.29,77.36,,78.75,99.9,74.77,76.79
2023-05-22T03:37:00-05:00,99.61,,77.07,77.75,78.15,64.21,73.28,67.15,77.42,,78.86,99.9,74.77,76.81
2023-05-22T03:37:30-05:00,99.61,,77.04,77.87,78.68,64.19,73.34,67.11,77.26,,78.74,99.9,74.87,76.87
2023-05-22T03:38:00-05:00,99.61,,76.62,77.47,78.74,64.55,73.41,66.83,77.05,,78.71,99.9,74.86,77.25
2023-05-22T03:38:30-05:00,99.61,,77.12,,78.95,64.45,73.41,67.01,77.04,,78.99,99.9,74.75,77.41
2023-05-22T03:39:00-05:00,99.61,,77.13,,78.35,64.33,73.42,66.99,76.96,,78.97,99.9,74.82,77.38
2023-05-22T03:39:30-05:00,99.61,,76.97,,78.89,64.29,73.36,67.01,77.03,,79.03,99.9,74.95,77.1
2023-05-22T03:40:00-05:00,99.61,,76.75,,78.7,64.32,73.64,67.01,77.09,,78.93,99.9,75.06,77.13
2023-05-22T03:40:30-05:00,99.61,,77.05,,78.93,64.52,73.49,66.97,77.22,,78.84,,75.03,76.96
2023-05-22T03:41:00-05:00,99.61,,77.03,,78.97,64.45,73.5,67.13,77.33,,78.85,99.9,75.04,76.83
2023-05-22T03:41:30-05:00,99.61,,76.7,,78.68,64.43,73.48,66.92,77.41,,78.72,99.9,74.98,76.64
2023-05-22T03:42:00-05:00,99.61,,76.59,,78.5,64.37,73.52,66.99,77.78,,79.09,99.9,74.98,76.36
2023-05-22T03:42:30-05:00,99.61,,76.8,,78.41,64.43,73.5,66.9,77.24,,79.16,99.9,75.03,76.54
2023-05-22T03:43:00-05:00,99.61,,77.05,,78.28,64.39,73.57,67.06,77.59,,,99.9,75.05,76.43
2023-05-22T03:43:30-05:00,99.61,,76.96,,78.3,64.39,73.67,67.18,77.57,,79.11,99.9,74.94,76.65
2023-05-22T03:44:00-05:00,99.61,,76.93,,78.69,64.53,73.68,67.04,77.56,,79.03,99.9,74.89,76.86
2023-05-22T03:44:30-05:00,99.61,,76.78,,78.56,64.61,73.54,67.1,77.66,,79.16,99.9,74.92,76.89
2023-05-22T03:45:00-05:00,99.61,,76.92,,78.67,64.52,73.47,67.15,77.47,,79.04,99.9,75.06,76.85
2023-05-22T03:45:30-05:00,99.61,,76.95,,78.69,64.57,73.58,67.07,77.88,,79.01,99.9,75.1,76.88
2023-05-22T03:46:00-05:00,99.61,,76.7,,78.26,64.38,73.52,67.1,77.59,,78.79,99.9,74.9,76.84
2023-05-22T03:46:30-05:00,99.61,,76.74,,78.67,64.44,73.42,67.25,77.66,,78.66,99.9,74.9,77.0
2023-05-22T03:47:00-05:00,99.61,,76.65,,78.67,64.73,73.36,67.0,77.7,,78.74,99.9,74.96,76.7
2023-05-22T03:47:30-05:00,99.61,,76.99,,78.68,64.74,73.42,67.26,77.51,,78.73,99.9,74.96,76.69
2023-05-22T03:48:00-05:00,99.61,,76.82,,78.85,64.69,73.33,67.35,77.6,,78.81,99.9,74.96,76.85
2023-05-22T03:48:30-05:00,99.61,,77.03,,78.78,64.78,73.24,67.3,78.2,,78.61,99.9,75.02,76.63
2023-05-22T03:49:00-05:00,99.61,,76.84,,79.1,65.08,73.22,67.05,78.03,,78.68,99.9,75.03,76.76
2023-05-22T03:49:30-05:00,99.61,,76.85,,78.93,65.04,72.95,67.02,77.64,,78.57,99.9,75.18,76.86
2023-05-22T03:50:00-05:00,99.61,,76.9,,78.84,65.02,72.83,67.31,77.76,,78.8,99.9,75.17,76.84
2023-05-22T03:50:30-05:00,99.61,,76.76,,78.7,65.22,72.75,67.15,77.77,,78.99,99.9,75.15,76.83
2023-05-22T03:51:00-05:00,99.61,,76.73,,78.93,64.99,72.59,67.25,77.47,,78.85,99.9,75.15,76.8
2023-05-22T03:51:30-05:00,99.61,,76.55,,79.02,65.08,72.67,67.11,77.56,,78.82,,75.12,76.72
2023-05-22T03:52:00-05:00,99.61,,76.84,,79.35,65.04,72.73,67.36,77.8,,78.72,99.9,75.15,76.74
2023-05-22T03:52:30-05:00,99.61,,76.71,,79.4,64.96,72.73,67.23,77.78,,78.72,99.9,75.09,76.82
2023-05-22T03:53:00-05:00,99.61,,76.72,,79.64,65.03,72.76,67.15,78.02,,78.68,99.9,75.0,77.26
2023-05-22T03:53:30-05:00,99.61,,76.67,,79.61,64.95,72.81,67.11,78.19,,78.68,99.9,74.97,77.34
2023-05-22T03:54:00-05:00,99.61,,76.92,,79.97,64.97,72.81,67.19,77.97,,78.61,99.9,75.12,77.69
2023-05-22T03:54:30-05:00,99.61,,76.82,,80.02,65.07,72.79,67.17,77.7,,78.39,99.9,75.16,77.65
2023-05-22T03:55:00-05:00,99.61,,76.72,,79.94,65.13,72.67,67.1,77.74,,78.39,99.9,75.23,77.67
2023-05-22T03:55:30-05:00,99.61,,76.71,,80.54,64.87,72.68,67.22,77.76,,78.56,99.9,75.23,77.66
2023-05-22T03:56:00-05:00,99.61,,76.77,,80.05,64.83,72.63,67.22,77.75,,78.71,99.9,75.31,77.72
2023-05-22T03:56:30-05:00,99.61,,76.62,,79.89,64.83,72.7,66.98,77.85,,78.96,99.9,75.47,77.72
2023-05-22T03:57:00-05:00,99.61,,76.63,,80.4,64.71,72.49,66.99,78.31,,78.73,99.9,75.48,77.8
2023-05-22T03:57:30-05:00,99.61,,76.78,,80.2,64.65,72.52,67.2,78.13,,78.62,99.9,75.47,77.8
2023-05-22T03:58:00-05:00,99.61,,76.84,,79.82,64.59,72.41,67.36,78.08,,78.92,99.9,75.45,77.58
2023-05-22T03:58:30-05:00,99.61,,77.17,,79.71,64.88,72.36,67.61,77.86,,78.86,99.9,75.42,77.19
2023-05-22T03:59:00-05:00,99.61,,77.02,,79.96,64.91,72.4,67.1,77.9,,78.88,99.9,75.37,77.26
2023-05-22T03:59:30-05:00,99.61,,77.1,,79.92,64.73,72.39,66.93,78.03,,78.76,99.9,75.38,77.44
2023-05-22T04:00:00-05:00,99.61,,77.16,,80.36,64.68,72.36,67.01,78.09,,78.68,99.9,75.38,77.34
2023-05-22T04:00:30-05:00,99.61,,77.49,,79.81,64.66,72.49,67.07,77.86,,,99.9,75.38,77.42
2023-05-22T04:01:00-05:00,99.61,,77.25,,79.46,64.45,72.46,67.01,77.9,,78.87,99.9,75.36,77.5
2023-05-22T04:01:30-05:00,99.61,,77.21,,79.58,64.76,72.51,67.11,78.5,,78.72,99.9,75.25,77.2
2023-05-22T04:02:00-05:00,99.61,,77.43,,79.49,64.65,72.42,67.09,78.43,,78.76,,75.22,77.57
2023-05-22T04:02:30-05:00,99.61,,77.36,,79.45,65.08,72.31,67.11,78.48,,78.61,99.9,75.09,77.61
2023-05-22T04:03:00-05:00,99.61,,77.23,,79.65,64.73,72.27,67.18,78.1,,78.55,99.9,74.94,77.46
2023-05-22T04:03:30-05:00,99.61,,77.44,,79.64,64.77,72.3,67.22,78.35,,78.52,99.9,74.95,77.57
2023-05-22T04:04:00-05:00,99.61,,77.38,,79.69,64.86,72.27,67.23,78.02,,78.34,99.9,74.9,77.54
2023-05-22T04:04:30-05:00,99.61,,77.38,,79.66,64.59,72.39,67.32,78.4,,78.49,99.9,74.9,77.53
2023-05-22T04:05:00-05:00,99.61,,77.3,,79.37,65.07,72.28,66.92,78.67,,78.56,99.9,74.89,77.64
2023-05-22T04:05:30-05:00,99.61,,77.39,,79.29,65.08,72.27,67.31,78.4,,78.48,99.9,74.96,77.83
2023-05-22T04:06:00-05:00,99.61,,77.27,,79.4,64.75,72.2,67.08,78.43,,78.51,99.9,75.08,77.67
2023-05-22T04:06:30-05:00,99.61,,77.25,,79.55,64.78,72.17,67.27,78.44,,78.58,99.9,75.2,77.81
2023-05-22T04:07:00-05:00,99.61,,77.35,,79.54,64.77,72.19,67.02,78.36,,78.57,99.9,75.26,77.75
2023-05-22T04:07:30-05:00,99.61,,77.16,,79.52,64.66,72.25,67.01,78.38,,78.51,99.9,75.33,77.88
2023-05-22T04:08:00-05:00,99.61,,77.19,,79.88,64.77,72.32,67.29,78.48,,78.46,99.9,75.26,78.02
2023-05-22T04:08:30-05:00,99.61,,77.25,,79.74,65.14,72.34,67.09,78.35,,78.48,99.9,75.2,78.01
2023-05-22T04:09:00-05:00,99.61,,77.2,,80.12,65.0,72.4,67.17,78.55,,78.45,99.9,75.11,78.29
2023-05-22T04:09:30-05:00,99.61,,77.15,,80.21,64.83,72.31,67.2,78.9,,78.24,99.9,75.11,78.48
2023-05-22T04:10:00-05:00,99.61,,77.32,,79.91,64.89,72.27,67.2,78.78,,78.2,99.9,75.11,78.52
2023-05-22T04:10:30-05:00,99.61,,77.21,,79.87,65.22,72.45,67.55,78.53,,78.22,,75.1,78.35
2023-05-22T04:11:00-05:00,99.61,,77.22,,79.84,65.11,72.48,67.15,78.46,,78.21,99.9,75.12,78.37
2023-05-22T04:11:30-05:00,99.61,,77.13,,79.86,65.1,72.68,67.38,78.58,,78.22,99.9,75.19,78.4
2023-05-22T04:12:00-05:00,99.61,,77.05,,79.8,64.8,72.77,67.41,78.46,,78.28,99.9,75.21,78.61
2023-05-22T04:12:30-05:00,99.61,,76.9,,79.99,64.88,72.98,67.35,78.44,,78.36,99.9,75.23,78.4
2023-05-22T04:13:00-05:00,99.61,,76.89,,80.22,65.17,72.93,67.39,78.56,,78.45,99.9,75.26,78.47
2023-05-22T04:13:30-05:00,99.61,,76.79,,80.1,65.36,73.01,67.41,78.73,,78.59,99.9,75.22,78.41
2023-05-22T04:14:00-05:00,99.61,,76.78,,80.36,65.17,73.03,67.36,78.92,,78.57,99.9,75.22,78.48
2023-05-22T04:14:30-05:00,99.61,,76.74,,79.98,64.94,73.06,67.26,78.68,,78.8,99.9,75.22,78.12
2023-05-22T04:15:00-05:00,99.61,,76.64,,80.04,64.96,73.09,67.44,78.36,,78.76,99.9,75.07,78.7
2023-05-22T04:15:30-05:00,99.61,,76.5,,80.62,64.99,73.06,67.53,78.46,,78.78,99.9,74.98,78.13
2023-05-22T04:16:00-05:00,99.61,,76.44,,80.67,65.14,73.16,67.44,78.4,,78.97,99.9,74.9,78.28
2023-05-22T04:16:30-05:00,99.61,,76.44,,80.64,64.8,73.21,67.61,78.48,,78.96,99.9,74.79,78.16
2023-05-22T04:17:00-05:00,99.61,,76.44,,80.36,64.97,73.26,67.75,78.71,,78.96,,74.82,78.36
2023-05-22T04:17:30-05:00,99.61,,76.38,,80.19,65.38,73.2,67.77,78.61,,,99.9,74.88,78.48
2023-05-22T04:18:00-05:00,99.61,,76.43,,80.41,65.17,73.27,67.52,78.7,,78.77,99.9,74.72,78.32
2023-05-22T04:18:30-05:00,99.61,,76.4,,80.02,65.17,73.4,67.35,78.78,,78.71,99.9,74.72,78.38
2023-05-22T04:19:00-05:00,99.61,,76.44,,80.11,64.96,73.51,67.61,78.64,,78.73,99.9,74.81,78.63
2023-05-22T04:19:30-05:00,99.61,,76.34,,80.24,65.01,73.38,67.25,78.68,,78.72,99.9,74.96,78.66
2023-05-22T04:20:00-05:00,99.61,,76.31,,80.07,65.05,73.46,67.53,78.54,,78.6,99.9,74.94,78.54
2023-05-22T04:20:30-05:00,99.61,,76.21,,80.53,65.02,73.4,67.45,78.35,,78.74,99.9,74.92,78.44
2023-05-22T04:21:00-05:00,99.61,,76.33,,80.14,64.98,73.51,67.44,78.4,,78.53,99.9,74.89,78.52
2023-05-22T04:21:30-05:00,99.61,,76.47,,79.98,65.2,73.6,67.31,78.75,,78.5,99.9,74.85,78.52
2023-05-22T04:22:00-05:00,99.61,,76.5,,80.33,65.03,73.61,67.35,78.6,,78.45,99.9,74.86,78.4
2023-05-22T04:22:30-05:00,99.61,,76.32,,80.05,65.06,73.61,67.48,78.5,,78.42,99.9,74.8,78.35
2023-05-22T04:23:00-05:00,99.61,,76.31,,80.24,64.99,73.75,67.48,78.64,,78.38,99.9,74.8,78.21
2023-05-22T04:23:30-05:00,99.61,,76.4,,80.25,64.93,73.67,67.47,78.76,,78.49,99.9,74.78,78.47
2023-05-22T04:24:00-05:00,99.61,,76.22,,80.36,65.29,73.74,67.54,78.74,,78.48,99.9,74.83,78.19
2023-05-22T04:24:30-05:00,99.61,,76.22,,80.33,65.45,73.91,67.58,78.67,,78.63,99.9,74.9,78.2
2023-05-22T04:25:00-05:00,99.61,,76.28,,80.33,65.29,73.96,67.51,78.89,,78.18,99.9,74.81,78.19
2023-05-22T04:25:30-05:00,99.61,,76.44,,80.27,64.95,73.93,67.64,78.53,,78.26,99.9,74.93,78.29
2023-05-22T04:26:00-05:00,99.61,,76.42,,80.01,65.29,73.93,67.61,78.7,,78.41,99.9,74.91,78.18
2023-05-22T04:26:30-05:00,99.61,,76.42,,80.27,65.23,73.77,67.57,78.49,,78.22,99.9,74.96,78.13
2023-05-22T04:27:00-05:00,99.61,,76.67,,80.01,65.04,73.84,67.65,78.55,,78.16,99.9,74.98,78.38
2023-05-22T04:27:30-05:00,99.61,,76.53,,79.76,65.3,73.68,67.54,78.65,,78.04,99.9,74.98,78.27
2023-05-22T04:28:00-05:00,99.61,,76.55,,80.07,65.45,73.68,67.71,78.7,,77.89,99.9,74.97,78.5
2023-05-22T04:28:30-05:00,99.61,,76.49,,79.43,65.37,73.66,67.54,78.78,,78.14,99.9,74.93,78.43
2023-05-22T04:29:00-05:00,99.61,,76.65,,79.36,65.13,73.66,67.7,78.59,,77.98,99.9,74.9,78.27
2023-05-22T04:29:30-05:00,99.61,,76.45,,79.82,65.24,73.8,67.53,78.7,,77.96,99.9,75.01,78.31
2023-05-22T04:30:00-05:00,99.61,,76.68,,79.41,65.54,73.62,67.91,78.8,,77.97,99.9,75.12,78.24
2023-05-22T04:30:30-05:00,99.61,,76.72,,79.56,65.67,73.7,67.64,78.6,,77.94,99.9,75.16,78.07
2023-05-22T04:31:00-05:00,99.61,,76.67,,79.86,65.87,73.65,67.56,78.25,,77.97,99.9,75.24,77.8
2023-05-22T04:31:30-05:00,99.61,,76.46,,80.13,65.59,73.61,67.59,78.33,,77.81,99.9,75.34,77.62
2023-05-22T04:32:00-05:00,99.61,,76.42,,79.38,65.99,73.65,68.09,78.36,,77.77,99.9,75.34,77.65
2023-05-22T04:32:30-05:00,99.61,,76.33,,79.9,65.86,73.72,67.57,78.4,,77.82,99.9,75.22,77.5
2023-05-22T04:33:00-05:00,99.61,,76.2,,79.48,65.84,73.79,67.97,78.39,,77.81,99.9,75.26,77.43
2023-05-22T04:33:30-05:00,99.61,,76.23,,79.37,65.83,73.7,67.62,78.52,,77.73,99.9,75.35,77.13
2023-05-22T04:34:00-05:00,99.61,,76.01,,79.7,66.04,73.7,67.71,78.42,,77.85,99.9,75.44,77.16
2023-05-22T04:34:30-05:00,99.61,,76.07,,79.99,66.16,73.69,67.78,78.46,,77.76,99.9,75.4,77.31
2023-05-22T04:35:00-05:00,99.61,,76.13,,79.46,66.12,73.68,67.77,78.35,,77.67,99.9,75.38,77.47
2023-05-22T04:35:30-05:00,99.61,,76.12,,79.61,66.14,73.49,67.86,78.19,,77.71,99.9,75.35,77.16
2023-05-22T04:36:00-05:00,99.61,,76.22,,79.64,66.22,73.65,67.86,78.24,,77.59,99.9,75.25,77.0
2023-05-22T04:36:30-05:00,99.61,,76.02,,79.15,66.13,73.63,67.53,78.0,,77.68,99.9,75.2,77.05
2023-05-22T04:37:00-05:00,99.61,,76.19,,79.81,66.12,73.63,67.66,78.33,,77.63,99.9,75.2,77.2
2023-05-22T04:37:30-05:00,99.61,,76.12,,79.79,66.3,73.7,67.79,77.79,,77.55,99.9,75.15,77.35
2023-05-22T04:38:00-05:00,99.61,,76.09,,79.44,66.13,73.87,67.57,77.54,,77.64,99.9,75.22,76.97
2023-05-22T04:38:30-05:00,99.61,,76.37,,79.41,66.11,73.87,67.57,78.1,,77.69,99.9,75.21,77.02
2023-05-22T04:39:00-05:00,99.61,,76.46,,79.21,66.07,73.83,67.57,78.08,,77.7,99.9,75.07,76.9
2023-05-22T04:39:30-05:00,99.61,,76.57,,79.34,66.03,73.92,67.89,78.03,,77.68,99.9,75.04,76.87
2023-05-22T04:40:00-05:00,99.61,,76.38,,79.25,66.1,73.94,67.91,78.09,,77.57,99.9,75.07,76.9
2023-05-22T04:40:30-05:00,99.61,,76.34,,79.34,66.24,73.92,67.61,78.09,,77.67,99.9,75.2,76.83
2023-05-22T04:41:00-05:00,99.61,,76.43,,79.08,66.3,73.94,67.65,78.35,,77.53,99.9,75.23,76.98
2023-05-22T04:41:30-05:00,99.61,,76.33,,79.21,66.35,74.1,67.81,78.31,,77.58,99.9,75.23,76.88
2023-05-22T04:42:00-05:00,99.61,,76.17,,79.21,66.43,74.21,67.64,78.23,,77.58,99.9,75.14,77.07
2023-05-22T04:42:30-05:00,99.61,,76.22,,79.12,66.38,74.21,67.76,77.96,,77.53,99.9,75.06,77.34
2023-05-22T04:43:00-05:00,99.61,,76.3,,79.47,66.38,74.04,67.72,78.21,,77.5,99.9,75.1,77.64
2023-05-22T04:43:30-05:00,99.61,,76.3,,79.29,66.3,74.05,67.84,78.36,,77.31,99.9,74.9,77.83
2023-05-22T04:44:00-05:00,99.61,,76.34,,78.88,66.16,74.09,67.82,78.29,,77.18,99.9,74.75,77.73
2023-05-22T04:44:30-05:00,99.61,,76.3,,79.03,66.24,74.05,68.03,78.27,,77.1,,74.66,77.79
2023-05-22T04:45:00-05:00,99.61,,76.35,,79.04,66.0,74.03,67.65,78.69,,76.97,99.9,74.63,77.75
2023-05-22T04:45:30-05:00,99.61,,76.34,,79.25,65.97,74.06,67.55,78.36,,76.69,99.9,74.58,77.63
2023-05-22T04:46:00-05:00,99.61,,76.3,,79.48,65.93,74.11,67.61,78.27,,76.55,99.9,74.58,77.3
2023-05-22T04:46:30-05:00,99.61,,76.34,,79.29,66.08,74.09,67.59,78.46,,76.59,99.9,74.55,77.43
2023-05-22T04:47:00-05:00,99.61,,76.48,,79.18,65.87,74.11,67.76,78.32,,76.48,99.9,74.45,77.49
2023-05-22T04:47:30-05:00,99.61,,76.63,,78.79,65.66,74.19,67.82,78.22,,76.32,99.9,74.42,77.62
2023-05-22T04:48:00-05:00,99.61,,76.74,,79.07,66.07,74.24,67.6,78.24,,76.31,99.9,74.33,77.7
2023-05-22T04:48:30-05:00,99.61,,76.77,,79.15,65.91,74.29,67.71,78.27,,75.97,99.9,74.26,77.73
2023-05-22T04:49:00-05:00,99.61,,76.86,,79.12,66.06,74.34,67.46,78.27,,76.05,99.9,74.25,77.7
2023-05-22T04:49:30-05:00,99.61,,77.0,,79.2,65.99,74.46,67.59,78.21,,75.91,99.9,74.21,77.8
2023-05-22T04:50:00-05:00,99.61,,76.93,,78.8,65.72,74.4,67.74,78.17,,75.73,99.9,74.27,77.88
2023-05-22T04:50:30-05:00,99.61,,77.01,,78.89,65.87,74.41,67.61,78.22,,75.6,99.9,74.27,77.86
2023-05-22T04:51:00-05:00,99.61,,77.11,,79.07,66.13,74.45,67.65,78.2,,75.54,99.9,74.31,77.77
2023-05-22T04:52:00-05:00,99.61,,77.38,,78.99,66.2,74.53,67.56,78.12,,75.34,99.9,74.31,77.67
2023-05-22T04:52:30-05:00,99.61,,77.3,,78.91,66.01,74.5,67.69,78.18,,75.29,99.9,74.33,77.64
2023-05-22T04:53:00-05:00,99.61,,77.39,,79.21,66.07,74.48,67.35,78.14,,75.2,99.9,74.38,77.6
2023-05-22T04:53:30-05:00,99.61,,77.54,,78.72,66.04,74.54,67.75,77.92,,75.02,99.9,74.28,77.64
2023-05-22T04:54:00-05:00,99.61,,77.66,,79.29,66.01,74.55,67.39,78.08,,75.01,99.9,74.21,78.02
2023-05-22T04:54:30-05:00,99.61,,77.64,,78.95,66.09,74.4,67.43,78.66,,74.91,99.9,74.18,77.9
2023-05-22T04:55:00-05:00,99.61,,77.71,,78.79,66.09,74.31,67.39,78.12,,74.8,,74.18,77.84
2023-05-22T04:55:30-05:00,99.61,,77.77,,,66.19,74.44,67.54,78.15,,74.66,99.9,74.06,77.68
2023-05-22T04:56:00-05:00,99.61,,77.79,,78.52,66.2,74.52,67.51,78.02,,74.65,99.9,73.93,77.64
2023-05-22T04:56:30-05:00,99.61,,77.88,,78.6,66.18,74.49,67.53,78.12,,74.54,99.9,73.96,77.73
2023-05-22T04:57:00-05:00,99.61,,77.86,,78.71,66.32,74.4,67.56,78.23,,74.5,99.9,74.0,78.06
2023-05-22T04:58:00-05:00,99.61,,78.08,,78.72,66.44,74.31,67.66,78.23,,74.46,99.9,74.19,77.62
2023-05-22T04:58:30-05:00,99.61,,78.04,,79.2,66.46,74.3,67.69,78.18,,74.37,99.9,74.18,77.5
2023-05-22T04:59:30-05:00,99.61,,,,,,74.34,,78.25,,74.25,,74.1,
2023-05-22T05:00:00-05:00,99.61,,,,,,74.42,,78.26,,74.25,,73.99,
2023-05-22T05:00:30-05:00,99.61,,78.07,78.96,79.25,66.11,74.45,67.71,78.4,,74.3,99.9,73.79,78.2
2023-05-22T05:01:00-05:00,99.61,,77.99,78.93,79.39,66.42,74.44,67.4,78.38,,74.26,99.9,73.71,78.46
2023-05-22T05:01:30-05:00,99.61,,78.26,78.99,79.39,66.41,74.48,67.6,78.33,,74.18,99.9,73.57,78.36
2023-05-22T05:02:00-05:00,99.61,,78.27,79.04,79.53,66.41,74.56,68.02,78.53,,74.14,99.9,73.57,78.73
2023-05-22T05:02:30-05:00,99.61,,78.28,79.15,79.74,66.65,74.54,67.93,78.58,,74.21,99.9,73.56,78.56
2023-05-22T05:03:00-05:00,99.61,,78.33,79.2,79.45,66.61,74.66,67.86,78.35,,74.15,99.9,73.52,78.23
2023-05-22T05:03:30-05:00,99.61,,78.4,79.11,79.68,66.63,74.54,67.6,78.49,,74.12,99.9,73.49,78.16
2023-05-22T05:04:30-05:00,99.61,,78.28,79.2,79.47,66.58,74.57,67.82,78.37,,74.23,99.9,73.53,77.89
2023-05-22T05:05:00-05:00,99.61,,78.34,79.22,79.71,66.63,74.53,67.94,78.95,,74.22,99.9,73.55,77.97
2023-05-22T05:05:30-05:00,99.61,,78.35,79.4,79.92,66.51,74.52,67.88,78.73,,74.22,99.9,73.45,77.73
2023-05-22T05:06:00-05:00,99.61,,78.37,79.15,79.56,66.47,74.42,67.76,78.34,,74.26,99.9,73.31,77.59
2023-05-22T05:06:30-05:00,99.61,,78.33,79.21,79.2,66.19,74.47,67.72,78.33,,74.19,99.9,73.28,77.95
2023-05-22T05:07:00-05:00,99.61,,78.37,79.0,79.04,66.08,74.51,67.75,78.35,,74.3,99.9,73.15,77.89
2023-05-22T05:07:30-05:00,99.61,,78.43,,79.31,66.18,74.39,68.01,78.41,,74.29,99.9,73.09,77.69
2023-05-22T05:08:00-05:00,99.61,,78.51,,79.14,66.51,74.28,67.82,78.37,,74.29,99.9,73.13,77.83
2023-05-22T05:08:30-05:00,99.61,,78.68,,79.46,66.14,74.35,67.94,78.15,,74.45,99.9,73.13,77.87
2023-05-22T05:09:00-05:00,99.61,,78.68,,79.05,66.03,74.4,67.99,78.1,,74.47,99.9,73.19,77.99
2023-05-22T05:09:30-05:00,99.61,,78.74,,79.34,66.49,74.27,68.01,78.16,,74.51,99.9,73.21,77.95
2023-05-22T05:10:00-05:00,99.61,,78.78,,79.04,66.43,74.21,67.97,78.02,,74.52,99.9,73.25,78.07
2023-05-22T05:10:30-05:00,99.61,,78.81,,79.2,66.61,74.18,67.85,78.37,,74.47,99.9,73.29,78.13
2023-05-22T05:11:00-05:00,99.61,,78.99,,78.9,66.81,74.14,67.68,78.13,,74.49,99.9,73.15,77.98
2023-05-22T05:11:30-05:00,99.61,,79.0,,78.95,66.78,74.13,67.75,78.26,,74.49,99.9,73.18,77.83
2023-05-22T05:12:00-05:00,99.61,,78.8,,78.9,66.63,74.1,67.72,78.25,,74.42,99.9,73.14,77.8
2023-05-22T05:12:30-05:00,99.61,,78.66,,78.76,66.65,74.02,67.84,78.18,,74.41,99.9,73.15,77.8
2023-05-22T05:13:00-05:00,99.61,,78.58,,78.75,66.68,73.99,67.82,78.16,,74.38,99.9,73.18,77.5
2023-05-22T05:13:30-05:00,99.61,,78.67,,78.53,66.58,73.92,67.63,78.19,,74.36,99.9,73.18,77.38
2023-05-22T05:14:00-05:00,99.61,,78.72,,78.8,66.73,73.93,67.66,78.33,,74.41,99.9,73.22,77.53
2023-05-22T05:14:30-05:00,99.61,,78.75,,78.87,66.8,73.98,67.69,78.43,,74.52,99.9,73.18,77.65
2023-05-22T05:15:00-05:00,99.61,,78.74,,78.55,67.0,74.02,67.52,78.41,,74.65,99.9,73.18,77.47
2023-05-22T05:15:30-05:00,99.61,,78.88,,78.56,66.9,74.07,67.52,78.39,,74.8,99.9,73.18,77.58
2023-05-22T05:16:00-05:00,99.61,,78.76,,78.44,66.74,73.95,67.5,78.66,,74.85,99.9,73.22,77.71
2023-05-22T05:16:30-05:00,99.61,,78.58,,78.38,66.64,73.91,67.49,78.64,,74.94,99.9,73.27,77.89
2023-05-22T05:17:00-05:00,99.61,,78.71,,78.27,66.51,73.95,67.42,78.53,,75.03,99.9,73.36,77.91
2023-05-22T05:17:30-05:00,99.61,,78.46,,78.62,66.46,74.12,67.36,78.61,,75.03,99.9,73.31,77.59
2023-05-22T05:18:00-05:00,99.61,,78.61,,78.56,66.39,74.11,67.4,78.57,,75.09,99.9,73.31,77.66
2023-05-22T05:18:30-05:00,99.61,,78.3,,78.71,66.5,74.19,67.38,78.54,,75.13,99.9,73.44,77.42
2023-05-22T05:19:00-05:00,99.61,,78.34,,78.88,66.65,74.21,67.43,78.66,,75.21,99.9,73.49,77.42
2023-05-22T05:19:30-05:00,99.61,,78.32,,78.27,66.73,74.21,67.43,78.77,,75.28,99.9,73.52,77.62
2023-05-22T05:20:00-05:00,99.61,,78.27,,78.57,66.36,74.2,67.43,78.56,,75.4,99.9,73.46,77.54
2023-05-22T05:20:30-05:00,99.61,,78.15,,78.63,66.33,74.25,67.45,78.68,,75.49,99.9,73.53,77.51
2023-05-22T05:21:00-05:00,99.61,,78.16,,78.59,66.15,74.27,67.37,78.52,,75.54,99.9,73.46,76.9
2023-05-22T05:21:30-05:00,99.61,,78.1,,78.27,66.16,74.31,67.48,78.44,,75.69,99.9,73.58,76.87
2023-05-22T05:22:00-05:00,99.61,,78.27,,78.71,66.12,74.36,67.46,78.39,,75.81,99.9,73.77,77.17
2023-05-22T05:22:30-05:00,99.61,,78.31,,78.43,66.23,74.19,67.37,78.34,,75.86,99.9,73.77,77.05
2023-05-22T05:23:00-05:00,99.61,,78.28,,78.57,66.02,74.09,67.35,78.49,,75.87,99.9,73.85,76.95
2023-05-22T05:23:30-05:00,99.61,,78.29,,78.2,65.9,74.03,67.36,78.42,,75.85,99.9,73.83,77.35
2023-05-22T05:24:00-05:00,99.61,,78.35,,78.46,66.1,74.01,67.33,78.4,,75.87,99.9,73.9,77.65
2023-05-22T05:24:30-05:00,99.61,,78.43,,78.43,66.15,73.97,67.36,78.46,,75.96,99.9,73.87,77.55
2023-05-22T05:25:00-05:00,99.61,,78.5,,78.56,66.35,73.92,67.27,78.63,,75.98,99.9,73.75,77.43
2023-05-22T05:25:30-05:00,99.61,,78.45,,78.46,66.1,73.89,67.15,78.5,,75.95,99.9,73.6,77.58
2023-05-22T05:26:00-05:00,99.61,,78.38,,78.46,66.44,73.86,67.18,78.53,,76.04,99.9,73.43,77.49
2023-05-22T05:26:30-05:00,99.61,,78.41,,78.26,66.39,73.84,67.23,78.56,,76.01,99.9,73.36,77.42
2023-05-22T05:27:30-05:00,99.61,,78.08,,78.19,66.7,73.69,67.17,78.51,,76.06,99.9,73.35,77.32
2023-05-22T05:28:00-05:00,99.61,,78.01,,78.35,66.78,73.58,67.13,78.35,,76.1,99.9,73.36,77.59
2023-05-22T05:28:30-05:00,99.61,,77.94,,78.28,66.46,73.62,67.12,78.39,,76.11,99.9,73.35,77.66
2023-05-22T05:29:00-05:00,99.61,,77.8,,78.44,66.78,73.59,67.12,78.45,,76.16,99.9,73.34,77.71
2023-05-22T05:29:30-05:00,99.61,,77.65,,78.26,66.77,73.54,67.05,78.52,,76.23,99.9,73.38,77.81
2023-05-22T05:30:00-05:00,99.61,,77.44,,78.29,66.74,73.38,67.03,78.49,,76.18,99.9,73.48,77.92
2023-05-22T05:30:30-05:00,99.61,,77.38,,78.01,66.66,73.44,67.06,78.55,,76.23,99.9,73.54,78.02
2023-05-22T05:31:00-05:00,99.61,,77.21,,78.27,66.75,73.39,67.14,78.61,,76.28,99.9,73.66,77.91
2023-05-22T05:31:30-05:00,99.61,,77.16,,78.04,66.48,73.41,67.15,78.6,,76.29,99.9,73.66,77.88
2023-05-22T05:32:00-05:00,99.61,,77.1,,78.38,66.72,73.42,67.21,78.52,,76.24,99.9,73.71,77.93
2023-05-22T05:32:30-05:00,99.61,,76.67,,78.11,66.71,73.41,67.22,78.64,,76.25,99.9,73.77,77.88
2023-05-22T05:33:00-05:00,99.61,,76.71,,78.16,66.64,73.4,67.23,78.66,,76.33,99.9,73.88,77.93
2023-05-22T05:33:30-05:00,99.61,,76.57,,78.01,66.83,73.43,67.18,78.9,,76.34,99.9,74.06,77.86
2023-05-22T05:34:00-05:00,99.61,,76.38,,78.09,66.76,73.45,67.06,78.55,,76.26,99.9,73.92,77.66
2023-05-22T05:34:30-05:00,99.61,,76.27,,78.35,66.68,73.4,67.13,78.47,,76.22,99.9,73.85,77.8
2023-05-22T05:35:00-05:00,99.61,,76.2,,78.49,66.8,73.26,67.17,78.42,,76.21,99.9,73.83,77.76
2023-05-22T05:35:30-05:00,99.61,,76.13,,78.55,66.83,73.17,67.14,78.5,,76.12,99.9,73.78,77.95
2023-05-22T05:36:00-05:00,99.61,,76.09,,78.24,66.78,73.09,67.21,79.11,,76.12,99.9,73.78,78.08
2023-05-22T05:36:30-05:00,99.61,,76.07,,78.74,66.59,73.06,67.12,78.51,,76.08,99.9,73.81,77.91
2023-05-22T05:37:00-05:00,99.61,,75.99,,78.32,66.62,72.92,67.15,78.23,,76.01,99.9,73.79,77.94
2023-05-22T05:37:30-05:00,99.61,,76.02,,78.06,66.61,72.95,67.24,78.19,,75.97,99.9,73.7,78.15
2023-05-22T05:38:00-05:00,99.61,,76.02,,78.08,66.55,72.91,67.21,78.28,,75.95,99.9,73.73,77.94
2023-05-22T05:38:30-05:00,99.61,,76.0,,78.25,66.54,72.95,67.15,78.17,,75.85,99.9,73.76,77.77
2023-05-22T05:39:00-05:00,99.61,,75.9,,78.18,66.51,72.9,67.21,78.28,,75.88,99.9,73.77,78.08
2023-05-22T05:39:30-05:00,99.61,,75.99,,78.1,66.56,72.88,67.28,78.22,,75.85,99.9,73.87,78.12
2023-05-22T05:40:00-05:00,99.61,,76.09,,78.06,66.58,72.71,67.24,78.16,,75.8,99.9,73.93,77.9
2023-05-22T05:40:30-05:00,99.61,,76.08,,77.91,66.48,72.57,67.34,78.22,,75.69,99.9,73.83,77.62
2023-05-22T05:41:00-05:00,99.61,,76.02,,77.88,66.52,72.54,67.31,78.18,,75.63,99.9,73.83,77.77
2023-05-22T05:41:30-05:00,99.61,,75.95,,78.08,66.53,72.42,67.31,78.34,,75.6,99.9,73.72,77.73
2023-05-22T05:42:00-05:00,99.61,,75.98,,77.63,66.52,72.34,67.25,78.48,,75.59,99.9,73.73,77.83
2023-05-22T05:42:30-05:00,99.61,,75.91,,77.9,66.54,72.4,67.2,78.52,,75.68,99.9,73.7,77.99
2023-05-22T05:43:00-05:00,99.61,,75.84,,78.11,66.56,72.46,67.14,78.57,,75.63,99.9,73.62,77.96
2023-05-22T05:43:30-05:00,99.61,,75.76,,78.2,66.59,72.3,67.12,78.11,,75.62,99.9,73.7,77.87
2023-05-22T05:44:00-05:00,99.61,,75.76,,78.11,66.59,72.33,67.18,78.23,,75.57,99.9,73.66,78.05
2023-05-22T05:44:30-05:00,99.61,,75.72,,77.7,66.51,72.4,67.36,78.21,,75.45,99.9,73.84,77.91
2023-05-22T05:45:00-05:00,99.61,,75.7,,77.79,66.57,72.43,67.2,78.1,,75.48,99.9,74.01,77.87
2023-05-22T05:45:30-05:00,99.61,,75.62,,78.11,66.55,72.46,67.13,78.1,,75.45,99.9,74.01,77.99
2023-05-22T05:46:00-05:00,99.61,,75.54,,77.73,66.65,72.46,67.28,78.1,,75.48,99.9,74.19,77.88
2023-05-22T05:46:30-05:00,99.61,,75.22,,77.5,66.67,72.42,67.27,78.12,,75.49,99.9,74.31,77.6
2023-05-22T05:47:00-05:00,99.61,,75.12,,78.2,66.73,72.37,67.27,78.03,,75.41,99.9,74.43,77.54
2023-05-22T05:47:30-05:00,99.61,,75.15,,77.98,66.67,72.32,67.32,77.79,,75.39,99.9,74.48,77.74
2023-05-22T05:48:00-05:00,99.61,,74.9,,78.08,66.65,72.29,67.1,77.75,,75.44,99.9,74.46,78.07
2023-05-22T05:48:30-05:00,99.61,,74.99,,78.37,66.75,72.27,67.12,77.78,,75.49,99.9,74.27,78.12
2023-05-22T05:49:00-05:00,99.61,,74.94,,78.03,66.78,72.24,67.12,77.86,,75.49,99.9,74.28,77.84
2023-05-22T05:49:30-05:00,99.61,,74.96,,78.01,66.74,72.27,67.16,78.01,,75.52,99.9,74.28,77.74
2023-05-22T05:50:00-05:00,99.61,,74.89,,78.02,66.87,72.25,67.26,78.06,,75.54,99.9,74.28,77.79
2023-05-22T05:50:30-05:00,99.61,,74.81,,78.19,67.05,72.27,67.16,78.08,,75.55,99.9,74.28,77.9
2023-05-22T05:51:00-05:00,99.61,,74.79,,78.6,67.13,72.27,67.1,78.11,,75.52,99.9,74.33,77.62
2023-05-22T05:51:30-05:00,99.61,,74.79,,78.35,67.24,72.47,67.08,78.03,,75.38,99.9,74.25,77.16
2023-05-22T05:52:00-05:00,99.61,,74.71,,78.68,67.28,72.49,67.15,78.48,,75.45,99.9,74.11,77.41
2023-05-22T05:52:30-05:00,99.61,,74.8,,78.73,67.03,72.56,67.28,78.34,,75.26,99.9,74.09,77.73
2023-05-22T05:53:00-05:00,99.61,,74.77,,78.51,66.92,72.73,67.38,78.41,,75.19,99.9,74.05,77.39
2023-05-22T05:53:30-05:00,99.61,,74.71,,78.67,67.03,72.78,67.26,78.45,,75.13,99.9,73.95,77.49
2023-05-22T05:54:00-05:00,99.61,,74.76,,78.59,66.95,72.81,67.31,78.62,,75.04,99.9,73.92,77.27
2023-05-22T05:54:30-05:00,99.61,,74.8,,78.42,67.18,72.85,67.38,78.46,,74.99,99.9,73.92,77.57
2023-05-22T05:55:00-05:00,99.61,,74.83,,78.69,66.86,72.91,67.29,78.56,,74.91,99.9,73.8,77.41
2023-05-22T05:55:30-05:00,99.61,,74.85,,78.88,66.93,72.97,67.26,78.66,,74.92,99.9,73.65,77.32
2023-05-22T05:56:00-05:00,99.61,,74.88,,78.71,66.78,72.97,67.35,78.65,,74.89,99.9,73.65,77.33
2023-05-22T05:56:30-05:00,99.61,,74.98,,79.0,66.71,72.96,67.26,78.93,,74.83,99.9,73.77,77.34
2023-05-22T05:57:00-05:00,99.61,,75.07,,79.02,66.7,72.82,67.21,78.77,,74.77,99.9,73.59,77.19
2023-05-22T05:57:30-05:00,99.61,,75.19,,78.97,66.67,72.8,67.27,78.53,,74.67,99.9,73.45,77.23
2023-05-22T05:58:00-05:00,99.61,,75.3,,79.07,66.84,72.82,67.23,78.86,,74.7,99.9,73.53,77.26
2023-05-22T05:58:30-05:00,99.61,,75.36,,79.3,66.71,73.02,67.12,78.66,,74.68,99.9,73.59,77.34
2023-05-22T05:59:00-05:00,99.61,,75.4,,79.47,66.72,72.71,67.16,78.67,,74.72,99.9,73.59,77.25
2023-05-22T05:59:30-05:00,99.61,,75.5,,79.31,66.69,72.73,67.17,78.94,,74.78,99.9,73.66,77.26
2023-05-22T06:00:00-05:00,99.61,,75.65,,79.29,66.63,72.78,67.08,79.05,,74.66,99.9,73.66,77.46
2023-05-22T06:00:30-05:00,99.61,,75.75,,79.35,66.66,72.85,67.29,78.69,,74.6,99.9,73.72,77.45
2023-05-22T06:01:00-05:00,99.61,,75.81,,79.34,66.85,72.81,67.15,78.47,,74.58,99.9,73.73,77.41
2023-05-22T06:01:30-05:00,99.61,,75.82,,79.17,66.94,72.79,67.19,78.5,,74.7,99.9,73.88,77.36
2023-05-22T06:02:00-05:00,99.61,,75.82,,79.41,67.05,72.84,67.4,78.55,,74.8,99.9,74.14,77.28
2023-05-22T06:02:30-05:00,99.61,,75.91,,79.75,66.67,72.82,67.39,78.28,,74.82,99.9,74.33,76.95
2023-05-22T06:03:00-05:00,99.61,,76.01,,79.65,66.84,72.92,67.32,78.36,,74.86,99.9,74.36,77.21
2023-05-22T06:03:30-05:00,99.61,,76.05,,79.95,66.92,72.97,67.32,78.37,,74.87,99.9,74.36,77.75
2023-05-22T06:04:00-05:00,99.61,,76.1,,79.83,66.74,72.93,67.55,78.26,,74.96,99.9,74.3,77.58
2023-05-22T06:04:30-05:00,99.61,,76.07,,79.75,66.96,72.93,67.6,78.59,,75.01,99.9,74.25,77.72
2023-05-22T06:05:00-05:00,99.61,,76.1,,79.63,66.77,72.87,67.43,78.5,,75.03,99.9,74.37,77.64
2023-05-22T06:05:30-05:00,99.61,,76.13,,79.39,66.66,72.88,67.34,78.13,,75.0,99.9,74.29,77.67
2023-05-22T06:06:00-05:00,99.61,,76.15,,79.46,66.74,72.81,67.36,78.17,,74.92,99.9,74.42,77.79
2023-05-22T06:06:30-05:00,99.61,,76.15,,79.55,66.64,73.05,67.28,78.23,,74.96,99.9,74.49,77.8
2023-05-22T06:07:00-05:00,99.61,,76.04,,79.77,66.94,72.83,67.22,78.13,,74.93,99.9,74.53,77.86
2023-05-22T06:07:30-05:00,99.61,,75.97,,79.64,66.84,72.87,67.36,78.09,,74.87,99.9,74.59,77.7
2023-05-22T06:08:00-05:00,99.61,,75.84,,79.45,67.11,72.97,67.32,78.85,,74.93,99.9,74.6,77.69
2023-05-22T06:08:30-05:00,99.61,,75.87,,79.56,67.02,72.91,67.37,78.21,,74.93,99.9,74.6,77.46
2023-05-22T06:09:00-05:00,99.61,,75.85,,79.79,67.13,72.88,67.55,78.01,,75.0,99.9,74.51,77.34
2023-05-22T06:09:30-05:00,99.61,,75.81,,79.99,66.94,72.94,67.5,78.01,,75.06,99.9,74.49,77.48
2023-05-22T06:10:00-05:00,99.61,,75.72,,79.75,67.02,72.92,67.53,78.1,,75.18,99.9,74.39,77.61
2023-05-22T06:10:30-05:00,99.61,,75.64,,79.51,67.1,73.03,67.56,78.19,,75.21,99.9,74.37,77.21
2023-05-22T06:11:00-05:00,99.61,,75.57,,79.82,67.21,72.96,67.33,78.29,,75.33,99.9,74.31,77.19
2023-05-22T06:12:00-05:00,99.61,,75.44,,79.81,67.17,72.95,67.29,78.42,,75.4,99.9,74.36,77.47
2023-05-22T06:12:30-05:00,99.61,,75.42,,79.95,67.05,72.97,67.38,78.66,,75.36,99.9,74.31,77.55
2023-05-22T06:13:00-05:00,99.61,,75.48,,79.96,67.15,73.0,67.44,78.38,,75.43,99.9,74.31,77.05
2023-05-22T06:13:30-05:00,99.61,,75.42,,79.6,67.22,72.99,67.38,78.25,,75.59,99.9,74.37,77.11
2023-05-22T06:14:00-05:00,99.61,,75.4,,79.67,67.41,73.02,67.45,78.17,,75.75,99.9,74.31,77.1
2023-05-22T06:15:00-05:00,99.61,,75.19,,79.61,67.23,73.08,67.5,78.15,,75.86,99.9,74.29,77.47
2023-05-22T06:15:30-05:00,99.61,,75.16,,79.5,67.56,73.08,67.47,78.07,,75.92,99.9,74.23,77.24
2023-05-22T06:16:00-05:00,99.61,,75.06,,79.82,67.6,73.08,67.3,77.97,,75.88,99.9,74.1,77.47
2023-05-22T06:16:30-05:00,99.61,,74.92,,79.9,67.74,73.06,67.41,78.06,,75.7,99.9,74.07,77.31
2023-05-22T06:17:30-05:00,99.61,,74.81,,79.78,67.58,72.93,67.42,78.6,,75.57,99.9,74.12,77.71
2023-05-22T06:18:00-05:00,99.61,,74.69,,79.69,67.66,73.07,67.35,78.44,,75.48,99.9,74.18,77.67
2023-05-22T06:18:30-05:00,99.61,,74.61,,79.57,67.64,73.06,67.49,78.24,,75.46,99.9,74.24,77.82
2023-05-22T06:19:00-05:00,99.61,,74.49,,79.45,67.45,73.08,67.4,78.21,,75.34,99.9,74.17,77.5
2023-05-22T06:19:30-05:00,99.61,,74.3,,79.31,67.32,73.14,67.25,78.26,,75.26,99.9,74.16,77.5
2023-05-22T06:20:00-05:00,99.61,,74.19,,79.21,67.22,73.15,67.37,78.19,,75.26,99.9,74.13,77.72
2023-05-22T06:20:30-05:00,99.61,,74.13,,79.39,67.04,73.06,67.34,78.23,,75.38,99.9,74.28,77.1
2023-05-22T06:21:00-05:00,99.61,,74.13,,79.6,67.12,73.0,67.45,78.3,,75.26,99.9,74.23,77.34
2023-05-22T06:21:30-05:00,99.61,,74.0,,79.21,66.95,72.99,67.49,78.31,,75.3,99.9,74.16,77.42
2023-05-22T06:22:00-05:00,99.61,,73.98,,79.13,66.74,73.0,67.32,78.72,,75.28,99.9,74.16,77.44
2023-05-22T06:22:30-05:00,99.61,,73.95,,79.16,66.88,72.96,67.47,78.41,,75.33,99.9,74.14,77.5
2023-05-22T06:23:00-05:00,99.61,,73.95,,79.23,66.89,73.01,67.58,78.28,,75.38,99.9,74.14,77.24
2023-05-22T06:23:30-05:00,99.61,,73.95,,79.08,66.78,73.03,67.44,78.36,,75.39,99.9,74.11,77.47
2023-05-22T06:24:00-05:00,99.61,,73.93,,79.07,66.83,72.98,67.48,78.51,,75.11,99.9,74.09,77.93
2023-05-22T06:24:30-05:00,99.61,,73.85,,78.98,66.45,72.94,67.5,78.53,,75.25,99.9,74.06,78.12
2023-05-22T06:25:00-05:00,99.61,,73.96,,79.55,66.46,72.85,67.52,78.52,,75.32,99.9,74.17,78.12
2023-05-22T06:25:30-05:00,99.61,,73.9,,79.28,66.49,72.82,67.38,78.53,,75.42,99.9,74.4,78.11
2023-05-22T06:26:00-05:00,99.61,,74.0,,79.07,66.56,72.83,67.53,78.5,,75.5,99.9,74.6,77.77
2023-05-22T06:26:30-05:00,99.61,,74.02,,78.97,66.3,72.8,67.66,78.54,,75.46,99.9,74.6,77.59
2023-05-22T06:27:00-05:00,99.61,,74.09,,78.79,66.26,72.78,67.7,78.67,,,99.9,74.64,78.31
2023-05-22T06:27:30-05:00,99.61,,74.05,,78.73,66.13,72.92,67.51,78.72,,75.41,99.9,74.69,78.34
2023-05-22T06:28:00-05:00,99.61,,74.01,,78.77,66.09,72.96,67.59,78.69,,75.22,99.9,74.77,78.27
2023-05-22T06:28:30-05:00,99.61,,74.06,,78.88,66.01,72.94,67.48,78.81,,75.23,99.9,74.69,78.4
2023-05-22T06:29:00-05:00,99.61,,74.11,,79.01,65.9,72.98,67.48,79.1,,75.46,99.9,74.27,78.26
2023-05-22T06:29:30-05:00,99.61,,74.17,,78.79,66.22,72.98,67.42,79.03,,75.52,99.9,74.05,78.14
2023-05-22T06:30:00-05:00,99.61,,74.12,,78.82,66.13,73.08,67.33,79.1,,75.35,99.9,74.03,78.03
2023-05-22T06:30:30-05:00,99.61,,74.07,,78.74,65.83,73.01,67.37,79.17,,75.3,99.9,74.16,77.93
2023-05-22T06:31:00-05:00,99.61,,74.05,,78.65,65.85,73.03,67.38,79.1,,75.38,99.9,74.33,78.15
2023-05-22T06:31:30-05:00,99.61,,74.13,,78.74,66.1,72.94,67.37,78.89,,75.58,99.9,74.33,78.14
2023-05-22T06:32:00-05:00,99.61,,74.12,,78.75,66.23,72.86,67.45,79.05,,75.57,99.9,74.33,77.76
2023-05-22T06:32:30-05:00,99.61,,74.29,,78.73,66.17,72.8,67.47,78.9,,75.7,99.9,74.42,77.55
2023-05-22T06:33:00-05:00,99.61,,74.27,,78.72,66.09,72.78,67.4,79.04,,75.76,99.9,74.33,77.84
2023-05-22T06:33:30-05:00,99.61,,74.28,,78.97,65.89,72.71,67.43,79.02,,75.8,99.9,74.4,77.58
2023-05-22T06:34:00-05:00,99.61,,74.19,,78.71,66.49,72.72,67.43,79.0,,75.39,99.9,74.48,77.5
2023-05-22T06:34:30-05:00,99.61,,74.09,,78.46,66.07,72.56,67.43,79.01,,75.61,99.9,74.54,77.56
