DATETIME,TANGARA_DD66,TANGARA_25CE,TANGARA_260A,TANGARA_4B1A,TANGARA_65F2,TANGARA_1282,TANGARA_14D6,TANGARA_1A1E,TANGARA_1EE6,TANGARA_2492,TANGARA_2822,TANGARA_2E9A,TANGARA_307A,TANGARA_3782_x,TANGARA_3782_y,TANGARA_F212,TANGARA_1712,TANGARA_48C6,TANGARA_F1AE,TANGARA_06BE
2023-05-31T13:00:30-05:00,46,,,53,77,46,,70,25,,,,62,,,72,60,0,,
2023-05-31T13:01:00-05:00,46,,,55,79,,,81,17,,,,,,,66,68,0,,
2023-05-31T13:01:30-05:00,46,,,60,77,,,81,17,,,,62,,,62,70,,,
2023-05-31T13:02:00-05:00,46,,,58,79,,,81,17,,,,60,,,64,72,,,
2023-05-31T13:02:30-05:00,46,,,58,74,,,81,21,,,,62,,,62,70,,,
2023-05-31T13:03:00-05:00,46,,,58,77,,,85,21,,,,62,,,64,72,,,
2023-05-31T13:03:30-05:00,46,,,53,79,,,83,,,,,62,,,62,70,,,
2023-05-31T13:04:00-05:00,46,,,58,77,,,85,21,,,,,,,64,70,,,
2023-05-31T13:04:30-05:00,46,,,55,79,,,85,21,,,,64,,,64,72,,,
2023-05-31T13:05:00-05:00,46,,,53,79,,,,21,,,,62,,,64,70,,,
2023-05-31T13:05:30-05:00,46,,,55,79,,,85,21,,,,62,,,66,70,,,
2023-05-31T13:06:00-05:00,46,,,55,74,,,83,25,,,,64,,,66,68,,,
2023-05-31T13:06:30-05:00,46,,,53,77,,,85,21,,,,64,,,68,70,,,
2023-05-31T13:07:00-05:00,46,,,55,79,,,83,17,,,,62,,,70,89,,,
2023-05-31T13:07:30-05:00,46,,,55,77,,,83,21,,,,,,,70,81,,,
2023-05-31T13:08:00-05:00,46,,,55,79,,,83,17,,,,66,,,68,77,,,
2023-05-31T13:08:30-05:00,46,,,58,79,,,83,17,,,,70,,,70,70,,,
2023-05-31T13:09:00-05:00,46,,,53,81,,,79,21,,,,68,,,66,70,,,
2023-05-31T13:09:30-05:00,46,,,46,83,,,77,21,,,,,,,66,70,,,
2023-05-31T13:10:00-05:00,46,,,53,81,,,77,17,,,,66,,,72,68,,,
2023-05-31T13:10:30-05:00,46,,,53,79,,,77,13,,,,66,,,72,70,,,
2023-05-31T13:11:00-05:00,46,,,50,83,,,85,17,,,,64,,,70,68,,,
2023-05-31T13:11:30-05:00,46,,,53,87,,,81,13,,,,,,,68,70,,,
2023-05-31T13:12:00-05:00,46,,,50,83,,,79,9,,,,66,,,68,68,,,
2023-05-31T13:12:30-05:00,46,,,50,87,,,74,13,,,,64,,,68,72,,,
2023-05-31T13:13:00-05:00,46,,,46,85,,,77,13,,,,,,,70,70,,,
2023-05-31T13:13:30-05:00,46,,,50,85,,,77,13,,,,62,,,72,72,,,
2023-05-31T13:14:00-05:00,46,,,53,89,,,81,13,,,,,,,72,70,,,
2023-05-31T13:14:30-05:00,46,,,53,85,,,77,13,,,,62,,,72,72,,,
2023-05-31T13:15:00-05:00,46,,,53,87,,,77,13,,,,,,,68,70,,,
2023-05-31T13:15:30-05:00,46,,,53,83,,,81,13,,,,62,,,68,66,,,
2023-05-31T13:16:00-05:00,46,,,53,87,,,79,13,,,,62,,,68,66,,,
2023-05-31T13:16:30-05:00,46,,,53,85,,,79,13,,,,62,,,68,68,,,
2023-05-31T13:17:00-05:00,46,,,55,85,,,81,9,,,,62,,,70,68,,,
2023-05-31T13:17:30-05:00,46,,,53,87,,,83,9,,,,62,,,70,66,,,
2023-05-31T13:18:00-05:00,46,,,53,85,,,83,13,,,,,,,68,66,,,
2023-05-31T13:18:30-05:00,46,,,50,83,,,85,13,,,,64,,,68,64,,,
2023-05-31T13:19:00-05:00,46,,,55,83,,,81,13,,,,64,,,68,68,,,
2023-05-31T13:19:30-05:00,46,,,55,85,,,83,13,,,,60,,,70,68,,,
2023-05-31T13:20:00-05:00,46,,,55,89,,,81,13,,,,62,,,68,70,,,
2023-05-31T13:20:30-05:00,46,,,53,89,,,81,13,,,17,62,,,68,66,,,
2023-05-31T13:21:00-05:00,46,,,53,85,,,83,13,,,9,,,,70,68,,,
2023-05-31T13:21:30-05:00,46,,,50,85,,,85,9,,,13,64,,,68,66,,,
2023-05-31T13:22:00-05:00,46,,,50,87,,,,9,,,13,,,,68,66,,,
2023-05-31T13:22:30-05:00,46,,,55,85,,,,9,,,13,64,,,66,64,,,
2023-05-31T13:23:00-05:00,46,,,53,85,,,85,9,,,17,,,,68,64,,,
2023-05-31T13:23:30-05:00,46,,,53,87,,,81,13,,,13,62,,,66,64,,,
2023-05-31T13:24:00-05:00,46,,,55,87,,,81,9,21,,13,62,,,70,66,,,
2023-05-31T13:25:00-05:00,46,,,53,85,46,,77,9,25,,9,64,,,70,68,,,
2023-05-31T13:25:30-05:00,46,,,53,87,,,77,13,25,,9,64,,,68,66,,,
2023-05-31T13:26:00-05:00,46,,,53,87,,,77,13,21,,9,66,,,70,66,,,
2023-05-31T13:26:30-05:00,46,,,53,87,,,79,9,34,,13,66,,,66,64,,,
2023-05-31T13:27:00-05:00,46,,,53,83,,,81,13,34,,9,64,,,70,66,,,
2023-05-31T13:27:30-05:00,46,,,53,83,,,77,13,34,,13,,,,68,68,,,
2023-05-31T13:28:00-05:00,46,,,55,87,,,77,9,,,13,64,,,64,66,,,
2023-05-31T13:28:30-05:00,46,,,55,83,,,81,9,30,,9,64,,,70,70,,,
2023-05-31T13:29:00-05:00,46,,,55,81,,,79,9,25,,9,,,,68,66,,,
2023-05-31T13:29:30-05:00,46,,,53,81,46,,74,9,25,,13,66,,,70,68,,,
2023-05-31T13:30:00-05:00,46,,,53,81,,,77,13,21,,13,66,,,64,68,,,
2023-05-31T13:30:30-05:00,46,,,55,81,,,77,13,21,25,13,66,,,66,70,,,
2023-05-31T13:31:00-05:00,46,,,53,79,,,81,9,21,21,13,,,,66,68,,,
2023-05-31T13:31:30-05:00,46,,,53,85,,38,77,13,21,21,13,64,,,72,68,,,
2023-05-31T13:32:00-05:00,46,,,53,83,,,77,13,21,17,13,64,,,68,68,,,
2023-05-31T13:32:30-05:00,46,,,55,83,,,79,9,17,17,13,,,,66,66,,,
2023-05-31T13:33:00-05:00,46,,,58,85,,,77,13,13,17,,64,,,66,68,,,
2023-05-31T13:33:30-05:00,46,,,58,87,,,77,13,17,17,13,66,,,66,68,,,
2023-05-31T13:34:00-05:00,46,,,55,89,46,,77,9,17,30,13,,,,72,68,,,
2023-05-31T13:34:30-05:00,46,,,55,87,46,38,77,13,17,21,13,66,,,72,70,,,
2023-05-31T13:35:00-05:00,46,,,55,87,,38,79,13,17,21,13,,,,70,68,,,
2023-05-31T13:35:30-05:00,46,,,55,89,,38,79,13,21,30,17,66,,,72,70,,,
2023-05-31T13:36:00-05:00,46,,,53,91,,34,77,13,21,,13,66,,,70,70,,38,
2023-05-31T13:36:30-05:00,46,,,53,91,,34,77,13,21,30,9,64,,,72,70,,,
2023-05-31T13:37:00-05:00,46,,,58,89,46,38,77,17,21,25,,64,,,70,70,,34,
2023-05-31T13:37:30-05:00,46,,,53,89,38,38,77,13,17,17,,66,,,68,74,,30,
2023-05-31T13:38:00-05:00,46,,,53,89,38,34,74,13,13,17,13,66,,,68,72,,38,
2023-05-31T13:38:30-05:00,46,,,46,91,46,38,77,13,17,17,17,66,,,68,72,,,
2023-05-31T13:39:00-05:00,46,,,53,89,42,34,77,9,13,17,,64,,,72,72,,,
2023-05-31T13:39:30-05:00,46,,,55,87,,34,77,13,13,17,17,64,,,70,74,,,
2023-05-31T13:40:00-05:00,46,,,53,87,,34,77,13,13,17,17,66,,,72,77,,30,
2023-05-31T13:40:30-05:00,46,,,53,87,,34,77,13,17,13,,68,,,70,74,,34,
2023-05-31T13:41:00-05:00,46,,,53,87,42,30,72,13,13,13,,70,,,72,70,,34,
2023-05-31T13:41:30-05:00,46,,38,58,87,34,25,74,13,13,13,,68,,,74,72,,38,
2023-05-31T13:42:00-05:00,46,,38,50,89,38,25,77,13,17,17,,64,,,70,74,,34,
2023-05-31T13:42:30-05:00,46,,,53,91,30,30,74,13,17,13,17,64,,,70,74,,30,
2023-05-31T13:43:00-05:00,46,,38,53,89,25,25,74,9,13,13,17,68,,,68,72,,30,
2023-05-31T13:43:30-05:00,46,,34,55,85,25,25,74,13,13,17,13,70,,,68,70,,,
2023-05-31T13:44:00-05:00,46,,38,55,85,25,25,74,13,13,25,17,70,,,68,70,,,
2023-05-31T13:44:30-05:00,46,,38,55,85,30,30,74,13,13,21,13,68,,,68,70,,34,
2023-05-31T13:45:00-05:00,46,,38,53,87,30,30,72,13,13,17,13,66,,,68,70,,25,
2023-05-31T13:45:30-05:00,46,,38,50,83,30,30,77,13,13,13,13,70,,,68,70,,21,
2023-05-31T13:46:00-05:00,46,,38,46,85,34,34,74,13,13,13,17,66,,,66,70,,25,
2023-05-31T13:46:30-05:00,46,,38,46,85,34,34,72,13,13,17,17,70,,,66,70,,30,
2023-05-31T13:47:00-05:00,46,,38,46,87,30,,72,13,13,17,13,70,,,66,70,,21,
2023-05-31T13:47:30-05:00,46,,34,46,85,25,38,74,13,13,21,13,66,,,66,70,,25,
2023-05-31T13:48:00-05:00,46,,38,,85,21,34,74,13,13,17,17,68,,,66,72,,25,
2023-05-31T13:48:30-05:00,46,,34,46,83,21,38,70,13,13,21,,68,,,68,68,,21,
2023-05-31T13:49:00-05:00,46,,38,50,,21,34,74,13,13,17,17,70,,,66,70,,,
2023-05-31T13:49:30-05:00,46,,34,46,81,25,34,74,13,13,17,13,68,,,68,68,,30,
2023-05-31T13:50:00-05:00,46,,38,46,85,25,34,74,9,9,17,13,66,,,68,72,,25,
2023-05-31T13:50:30-05:00,46,,34,46,81,30,,77,13,13,17,17,68,,,68,74,,25,
2023-05-31T13:51:00-05:00,46,,30,46,83,34,34,74,13,13,17,17,70,,,68,72,,30,
2023-05-31T13:51:30-05:00,46,,30,46,83,38,34,70,13,13,17,13,68,,,64,72,,25,
2023-05-31T13:52:00-05:00,46,,30,46,81,42,34,72,13,13,17,13,68,,,70,72,,25,
2023-05-31T13:52:30-05:00,46,38,30,46,83,42,34,77,13,13,17,13,66,,,66,70,,17,
2023-05-31T13:53:00-05:00,46,38,34,46,83,42,38,74,13,13,21,13,66,,,66,70,,17,
2023-05-31T13:53:30-05:00,46,38,34,46,79,38,34,74,13,13,21,13,66,,,64,68,,21,
2023-05-31T13:54:00-05:00,46,34,30,46,83,34,34,74,13,13,17,9,66,,,66,68,,21,
2023-05-31T13:54:30-05:00,46,38,34,46,79,42,30,74,13,9,17,13,68,,,70,70,,25,
2023-05-31T13:55:00-05:00,46,30,30,50,85,,30,72,13,13,17,13,68,,,70,70,,25,
2023-05-31T13:55:30-05:00,46,30,34,42,85,,25,74,13,13,17,17,70,,,66,74,,21,
2023-05-31T13:56:00-05:00,46,38,34,50,87,,25,74,13,9,17,13,70,,,66,77,25,25,
2023-05-31T13:56:30-05:00,46,34,30,46,87,46,25,72,13,9,17,13,68,,,68,70,30,,
2023-05-31T13:57:00-05:00,46,30,25,50,85,46,25,72,13,13,17,17,68,,,66,74,30,21,
2023-05-31T13:57:30-05:00,46,25,25,42,85,,21,77,13,13,13,13,68,,,70,70,,17,
2023-05-31T13:58:00-05:00,46,25,25,46,83,46,21,74,13,13,17,13,68,,,68,74,,17,
2023-05-31T13:58:30-05:00,46,25,30,50,85,42,21,72,13,13,17,13,70,,,68,72,,17,
2023-05-31T13:59:00-05:00,46,25,25,42,85,42,17,77,13,9,13,,68,,,66,72,,21,
2023-05-31T13:59:30-05:00,46,30,30,42,91,46,21,74,13,13,13,,68,,,72,72,,21,
2023-05-31T14:00:00-05:00,46,21,30,42,89,46,21,77,13,13,13,17,68,,,68,72,,25,
2023-05-31T14:00:30-05:00,46,21,34,42,91,,21,77,13,13,13,17,68,,,68,72,,21,
2023-05-31T14:01:00-05:00,46,17,30,42,87,,25,77,9,13,17,13,70,,,70,72,,21,
2023-05-31T14:01:30-05:00,46,13,34,46,85,46,21,72,13,9,13,13,72,,,72,72,,21,
2023-05-31T14:02:00-05:00,46,13,34,42,85,46,21,74,13,13,,13,70,,,68,68,,21,
2023-05-31T14:02:30-05:00,46,13,38,38,85,42,25,77,13,13,,17,74,,,68,72,,21,
2023-05-31T14:03:00-05:00,46,13,34,42,87,38,30,77,13,13,30,17,74,,,66,72,,21,
2023-05-31T14:03:30-05:00,46,13,38,42,87,34,25,74,13,13,21,,70,,,70,72,,17,
2023-05-31T14:04:00-05:00,46,13,38,42,85,38,25,79,13,13,21,17,74,,,68,70,30,17,
2023-05-31T14:04:30-05:00,46,13,38,46,85,38,21,74,13,13,25,17,72,,,72,66,30,21,
2023-05-31T14:05:00-05:00,46,13,,46,87,38,21,77,13,13,21,17,72,,,74,68,25,21,
2023-05-31T14:05:30-05:00,46,13,,46,87,30,21,74,13,13,17,13,70,,,72,68,,21,
2023-05-31T14:06:00-05:00,46,13,,46,91,34,21,77,13,13,17,13,72,,,72,68,21,21,
2023-05-31T14:06:30-05:00,46,34,,46,93,38,21,74,13,13,13,17,72,,,74,70,,21,17
2023-05-31T14:07:00-05:00,46,21,,46,87,38,30,74,13,13,13,17,72,,,72,70,,21,
2023-05-31T14:07:30-05:00,46,17,,46,89,38,25,74,13,13,13,13,79,,,74,70,30,25,17
2023-05-31T14:08:00-05:00,46,17,,46,91,34,30,72,13,9,13,9,77,,,70,72,25,21,
2023-05-31T14:08:30-05:00,46,17,,42,91,38,30,74,9,9,17,13,74,,,74,74,21,21,17
2023-05-31T14:09:00-05:00,46,13,,46,,34,30,74,13,13,17,17,74,,,74,77,30,21,17
2023-05-31T14:09:30-05:00,46,13,,42,91,34,30,72,13,13,17,13,77,,,72,77,30,25,13
2023-05-31T14:10:00-05:00,46,13,,46,93,34,25,72,13,13,17,,77,,,72,74,,21,17
2023-05-31T14:10:30-05:00,46,17,,46,93,38,25,74,13,9,17,,77,,,72,77,,17,13
2023-05-31T14:11:00-05:00,46,13,,46,91,38,25,74,13,13,13,17,77,,,70,77,,21,13
2023-05-31T14:11:30-05:00,46,13,,50,91,38,21,72,9,9,17,17,74,,,72,77,,21,13
2023-05-31T14:12:00-05:00,46,13,,42,93,38,21,70,13,9,13,17,77,,,70,77,,21,13
2023-05-31T14:12:30-05:00,46,13,,42,89,38,25,79,9,9,13,,77,,,72,77,,25,9
2023-05-31T14:13:00-05:00,46,13,,46,89,30,21,74,13,9,13,13,77,,,72,79,,21,13
2023-05-31T14:13:30-05:00,46,13,,46,91,30,21,68,9,9,21,13,77,,,70,77,,30,13
2023-05-31T14:14:00-05:00,46,13,,42,91,30,25,68,13,9,17,13,77,,,72,81,,30,13
2023-05-31T14:15:00-05:00,46,13,38,42,89,30,25,70,13,9,13,17,77,,,68,79,,25,13
2023-05-31T14:15:30-05:00,46,13,38,46,87,30,25,68,9,5,13,,77,,,70,77,25,17,13
2023-05-31T14:16:00-05:00,46,9,38,42,89,34,25,72,13,5,13,,74,,,72,79,21,17,13
2023-05-31T14:16:30-05:00,46,13,38,42,91,34,25,74,13,5,13,,72,,,70,81,13,17,13
2023-05-31T14:17:00-05:00,46,9,38,46,89,34,25,72,9,9,13,17,74,,,68,77,13,21,9
2023-05-31T14:17:30-05:00,46,9,,46,87,30,25,70,13,5,13,13,72,,,68,77,13,21,9
2023-05-31T14:18:00-05:00,46,9,38,42,87,30,25,70,9,5,13,13,77,,,70,77,13,25,13
2023-05-31T14:18:30-05:00,46,9,38,46,87,25,25,70,13,9,13,13,77,,,70,79,21,25,13
2023-05-31T14:19:00-05:00,46,13,38,46,83,30,30,68,9,5,13,13,79,,,66,81,13,25,13
2023-05-31T14:19:30-05:00,46,13,38,46,85,30,25,72,13,5,13,13,74,,,66,79,13,25,13
2023-05-31T14:20:00-05:00,46,13,30,42,81,30,25,74,13,5,13,13,72,,,64,79,13,21,13
2023-05-31T14:20:30-05:00,46,13,25,42,81,,25,70,13,5,13,,74,,,64,74,13,17,13
2023-05-31T14:21:00-05:00,46,9,25,42,83,,30,70,13,9,17,17,74,,,64,74,13,21,13
2023-05-31T14:21:30-05:00,46,9,25,38,81,46,30,68,13,5,13,13,77,,,62,77,9,17,13
2023-05-31T14:22:00-05:00,46,9,21,38,81,34,30,68,13,5,13,13,77,,,62,77,9,21,13
2023-05-31T14:22:30-05:00,46,9,25,38,77,21,30,72,9,9,21,13,74,,,62,74,17,21,13
2023-05-31T14:23:00-05:00,46,9,30,42,77,25,34,72,13,9,25,9,74,,,66,77,9,21,13
2023-05-31T14:23:30-05:00,46,9,30,38,79,21,30,70,13,5,25,9,74,,,64,74,17,17,13
2023-05-31T14:24:00-05:00,46,9,30,38,79,25,34,70,13,5,17,9,74,,,62,74,13,21,9
2023-05-31T14:24:30-05:00,46,9,30,42,81,17,34,66,13,5,13,9,74,,,62,77,13,25,13
2023-05-31T14:25:00-05:00,46,9,25,42,81,17,30,68,9,5,13,9,77,,,60,79,13,25,13
2023-05-31T14:25:30-05:00,46,9,21,42,77,17,34,66,13,5,9,9,74,,,62,74,21,21,13
2023-05-31T14:26:00-05:00,46,9,25,38,77,25,30,66,13,5,13,9,77,,,62,74,13,25,13
2023-05-31T14:26:30-05:00,46,9,25,42,77,21,30,70,13,9,17,9,77,,,62,79,17,30,9
2023-05-31T14:27:00-05:00,46,9,25,38,79,21,30,66,13,9,17,9,77,,,62,77,9,25,9
2023-05-31T14:27:30-05:00,46,9,25,42,74,21,30,64,13,5,17,9,77,,,62,79,13,25,9
2023-05-31T14:28:00-05:00,46,9,30,38,77,30,25,58,13,9,13,13,77,,,62,79,13,21,13
2023-05-31T14:28:30-05:00,46,9,25,38,79,34,25,46,13,5,13,9,74,,,60,79,13,25,13
2023-05-31T14:29:00-05:00,46,9,25,34,79,30,21,42,13,5,13,9,77,,,60,79,13,30,13
2023-05-31T14:29:30-05:00,46,9,25,38,79,25,25,42,13,5,13,13,74,,,62,79,17,30,9
2023-05-31T14:30:00-05:00,46,9,25,38,79,21,25,53,13,5,13,9,72,,,64,79,13,30,9
2023-05-31T14:30:30-05:00,46,9,25,34,74,21,25,60,13,5,13,9,70,,,64,77,17,38,9
2023-05-31T14:31:00-05:00,46,9,21,38,74,21,30,62,13,5,13,9,74,,,58,79,9,30,9
2023-05-31T14:31:30-05:00,46,9,21,38,72,21,25,62,13,9,13,9,72,,,62,77,13,34,9
2023-05-31T14:32:00-05:00,46,9,21,38,74,30,21,60,13,9,13,9,68,,,60,79,13,30,13
2023-05-31T14:32:30-05:00,46,9,17,38,74,30,21,62,13,5,13,9,74,,,60,79,9,25,9
2023-05-31T14:33:00-05:00,46,5,17,34,70,25,25,60,13,5,13,13,70,,,55,77,9,21,9
2023-05-31T14:33:30-05:00,46,5,21,34,68,30,25,60,13,9,13,13,70,,,55,79,13,21,9
2023-05-31T14:34:00-05:00,46,9,17,38,68,25,21,60,13,5,13,9,70,,,55,79,21,17,9
2023-05-31T14:34:30-05:00,46,9,21,38,68,30,21,60,13,5,13,9,68,,,55,81,13,21,13
2023-05-31T14:35:00-05:00,46,5,21,38,68,34,21,,9,5,13,13,62,,,55,81,13,25,9
2023-05-31T14:35:30-05:00,46,5,17,42,66,25,17,60,13,5,13,13,62,,,55,72,9,21,9
2023-05-31T14:36:00-05:00,46,9,21,38,64,17,17,60,13,5,13,9,64,,,50,70,13,,9
2023-05-31T14:36:30-05:00,46,9,21,38,64,25,21,60,9,5,13,13,68,,,50,70,13,25,9
2023-05-31T14:37:00-05:00,46,9,13,38,62,25,21,58,13,5,13,13,68,,,53,74,9,25,9
2023-05-31T14:37:30-05:00,46,5,17,38,58,17,21,60,13,5,17,9,68,,,46,77,5,21,9
2023-05-31T14:38:00-05:00,46,5,17,38,55,17,25,58,13,5,13,9,68,,,42,81,13,21,9
2023-05-31T14:38:30-05:00,46,5,17,34,55,21,21,58,13,5,13,13,66,,,38,74,13,30,9
2023-05-31T14:39:00-05:00,46,9,13,34,50,17,21,55,13,5,13,9,68,,,42,72,9,21,9
2023-05-31T14:39:30-05:00,46,9,13,38,46,30,25,53,13,9,13,9,66,,,38,74,9,25,13
2023-05-31T14:40:00-05:00,46,9,13,38,46,30,21,42,13,5,13,17,66,,,38,72,9,25,17
2023-05-31T14:40:30-05:00,46,34,13,38,50,21,21,42,13,5,21,13,62,,,34,72,17,30,13
2023-05-31T14:41:00-05:00,46,17,17,38,46,17,17,34,9,5,17,13,62,,,34,77,17,38,9
2023-05-31T14:41:30-05:00,46,13,17,34,46,13,21,25,13,5,13,13,62,,,30,70,9,,9
2023-05-31T14:42:00-05:00,46,9,17,34,46,17,21,25,13,5,30,13,62,,,30,74,13,,9
2023-05-31T14:42:30-05:00,46,5,13,34,42,17,21,25,13,5,25,9,42,,,30,77,17,25,9
2023-05-31T14:43:00-05:00,46,9,13,34,42,17,17,21,13,5,17,9,30,,,34,74,9,30,13
2023-05-31T14:43:30-05:00,46,5,25,34,38,17,17,25,13,5,13,9,21,,,30,72,9,25,13
2023-05-31T14:44:00-05:00,46,5,30,30,34,13,17,25,13,5,13,9,25,,,25,72,17,25,9
2023-05-31T14:44:30-05:00,46,9,30,34,30,13,17,21,13,5,13,13,25,,,21,70,9,25,9
2023-05-31T14:45:00-05:00,46,5,25,38,34,17,17,25,,5,17,9,38,,,21,64,17,21,9
2023-05-31T14:45:30-05:00,46,5,21,34,30,17,17,25,13,5,13,13,30,,,21,50,17,25,9
2023-05-31T14:46:00-05:00,46,9,21,34,30,17,17,21,13,9,13,9,30,,,25,38,17,30,9
2023-05-31T14:46:30-05:00,46,9,17,34,34,17,17,21,13,5,13,,34,,,17,34,17,25,9
2023-05-31T14:47:00-05:00,46,9,13,38,30,30,17,25,13,5,13,17,30,,,21,34,9,21,9
2023-05-31T14:47:30-05:00,46,9,13,34,30,21,17,21,13,5,13,,21,,,21,30,9,25,9
2023-05-31T14:48:00-05:00,46,9,13,34,30,17,17,21,13,5,13,,30,,,21,25,9,17,9
2023-05-31T14:48:30-05:00,46,9,13,30,30,17,17,21,13,5,13,13,25,,,17,25,9,17,9
2023-05-31T14:49:00-05:00,46,9,17,30,30,25,17,21,13,,13,13,30,,,21,21,13,30,9
2023-05-31T14:49:30-05:00,46,5,17,30,30,21,21,21,,5,13,13,25,,,21,25,9,25,13
2023-05-31T14:50:00-05:00,46,9,17,30,30,17,17,21,13,5,9,,34,,,21,21,9,25,13
2023-05-31T14:50:30-05:00,46,9,17,30,30,17,17,21,13,5,13,,38,,,21,21,9,21,13
2023-05-31T14:51:00-05:00,46,9,17,30,30,17,17,17,9,5,13,,42,,,21,21,5,21,13
2023-05-31T14:51:30-05:00,46,9,17,25,34,21,17,17,13,5,13,,53,,,21,25,9,17,9
2023-05-31T14:52:00-05:00,46,9,21,30,30,17,21,21,13,5,13,,50,,,17,21,13,17,13
2023-05-31T14:52:30-05:00,46,9,21,30,30,21,17,21,13,9,,,50,,,21,30,9,21,13
2023-05-31T14:53:00-05:00,46,13,21,25,30,17,17,21,13,9,,13,53,,,17,34,9,21,17
2023-05-31T14:54:00-05:00,46,9,21,25,34,17,17,21,13,9,,13,50,,,21,38,9,21,13
2023-05-31T14:54:30-05:00,46,9,21,25,34,17,21,21,13,9,,13,53,,,21,42,9,21,9
2023-05-31T14:55:00-05:00,46,13,21,25,30,17,21,21,13,9,,13,50,,,21,42,17,17,13
2023-05-31T14:55:30-05:00,46,13,17,25,25,17,17,21,13,9,,13,50,,,21,42,9,17,13
2023-05-31T14:56:00-05:00,46,9,17,25,25,17,21,17,13,9,,13,50,,,17,42,13,13,13
2023-05-31T14:56:30-05:00,46,13,17,25,25,21,21,21,13,9,,13,46,,,17,34,17,17,13
2023-05-31T14:57:00-05:00,46,9,17,30,25,21,17,21,13,9,,9,46,,,17,34,17,17,13
2023-05-31T14:57:30-05:00,46,,17,30,25,21,13,21,9,9,30,9,50,,,17,38,17,17,9
2023-05-31T14:58:00-05:00,46,,21,25,25,21,13,17,13,9,,13,50,,,13,34,13,13,13
2023-05-31T14:58:30-05:00,46,,21,25,21,21,13,17,13,5,,9,50,,,17,34,13,13,13
2023-05-31T14:59:00-05:00,46,,25,30,25,17,13,17,13,9,,9,50,,,17,38,17,13,9
2023-05-31T14:59:30-05:00,46,,21,25,21,17,13,21,13,9,,9,42,,,13,42,9,13,13
2023-05-31T15:00:00-05:00,46,,17,25,21,17,17,17,,9,,9,46,,,13,38,9,17,13
2023-05-31T15:00:30-05:00,46,,17,25,17,25,17,17,9,9,,9,46,,,13,34,5,17,13
2023-05-31T15:01:00-05:00,46,9,17,25,17,17,21,21,13,9,30,9,50,,,13,38,13,17,13
2023-05-31T15:01:30-05:00,46,9,17,30,17,21,17,21,13,9,17,9,46,,,13,34,13,21,13
2023-05-31T15:02:00-05:00,46,9,17,25,17,46,17,21,13,9,17,13,42,,,9,34,13,21,13
2023-05-31T15:02:30-05:00,46,9,17,25,17,46,21,21,13,9,17,9,38,,,9,42,17,21,13
2023-05-31T15:03:00-05:00,46,9,17,30,13,30,21,21,13,9,17,9,38,,,9,38,13,25,13
2023-05-31T15:03:30-05:00,46,9,17,30,13,30,17,17,9,9,17,9,46,,,9,38,9,25,13
2023-05-31T15:04:00-05:00,46,9,17,30,13,25,17,21,13,9,13,9,42,,,9,42,9,25,13
2023-05-31T15:04:30-05:00,46,13,17,30,17,17,17,21,13,5,17,9,42,,,9,42,13,25,13
2023-05-31T15:05:00-05:00,46,9,17,30,17,21,13,21,13,5,13,9,38,,,9,42,13,17,13
2023-05-31T15:05:30-05:00,46,5,17,30,13,17,17,21,13,9,13,9,46,,,13,42,13,13,13
2023-05-31T15:06:00-05:00,46,9,17,34,13,17,13,21,13,9,13,9,42,,,9,42,9,17,13
2023-05-31T15:06:30-05:00,46,9,21,30,13,21,17,21,13,9,9,9,34,,,9,46,13,21,13
2023-05-31T15:07:00-05:00,46,9,17,34,13,17,17,21,13,9,13,9,34,,,9,38,13,17,13
2023-05-31T15:07:30-05:00,46,,21,34,13,17,17,17,13,9,13,9,34,,,9,34,9,21,17
2023-05-31T15:08:00-05:00,46,,21,34,13,17,21,21,13,9,13,13,30,,,9,38,5,17,13
2023-05-31T15:08:30-05:00,46,,30,34,13,21,17,25,13,9,9,9,25,,,9,42,5,21,13
2023-05-31T15:09:00-05:00,46,,25,34,13,17,17,21,9,9,13,9,30,,,9,38,13,17,13
2023-05-31T15:09:30-05:00,46,,21,34,13,17,17,21,13,5,13,13,30,,,9,38,13,17,13
2023-05-31T15:10:00-05:00,46,,25,25,13,17,17,21,13,5,13,13,25,,,9,34,13,17,13
2023-05-31T15:10:30-05:00,46,,21,30,13,17,17,21,13,9,13,13,30,,,9,30,9,,13
2023-05-31T15:11:00-05:00,46,,21,30,13,17,17,21,13,9,13,13,30,,,9,30,9,21,17
2023-05-31T15:11:30-05:00,46,9,17,25,13,21,13,21,13,9,17,13,34,,,9,30,13,21,13
2023-05-31T15:12:00-05:00,46,9,17,30,,25,17,21,9,9,13,13,34,,,9,30,13,21,13
2023-05-31T15:12:30-05:00,46,9,13,30,13,21,17,17,13,9,13,9,30,,,9,30,13,13,13
2023-05-31T15:13:00-05:00,46,9,13,30,13,17,13,21,9,9,13,9,25,,,9,34,9,17,13
2023-05-31T15:13:30-05:00,46,9,17,25,13,21,13,21,13,9,13,9,25,,,13,30,9,17,13
2023-05-31T15:14:00-05:00,46,9,13,25,13,21,17,21,13,9,13,9,25,,,13,25,9,,13
2023-05-31T15:14:30-05:00,46,9,17,21,13,17,13,21,13,9,13,9,25,,,9,,9,17,13
2023-05-31T15:15:00-05:00,46,9,17,30,13,17,17,21,13,9,17,9,25,,,9,,9,17,13
2023-05-31T15:15:30-05:00,46,9,17,25,13,17,13,21,13,9,13,9,30,,,9,,13,17,13
2023-05-31T15:16:30-05:00,46,9,13,25,13,17,17,21,13,9,9,13,30,,,9,,13,21,9
2023-05-31T15:17:00-05:00,46,,17,34,17,17,17,17,9,9,13,13,30,,,13,5,13,17,9
2023-05-31T15:17:30-05:00,46,,21,30,17,17,17,17,13,9,13,13,30,,,9,25,9,17,13
2023-05-31T15:18:00-05:00,46,,17,30,13,21,13,17,13,9,13,9,25,,,9,25,5,21,9
2023-05-31T15:18:30-05:00,46,,17,21,13,17,13,17,13,9,13,9,25,,,13,21,13,17,9
2023-05-31T15:19:00-05:00,46,,21,21,13,17,13,21,13,9,13,9,25,,,13,21,9,17,9
2023-05-31T15:19:30-05:00,46,,21,21,17,21,17,17,13,13,25,9,30,,,9,21,13,21,13
2023-05-31T15:20:00-05:00,46,,17,17,13,13,17,17,13,9,,13,25,,,13,21,9,13,13
2023-05-31T15:20:30-05:00,46,,21,21,17,13,17,17,13,9,,9,25,,,13,25,13,13,13
2023-05-31T15:21:00-05:00,46,,21,17,17,17,17,17,13,9,,13,25,,,9,25,17,13,9
2023-05-31T15:21:30-05:00,46,9,21,17,17,17,17,17,13,9,,13,25,,,13,21,13,17,13
2023-05-31T15:22:00-05:00,46,13,17,17,13,17,13,17,13,9,17,13,25,,,13,25,17,21,13
2023-05-31T15:22:30-05:00,46,17,13,17,13,13,17,17,13,9,13,9,25,,,9,25,13,,9
2023-05-31T15:23:00-05:00,46,13,17,17,17,13,17,17,9,9,13,9,25,,,9,25,13,,13
2023-05-31T15:23:30-05:00,46,13,13,17,17,17,17,17,13,9,13,9,21,,,9,25,13,21,9
2023-05-31T15:24:00-05:00,46,9,17,21,17,13,17,17,9,9,13,13,25,,,9,25,13,17,9
2023-05-31T15:24:30-05:00,46,13,17,21,13,13,21,17,13,9,17,9,25,,,9,25,13,13,13
2023-05-31T15:25:00-05:00,46,13,17,21,13,9,17,17,9,9,13,9,25,,,9,21,13,17,13
2023-05-31T15:25:30-05:00,46,13,17,21,17,17,17,17,9,9,13,13,25,,,9,21,9,13,13
2023-05-31T15:26:00-05:00,46,13,17,21,13,21,17,21,13,9,13,9,25,,,9,21,17,17,13
2023-05-31T15:26:30-05:00,46,21,17,17,13,17,17,17,9,9,13,13,25,,,9,17,17,13,13
2023-05-31T15:27:00-05:00,46,30,17,17,13,17,17,21,13,9,13,9,21,,,13,21,13,9,13
2023-05-31T15:27:30-05:00,46,17,17,17,13,13,17,21,13,9,13,13,21,,,9,21,13,13,13
2023-05-31T15:28:00-05:00,46,13,21,13,17,17,13,21,13,9,13,13,21,,,9,21,13,13,13
2023-05-31T15:28:30-05:00,46,9,21,21,13,17,17,21,13,9,13,13,17,,,9,17,13,13,13
2023-05-31T15:29:00-05:00,46,13,21,17,13,21,13,21,9,9,13,13,21,,,13,13,5,13,13
2023-05-31T15:29:30-05:00,46,9,17,13,13,21,17,17,9,9,13,9,17,,,9,13,17,13,13
2023-05-31T15:30:00-05:00,46,9,21,21,17,30,17,17,9,9,13,13,13,,,9,13,13,17,9
2023-05-31T15:30:30-05:00,46,9,17,17,13,25,17,25,9,9,13,13,17,,,9,13,21,17,13
2023-05-31T15:31:00-05:00,46,9,21,21,17,17,17,21,13,9,13,13,17,,,13,13,21,17,13
2023-05-31T15:31:30-05:00,46,9,17,17,13,17,17,25,13,9,13,9,13,,,9,13,9,17,9
2023-05-31T15:32:00-05:00,46,13,21,17,13,25,17,17,9,13,13,9,13,,,9,13,9,17,9
2023-05-31T15:32:30-05:00,46,13,17,17,13,25,13,17,9,9,13,9,17,,,9,,9,17,13
2023-05-31T15:33:00-05:00,46,9,21,17,13,17,17,21,9,9,13,9,13,,,9,5,17,17,13
2023-05-31T15:33:30-05:00,46,13,17,13,13,25,13,17,9,9,13,9,17,,,13,9,,17,13
2023-05-31T15:34:00-05:00,46,9,17,21,13,21,17,21,9,9,13,9,13,,,13,13,25,17,13
2023-05-31T15:34:30-05:00,46,9,17,17,13,21,17,21,9,9,13,9,17,,,9,13,25,17,13
2023-05-31T15:35:00-05:00,46,9,17,17,13,21,17,17,9,9,13,9,13,,,9,13,21,17,13
2023-05-31T15:35:30-05:00,46,9,21,17,13,17,17,21,9,9,13,9,13,,,9,9,17,21,13
2023-05-31T15:36:00-05:00,46,13,21,17,13,17,17,21,9,9,13,9,13,,,13,9,21,17,13
2023-05-31T15:36:30-05:00,46,9,17,17,13,17,17,21,9,9,9,9,13,,,9,13,21,17,13
2023-05-31T15:37:00-05:00,46,9,17,17,17,17,17,21,9,9,9,9,13,,,9,9,13,17,13
2023-05-31T15:37:30-05:00,46,9,17,17,13,21,17,21,9,9,9,9,13,,,9,13,9,13,9
2023-05-31T15:38:00-05:00,46,13,17,17,13,21,13,17,9,9,9,9,13,,,9,9,17,25,9
2023-05-31T15:38:30-05:00,46,9,17,17,13,21,17,17,9,9,9,9,17,,,9,13,30,25,13
2023-05-31T15:39:00-05:00,46,9,17,17,13,21,13,17,9,9,9,9,17,,,9,13,30,21,13
2023-05-31T15:39:30-05:00,46,13,17,17,13,30,17,17,5,9,,5,17,,,9,13,21,21,13
2023-05-31T15:40:00-05:00,46,13,13,17,13,21,17,17,5,9,30,5,13,,,9,13,17,21,9
2023-05-31T15:40:30-05:00,46,13,17,17,17,38,17,17,9,13,,9,17,,,9,9,17,17,9
2023-05-31T15:41:00-05:00,46,13,13,13,13,21,17,17,5,9,17,9,17,,,13,13,17,17,9
2023-05-31T15:41:30-05:00,46,13,17,17,13,17,17,17,9,9,13,9,17,,,9,13,13,13,9
2023-05-31T15:42:00-05:00,46,13,17,17,13,21,17,17,5,9,13,9,17,,,9,13,13,17,13
2023-05-31T15:42:30-05:00,46,13,17,17,13,21,17,21,9,9,9,9,17,,,13,13,17,21,13
2023-05-31T15:43:00-05:00,46,13,17,13,9,25,17,17,9,5,9,9,17,,,9,13,13,17,13
2023-05-31T15:43:30-05:00,46,9,13,17,13,21,13,17,9,9,9,9,17,,,9,13,9,13,13
2023-05-31T15:44:00-05:00,46,9,13,17,13,21,17,21,5,9,13,9,17,,,9,13,17,13,13
2023-05-31T15:44:30-05:00,46,13,17,17,13,21,17,21,9,9,21,9,17,,,9,,25,17,13
2023-05-31T15:45:00-05:00,46,13,17,17,13,21,17,21,5,9,21,13,17,,,9,,21,13,
2023-05-31T15:45:30-05:00,46,13,13,17,13,17,17,21,9,9,21,9,13,,,13,,25,13,17
2023-05-31T15:46:00-05:00,46,9,13,17,13,17,17,21,9,9,17,9,17,,,9,,25,13,13
2023-05-31T15:46:30-05:00,46,9,13,17,13,17,17,21,,9,17,9,13,,,13,,30,13,9
2023-05-31T15:47:00-05:00,46,9,13,17,13,17,17,17,9,5,17,9,17,,,9,,,13,9
2023-05-31T15:47:30-05:00,46,9,17,21,17,21,17,17,9,9,13,9,13,,,9,17,25,13,
2023-05-31T15:48:00-05:00,46,9,17,21,13,17,17,21,9,9,13,9,13,,,9,13,21,13,13
2023-05-31T15:48:30-05:00,46,13,34,17,13,17,17,17,9,9,13,9,17,,,9,13,17,13,9
2023-05-31T15:49:00-05:00,46,13,25,17,13,17,17,17,9,9,13,9,17,,,9,13,21,13,9
2023-05-31T15:49:30-05:00,46,9,21,13,13,21,17,17,9,9,13,9,17,,,9,,21,13,9
2023-05-31T15:50:00-05:00,46,9,21,17,13,21,17,17,9,9,17,9,17,,,9,,17,13,9
2023-05-31T15:50:30-05:00,46,9,17,21,13,17,21,17,9,9,17,9,17,,,9,25,17,9,9
2023-05-31T15:51:00-05:00,46,9,25,21,13,21,17,17,9,9,21,9,17,,,9,17,21,13,9
2023-05-31T15:51:30-05:00,46,9,30,21,13,21,17,17,9,9,21,9,17,,,9,17,13,13,9
2023-05-31T15:52:00-05:00,46,9,25,17,17,21,17,17,9,9,17,9,17,,,9,13,13,13,9
2023-05-31T15:52:30-05:00,46,9,25,17,13,25,17,17,9,9,13,9,13,,,9,13,17,13,9
2023-05-31T15:53:00-05:00,46,9,25,21,13,42,17,17,9,9,17,9,17,,,9,13,9,13,9
2023-05-31T15:53:30-05:00,46,9,21,21,13,34,13,17,9,9,17,9,17,,,13,13,9,17,5
2023-05-31T15:54:00-05:00,46,9,21,17,13,30,13,17,9,9,17,9,17,,,9,13,13,13,9
2023-05-31T15:54:30-05:00,46,9,21,21,13,25,17,17,9,9,13,9,17,,,9,17,13,13,9
2023-05-31T15:55:00-05:00,46,9,17,17,13,21,17,17,9,5,17,9,17,,,9,13,17,17,9
2023-05-31T15:55:30-05:00,46,9,17,17,13,17,17,17,9,9,17,9,17,,,9,13,13,17,9
2023-05-31T15:56:00-05:00,46,9,17,17,13,21,13,17,9,9,21,9,13,,,9,13,13,13,9
2023-05-31T15:56:30-05:00,46,9,17,17,13,21,17,17,9,9,17,9,17,,,9,13,13,13,9
2023-05-31T15:57:00-05:00,46,9,17,21,13,17,17,13,9,5,17,9,17,,,9,13,13,17,9
2023-05-31T15:58:00-05:00,46,9,17,25,13,21,17,17,9,5,17,9,13,,,9,13,13,17,9
2023-05-31T15:59:00-05:00,46,9,21,25,13,21,17,13,9,5,17,5,13,,,9,13,13,13,9
2023-05-31T15:59:30-05:00,46,5,17,25,13,21,17,17,13,5,17,9,13,,,13,13,13,13,9
2023-05-31T16:00:00-05:00,46,9,17,25,13,25,17,13,9,5,13,5,13,,,9,13,17,17,9
2023-05-31T16:00:30-05:00,46,9,17,30,17,25,17,17,9,5,30,5,13,,,9,13,9,17,9
2023-05-31T16:01:00-05:00,46,9,17,25,13,34,17,13,9,5,21,9,13,,,9,13,13,17,5
2023-05-31T16:01:30-05:00,46,9,17,25,13,25,17,17,5,9,13,9,17,,,9,13,13,13,9
2023-05-31T16:02:00-05:00,46,9,17,30,13,25,13,13,5,9,9,9,13,,,13,13,9,17,9
2023-05-31T16:02:30-05:00,46,9,17,21,17,17,17,13,9,5,9,9,13,,,13,13,9,17,9
2023-05-31T16:03:00-05:00,46,5,17,21,17,17,13,13,5,5,9,,13,,,13,13,13,17,5
2023-05-31T16:03:30-05:00,46,9,17,30,17,17,17,17,9,5,13,17,13,,,9,13,9,13,5
2023-05-31T16:04:00-05:00,46,9,17,30,17,17,17,17,9,5,13,13,13,,,13,9,9,13,5
2023-05-31T16:04:30-05:00,46,5,17,25,17,21,25,17,9,5,9,9,13,,,13,9,13,13,5
2023-05-31T16:05:00-05:00,46,5,17,30,17,21,25,17,9,9,9,9,13,,,13,9,13,13,5
2023-05-31T16:05:30-05:00,46,9,17,30,21,17,25,17,9,9,9,9,13,,,17,9,9,17,5
2023-05-31T16:06:00-05:00,46,9,17,25,25,17,25,17,5,9,9,,13,,,21,9,9,17,5
2023-05-31T16:06:30-05:00,46,5,17,25,25,17,21,17,,25,9,17,9,,,21,13,5,17,5
2023-05-31T16:07:00-05:00,46,9,17,25,25,17,25,17,5,,9,13,13,,,21,9,5,17,9
2023-05-31T16:07:30-05:00,46,9,17,25,25,17,21,17,9,,9,13,13,,,21,9,9,13,5
2023-05-31T16:08:00-05:00,46,9,21,25,30,17,21,17,9,,9,13,13,,,21,9,9,17,9
2023-05-31T16:08:30-05:00,46,9,21,25,30,17,17,17,5,9,9,9,13,,,25,13,5,13,5
2023-05-31T16:09:00-05:00,46,5,21,25,30,17,21,17,9,5,9,9,9,,,21,9,13,17,5
2023-05-31T16:09:30-05:00,46,5,21,30,30,17,17,17,9,5,9,9,9,,,17,13,9,13,5
2023-05-31T16:10:00-05:00,46,5,21,30,30,17,17,21,9,9,9,9,9,,,21,9,5,,9
2023-05-31T16:10:30-05:00,46,9,25,25,30,17,17,17,9,,9,13,9,,,21,13,9,13,9
2023-05-31T16:11:00-05:00,46,9,25,30,30,34,17,21,5,,13,13,9,,,21,9,9,13,5
2023-05-31T16:11:30-05:00,46,5,21,30,30,25,13,13,9,34,13,13,9,,,21,9,9,13,9
2023-05-31T16:12:00-05:00,46,5,21,25,30,38,17,17,5,17,9,13,9,,,17,9,5,13,13
2023-05-31T16:12:30-05:00,46,5,21,25,25,38,17,17,9,9,9,9,13,,,17,9,13,13,9
2023-05-31T16:13:00-05:00,46,13,21,25,25,30,13,17,9,13,13,9,9,,,17,9,5,13,9
2023-05-31T16:13:30-05:00,46,5,25,21,21,21,17,13,5,9,13,9,9,,,17,9,13,13,9
2023-05-31T16:14:00-05:00,46,5,25,21,21,34,13,13,5,13,13,9,9,,,17,9,30,17,9
2023-05-31T16:14:30-05:00,46,5,21,25,21,25,17,17,5,34,9,5,13,,,17,9,21,13,5
2023-05-31T16:15:00-05:00,46,9,21,25,21,25,13,17,5,,17,9,9,,,17,9,17,13,5
2023-05-31T16:15:30-05:00,46,9,21,21,25,17,13,17,5,13,13,5,9,,,17,9,13,17,5
2023-05-31T16:16:00-05:00,46,5,21,25,21,21,17,17,5,5,13,9,9,,,13,9,13,17,5
2023-05-31T16:16:30-05:00,46,5,21,21,21,17,13,17,5,25,9,5,9,,,17,9,13,17,5
2023-05-31T16:17:00-05:00,46,9,21,21,21,17,17,17,9,,9,9,9,,,13,9,9,13,9
2023-05-31T16:17:30-05:00,46,9,17,21,25,17,17,13,5,,9,13,9,,,17,9,13,17,9
2023-05-31T16:18:00-05:00,46,13,17,30,25,17,13,13,5,,9,9,9,,,17,9,5,13,9
2023-05-31T16:18:30-05:00,46,9,17,25,25,25,17,13,5,,9,5,9,,,21,9,9,13,9
2023-05-31T16:19:00-05:00,46,9,17,21,21,30,13,13,5,,9,5,9,,,13,9,9,17,9
2023-05-31T16:19:30-05:00,46,9,17,21,17,17,13,13,5,,9,5,9,,,13,9,13,17,9
2023-05-31T16:20:00-05:00,46,5,17,25,21,13,17,17,5,30,9,5,9,,,17,,13,30,9
2023-05-31T16:20:30-05:00,46,5,13,21,21,17,17,17,5,17,5,9,9,,,17,,9,17,9
2023-05-31T16:21:00-05:00,46,9,17,21,21,17,17,13,5,,5,5,9,,,17,9,9,17,9
2023-05-31T16:21:30-05:00,46,9,13,17,21,17,17,17,5,,9,5,9,,,17,9,5,17,5
2023-05-31T16:22:00-05:00,46,5,17,21,21,17,17,13,5,,9,9,9,,,13,5,9,17,5
2023-05-31T16:22:30-05:00,46,9,17,21,17,17,17,13,5,,9,5,13,,,13,5,13,17,9
2023-05-31T16:23:00-05:00,46,5,17,25,21,17,17,13,5,,9,5,13,,,17,9,9,13,9
2023-05-31T16:23:30-05:00,46,5,17,21,21,17,17,13,5,17,9,5,9,,,17,9,13,13,9
2023-05-31T16:24:00-05:00,46,5,17,21,21,17,21,17,5,9,9,5,9,,,17,9,9,17,9
2023-05-31T16:24:30-05:00,46,5,17,21,21,13,21,13,5,9,9,5,9,,,13,5,9,17,9
2023-05-31T16:25:00-05:00,46,5,17,25,17,21,21,13,5,5,13,5,9,,,13,5,13,13,9
2023-05-31T16:25:30-05:00,46,5,17,25,17,21,21,13,5,9,13,13,9,,,9,9,9,17,9
2023-05-31T16:26:00-05:00,46,5,21,25,17,17,21,13,5,9,13,5,9,,,9,5,9,13,9
2023-05-31T16:26:30-05:00,46,5,21,30,17,21,21,13,5,13,9,5,9,,,13,9,5,,9
2023-05-31T16:27:00-05:00,46,9,21,25,17,25,21,13,5,9,9,5,9,,,17,5,9,13,9
2023-05-31T16:27:30-05:00,46,,21,25,13,21,21,13,5,9,9,13,9,,,9,9,5,9,9
2023-05-31T16:28:00-05:00,46,,25,25,13,13,21,13,0,13,9,13,9,,,13,5,5,13,9
2023-05-31T16:28:30-05:00,46,,25,21,17,13,21,13,0,9,9,13,9,,,9,5,13,13,9
2023-05-31T16:29:00-05:00,46,,21,21,17,17,17,13,5,13,9,9,9,,,9,5,9,13,9
2023-05-31T16:29:30-05:00,46,,21,25,,13,21,13,5,5,9,13,9,,,9,5,5,13,9
2023-05-31T16:30:00-05:00,46,,17,25,13,21,21,13,5,9,9,13,9,,,13,9,5,17,9
2023-05-31T16:30:30-05:00,46,,21,25,17,21,17,13,0,9,9,13,9,,,13,5,5,25,9
2023-05-31T16:31:00-05:00,46,5,21,30,17,17,17,13,5,25,9,13,9,,,9,5,5,25,5
2023-05-31T16:31:30-05:00,46,5,21,25,17,17,17,17,0,9,5,9,9,,,9,5,13,25,5
2023-05-31T16:32:00-05:00,46,5,21,25,17,17,17,13,0,5,17,9,9,,,13,9,13,30,5
2023-05-31T16:32:30-05:00,46,5,21,25,17,13,21,13,0,5,30,9,9,,,9,9,9,25,5
2023-05-31T16:33:00-05:00,46,5,21,25,13,25,17,17,5,,13,5,9,,,13,5,9,21,5
2023-05-31T16:33:30-05:00,46,5,21,21,13,17,17,13,0,,9,5,9,,,13,9,9,21,5
2023-05-31T16:34:00-05:00,46,5,21,21,17,21,17,17,0,,13,5,9,,,9,9,9,21,9
2023-05-31T16:34:30-05:00,46,30,25,21,17,17,17,13,5,,13,5,9,,,9,9,5,17,5
2023-05-31T16:35:00-05:00,46,17,25,21,17,17,17,13,5,17,17,5,9,,,13,5,9,17,5
2023-05-31T16:35:30-05:00,46,5,21,21,17,21,17,13,5,,13,5,9,,,9,9,5,17,5
2023-05-31T16:36:00-05:00,46,9,25,21,17,17,21,13,5,,9,9,9,,,13,5,5,17,5
2023-05-31T16:36:30-05:00,46,5,25,17,17,21,17,9,0,17,13,5,9,,,9,5,9,25,5
2023-05-31T16:37:00-05:00,46,5,21,21,17,17,17,9,0,17,13,9,5,,,9,5,5,21,5
2023-05-31T16:37:30-05:00,46,,21,17,17,17,13,13,0,13,9,5,9,,,13,5,9,17,5
2023-05-31T16:38:00-05:00,46,,21,21,17,34,13,13,0,9,5,,9,,,13,5,9,17,5
2023-05-31T16:38:30-05:00,46,,21,21,,25,13,13,0,5,5,,9,,,9,5,9,13,5
2023-05-31T16:39:00-05:00,46,,21,21,17,21,17,13,0,9,5,,13,,,13,5,5,13,5
2023-05-31T16:39:30-05:00,46,,21,17,13,17,17,13,0,5,9,17,9,,,13,9,9,13,9
2023-05-31T16:40:00-05:00,46,,21,17,17,21,17,13,5,9,9,13,13,,,13,5,5,13,5
2023-05-31T16:40:30-05:00,46,,21,17,17,25,17,13,5,9,9,13,13,,,13,,9,13,5
2023-05-31T16:41:00-05:00,46,,21,17,17,21,17,13,5,9,5,9,9,,,13,,9,17,5
2023-05-31T16:41:30-05:00,46,5,17,17,13,17,17,13,5,9,5,9,9,,,9,0,9,21,5
2023-05-31T16:42:00-05:00,46,9,17,21,17,17,17,9,5,9,9,9,9,,,13,5,5,17,5
2023-05-31T16:42:30-05:00,46,5,17,17,13,17,17,9,0,9,9,5,9,,,13,5,13,13,5
2023-05-31T16:43:00-05:00,46,5,13,21,17,17,17,13,5,5,9,9,17,,,9,5,9,17,5
2023-05-31T16:43:30-05:00,46,9,17,17,13,21,17,13,5,5,9,9,9,,,9,5,5,13,5
2023-05-31T16:44:00-05:00,46,9,17,17,17,42,17,9,5,9,5,5,9,,,13,9,13,17,5
2023-05-31T16:44:30-05:00,46,17,17,17,13,21,17,9,0,5,5,5,9,,,9,5,5,17,5
2023-05-31T16:45:00-05:00,46,25,17,17,17,17,21,9,5,5,5,5,9,,,13,5,9,13,5
2023-05-31T16:45:30-05:00,46,13,17,13,17,17,17,13,0,5,5,9,9,,,9,9,9,17,5
2023-05-31T16:46:00-05:00,46,9,17,13,17,25,17,9,0,5,5,5,9,,,9,5,9,17,5
2023-05-31T16:46:30-05:00,46,,17,17,13,38,21,9,0,5,5,5,9,,,9,5,5,17,5
2023-05-31T16:47:00-05:00,46,5,17,17,13,30,21,9,5,5,5,5,9,,,9,,9,17,5
2023-05-31T16:47:30-05:00,46,,21,13,17,30,17,9,0,5,5,9,9,,,9,,9,17,5
2023-05-31T16:48:00-05:00,46,,17,13,13,25,17,9,5,5,5,9,9,,,9,5,9,21,5
2023-05-31T16:48:30-05:00,46,,13,17,13,21,17,9,5,5,9,13,9,,,9,5,17,21,5
2023-05-31T16:49:00-05:00,46,,13,17,13,17,17,9,5,5,5,9,9,,,13,5,13,17,5
2023-05-31T16:49:30-05:00,46,,17,17,13,17,17,9,5,5,5,5,9,,,13,,13,21,5
2023-05-31T16:50:00-05:00,46,,13,17,17,17,17,9,5,5,9,5,9,,,9,,9,17,5
2023-05-31T16:50:30-05:00,46,,17,13,17,17,17,9,5,5,5,5,9,,,9,,9,,5
2023-05-31T16:51:00-05:00,46,,13,21,17,17,17,9,5,9,5,5,9,,,9,,9,,5
2023-05-31T16:51:30-05:00,46,5,17,17,17,13,17,9,0,5,21,5,9,,,13,,13,17,5
2023-05-31T16:52:00-05:00,46,5,17,17,17,13,17,13,0,5,21,9,9,,,9,5,9,21,5
2023-05-31T16:52:30-05:00,46,5,17,17,17,13,17,9,0,5,9,5,9,,,9,5,9,13,5
2023-05-31T16:53:00-05:00,46,5,17,13,13,13,17,9,5,5,9,5,9,,,9,5,9,17,5
2023-05-31T16:53:30-05:00,46,5,17,13,17,17,17,9,5,5,5,5,9,,,9,5,9,17,5
2023-05-31T16:54:00-05:00,46,5,17,17,13,13,17,13,5,5,5,5,9,,,9,5,9,21,5
2023-05-31T16:54:30-05:00,46,9,17,13,13,17,17,13,5,5,5,5,9,,,9,5,5,25,5
2023-05-31T16:55:00-05:00,46,5,17,17,13,17,17,9,5,5,5,5,9,,,9,9,9,13,5
2023-05-31T16:55:30-05:00,46,5,17,17,,21,17,9,5,5,5,5,9,,,9,,5,13,
2023-05-31T16:56:00-05:00,46,5,13,13,17,21,21,13,5,5,5,9,9,,,13,9,9,13,5
2023-05-31T16:56:30-05:00,46,5,13,17,13,17,17,9,5,5,5,5,9,,,13,5,5,34,5
2023-05-31T16:57:00-05:00,46,9,13,13,13,17,17,9,5,5,9,5,9,,,9,5,9,21,5
2023-05-31T16:57:30-05:00,46,9,13,17,13,17,17,9,5,5,9,5,9,,,13,5,5,17,5
2023-05-31T16:58:00-05:00,46,9,13,13,17,21,17,9,5,5,9,5,9,,,9,5,9,17,5
2023-05-31T16:58:30-05:00,46,9,17,13,13,17,17,13,5,5,9,5,9,,,9,5,5,17,5
2023-05-31T16:59:00-05:00,46,9,13,13,17,17,17,13,5,5,9,5,9,,,9,5,5,13,5
2023-05-31T16:59:30-05:00,46,9,17,13,13,17,17,13,5,5,13,5,9,,,9,5,5,13,5
2023-05-31T17:00:00-05:00,46,5,17,13,13,13,13,9,5,5,13,5,9,,,9,5,5,13,5
2023-05-31T17:00:30-05:00,46,5,17,13,13,17,17,9,5,5,9,5,9,,,13,5,5,13,5
2023-05-31T17:01:00-05:00,46,5,17,13,13,21,13,9,5,5,13,5,9,,,13,9,9,17,5
2023-05-31T17:01:30-05:00,46,5,17,17,13,34,17,9,5,5,5,9,9,,,13,5,5,17,5
2023-05-31T17:02:00-05:00,46,9,17,13,13,30,13,9,5,5,9,9,9,,,9,5,5,21,5
2023-05-31T17:02:30-05:00,46,5,17,17,13,25,13,9,5,5,9,5,9,,,9,5,0,34,5
2023-05-31T17:03:00-05:00,46,5,17,17,13,21,13,9,5,5,5,5,5,,,9,5,0,17,9
2023-05-31T17:03:30-05:00,46,5,21,17,13,25,13,9,5,5,5,5,5,,,9,5,5,17,5
2023-05-31T17:04:00-05:00,46,5,17,21,13,17,13,9,5,5,5,5,9,,,13,5,0,13,5
2023-05-31T17:04:30-05:00,46,9,21,17,17,17,13,9,5,5,5,5,9,,,9,5,9,13,5
2023-05-31T17:05:00-05:00,46,9,21,13,13,17,13,9,5,5,9,5,9,,,13,9,5,17,9
2023-05-31T17:05:30-05:00,46,5,21,17,13,13,13,9,5,5,9,5,5,,,13,9,9,13,5
2023-05-31T17:06:00-05:00,46,5,17,17,13,13,13,9,5,5,9,5,5,,,9,9,9,13,5
2023-05-31T17:06:30-05:00,46,5,21,17,13,25,17,9,5,5,9,5,9,,,9,9,5,17,5
2023-05-31T17:07:00-05:00,46,5,17,21,13,21,17,9,5,5,9,5,9,,,9,9,5,17,9
2023-05-31T17:07:30-05:00,46,5,21,21,13,17,17,9,5,5,9,5,9,,,9,9,9,17,9
2023-05-31T17:08:00-05:00,46,5,21,17,17,17,13,9,5,5,9,5,9,,,9,9,5,17,9
2023-05-31T17:08:30-05:00,46,9,17,17,13,17,13,9,5,5,5,5,9,,,9,5,5,13,5
2023-05-31T17:09:00-05:00,46,5,21,17,13,13,17,9,5,5,5,5,5,,,9,5,9,25,5
2023-05-31T17:09:30-05:00,46,5,21,17,13,13,17,9,5,5,5,5,5,,,9,9,5,,5
2023-05-31T17:10:00-05:00,46,5,21,17,17,9,17,9,5,5,13,5,9,,,9,5,5,,5
2023-05-31T17:10:30-05:00,46,5,21,21,13,21,17,13,5,5,9,9,9,,,9,9,5,30,5
2023-05-31T17:11:00-05:00,46,5,21,21,13,17,17,13,5,0,9,5,9,,,9,5,9,21,5
2023-05-31T17:11:30-05:00,46,5,21,17,13,13,17,13,5,5,9,5,9,,,9,5,5,34,9
2023-05-31T17:12:00-05:00,46,9,17,17,13,38,13,13,0,5,9,5,9,,,9,9,5,17,5
2023-05-31T17:12:30-05:00,46,5,21,17,13,30,13,13,5,5,5,5,5,,,9,9,0,,9
2023-05-31T17:13:00-05:00,46,5,25,17,13,25,17,13,5,5,5,5,9,,,9,9,9,17,9
2023-05-31T17:13:30-05:00,46,5,21,21,17,17,17,13,5,5,5,5,9,,,9,9,5,13,9
2023-05-31T17:14:00-05:00,46,5,21,17,13,13,17,17,0,5,9,5,5,,,9,9,5,17,9
2023-05-31T17:14:30-05:00,46,5,21,17,13,17,13,13,5,5,9,5,9,,,9,5,0,25,9
2023-05-31T17:15:00-05:00,46,5,21,17,13,17,17,13,5,5,5,5,5,,,13,5,5,30,13
2023-05-31T17:15:30-05:00,46,9,17,17,13,17,13,13,5,5,5,5,5,,,9,5,5,17,9
2023-05-31T17:16:00-05:00,46,5,17,17,13,17,17,13,5,5,9,5,9,,,9,5,5,13,13
2023-05-31T17:16:30-05:00,46,5,17,17,13,17,17,9,5,5,13,5,5,,,9,9,0,13,13
2023-05-31T17:17:00-05:00,46,5,17,17,13,17,13,13,5,5,13,9,9,,,9,5,5,13,13
2023-05-31T17:17:30-05:00,46,5,17,17,13,13,13,13,5,5,9,5,5,,,9,5,5,38,9
2023-05-31T17:18:00-05:00,46,5,17,17,13,13,13,13,5,5,9,5,9,,,9,5,5,34,9
2023-05-31T17:18:30-05:00,46,5,17,17,17,13,13,13,5,5,9,5,5,,,9,5,5,21,9
2023-05-31T17:19:00-05:00,46,5,21,13,13,17,17,13,5,5,5,5,9,,,9,5,0,17,9
2023-05-31T17:19:30-05:00,46,9,21,13,17,21,17,13,5,5,9,5,5,,,13,5,9,17,9
2023-05-31T17:20:00-05:00,46,5,17,13,13,17,13,9,5,5,5,5,5,,,13,5,5,21,9
2023-05-31T17:20:30-05:00,46,5,21,17,17,17,17,9,5,5,5,5,9,,,13,9,5,13,9
2023-05-31T17:21:00-05:00,46,5,17,17,17,17,17,9,5,5,5,5,9,,,13,9,9,13,5
2023-05-31T17:21:30-05:00,46,5,17,13,17,17,17,9,5,5,9,5,9,,,13,5,5,13,5
2023-05-31T17:22:00-05:00,46,5,17,17,13,25,17,13,5,5,9,5,9,,,9,9,5,17,5
2023-05-31T17:22:30-05:00,46,5,17,17,13,21,21,9,5,5,9,5,5,,,9,5,5,17,5
2023-05-31T17:23:00-05:00,46,5,17,17,13,17,21,9,5,5,5,5,5,,,9,5,9,17,5
2023-05-31T17:23:30-05:00,46,5,21,13,13,17,17,13,5,5,5,5,9,,,9,5,9,13,5
2023-05-31T17:24:00-05:00,46,5,17,13,13,25,17,9,5,5,17,5,9,,,9,9,21,13,9
2023-05-31T17:24:30-05:00,46,5,17,13,13,25,17,9,5,5,13,5,9,,,9,5,9,13,9
2023-05-31T17:25:00-05:00,46,5,17,,17,21,17,9,5,5,9,5,9,,,9,5,9,13,9
2023-05-31T17:25:30-05:00,46,5,17,25,13,21,17,13,5,5,9,5,9,,,13,5,13,13,5
2023-05-31T17:26:00-05:00,46,5,17,17,13,25,17,9,5,5,9,5,9,,,9,5,9,13,9
2023-05-31T17:26:30-05:00,46,5,17,13,13,21,17,13,5,5,9,5,9,,,9,5,0,13,5
2023-05-31T17:27:00-05:00,46,5,17,13,17,21,17,9,5,5,9,5,13,,,9,5,5,13,5
2023-05-31T17:27:30-05:00,46,5,17,17,17,,17,9,5,5,9,5,9,,,9,9,9,13,5
2023-05-31T17:28:00-05:00,46,5,17,13,13,46,17,9,5,5,5,5,13,,,9,5,9,17,5
2023-05-31T17:28:30-05:00,46,5,17,17,17,34,17,9,5,5,13,5,13,,,9,5,13,13,5
2023-05-31T17:29:00-05:00,46,5,17,13,17,21,17,9,5,5,9,5,13,,,13,5,9,13,
2023-05-31T17:29:30-05:00,46,5,17,13,17,21,13,9,5,5,9,5,17,,,9,5,9,13,5
2023-05-31T17:30:00-05:00,46,5,17,13,13,34,17,9,5,5,9,13,34,,,9,5,9,17,5
2023-05-31T17:30:30-05:00,46,5,17,13,13,21,17,9,5,5,30,9,17,,,9,5,9,17,9
2023-05-31T17:31:00-05:00,46,5,17,13,17,21,17,9,5,5,17,9,25,,,9,5,13,17,9
2023-05-31T17:31:30-05:00,46,5,17,17,17,17,17,9,5,5,13,9,21,,,9,5,5,21,5
2023-05-31T17:32:00-05:00,46,5,17,13,17,13,17,9,5,5,13,9,17,,,13,5,9,17,5
2023-05-31T17:32:30-05:00,46,5,17,13,13,17,13,9,5,5,9,9,13,,,9,5,9,17,9
2023-05-31T17:33:00-05:00,46,5,17,13,13,13,17,13,5,5,9,5,21,,,9,5,13,17,5
2023-05-31T17:33:30-05:00,46,5,17,17,13,17,13,13,9,5,9,5,21,,,9,5,9,,5
2023-05-31T17:34:00-05:00,46,5,13,13,13,25,13,9,5,5,9,5,13,,,9,5,5,13,5
2023-05-31T17:34:30-05:00,46,5,13,13,17,17,13,9,5,5,25,5,13,,,9,5,5,13,5
2023-05-31T17:35:00-05:00,46,17,17,13,17,25,13,9,5,5,21,5,13,,,9,5,5,13,5
2023-05-31T17:35:30-05:00,46,9,13,13,17,17,17,9,5,5,13,5,30,,,13,5,9,13,5
2023-05-31T17:36:00-05:00,46,9,17,13,13,17,13,9,5,5,9,5,25,,,9,5,13,13,5
2023-05-31T17:36:30-05:00,46,5,13,13,17,17,13,13,5,5,9,5,50,,,9,5,5,17,5
2023-05-31T17:37:00-05:00,46,5,17,13,17,17,17,9,5,5,9,5,42,,,9,5,9,,9
2023-05-31T17:37:30-05:00,46,5,13,13,17,17,17,9,5,5,9,5,62,,,9,5,9,21,5
2023-05-31T17:38:00-05:00,46,5,13,13,17,13,17,9,5,5,9,5,50,,,13,5,5,21,5
2023-05-31T17:38:30-05:00,46,9,13,13,13,17,13,9,5,5,13,5,34,,,13,5,5,21,5
2023-05-31T17:39:00-05:00,46,5,13,13,17,13,13,9,5,5,13,5,25,,,9,5,5,21,9
2023-05-31T17:39:30-05:00,46,5,13,13,17,17,17,13,5,5,13,5,25,,,13,5,5,21,9
2023-05-31T17:40:00-05:00,46,5,13,13,17,13,17,9,5,9,13,9,25,,,9,5,5,21,5
2023-05-31T17:40:30-05:00,46,5,17,13,17,13,17,9,5,5,13,5,17,,,13,5,9,17,9
2023-05-31T17:41:00-05:00,46,5,17,13,13,13,17,9,9,5,13,9,9,,,13,5,5,17,9
2023-05-31T17:41:30-05:00,46,5,17,13,17,17,17,13,5,5,13,5,13,,,13,5,5,17,9
2023-05-31T17:42:00-05:00,46,9,17,13,17,17,17,9,5,5,13,5,13,,,9,5,5,21,13
2023-05-31T17:42:30-05:00,46,5,17,13,17,21,17,13,9,5,13,5,13,,,13,5,13,21,13
2023-05-31T17:43:00-05:00,46,5,21,13,17,21,17,13,9,5,17,5,13,,,13,5,9,25,9
2023-05-31T17:43:30-05:00,46,5,17,13,17,25,17,13,9,5,13,5,9,,,9,5,9,30,9
2023-05-31T17:44:00-05:00,46,9,17,17,13,21,21,9,9,5,9,5,9,,,13,5,9,21,9
2023-05-31T17:44:30-05:00,46,9,17,13,13,21,21,13,9,5,13,5,9,,,13,5,9,21,9
2023-05-31T17:45:00-05:00,46,5,17,13,17,13,21,13,9,5,9,5,13,,,13,5,9,17,9
2023-05-31T17:45:30-05:00,46,5,17,13,17,13,17,13,9,5,13,5,13,,,9,5,9,21,9
2023-05-31T17:46:00-05:00,46,5,17,13,17,13,17,13,5,5,9,9,9,,,13,9,21,17,9
2023-05-31T17:46:30-05:00,46,5,13,9,17,17,17,13,5,5,9,5,9,,,13,5,17,17,9
2023-05-31T17:47:00-05:00,46,5,17,9,17,13,21,13,9,5,9,5,5,,,9,5,13,17,9
2023-05-31T17:47:30-05:00,46,5,13,13,17,21,17,9,5,9,9,5,9,,,13,5,9,25,9
2023-05-31T17:48:00-05:00,46,5,17,13,17,30,17,9,9,5,9,5,9,,,13,5,9,17,9
2023-05-31T17:48:30-05:00,46,5,17,9,17,21,21,9,5,5,9,5,9,,,13,5,17,13,9
2023-05-31T17:49:00-05:00,46,5,13,9,17,17,21,9,5,5,9,9,9,,,17,5,9,13,9
2023-05-31T17:49:30-05:00,46,5,17,13,21,17,21,17,5,5,17,9,17,,,13,5,13,17,9
2023-05-31T17:50:00-05:00,46,9,17,13,21,21,21,17,5,5,17,13,9,,,13,5,13,17,13
2023-05-31T17:50:30-05:00,46,5,17,13,25,21,21,13,5,5,13,13,21,,,13,5,9,17,
2023-05-31T17:51:00-05:00,46,5,17,13,17,17,17,13,5,5,9,17,30,,,13,5,13,21,17
2023-05-31T17:51:30-05:00,46,5,21,13,21,17,17,13,5,5,9,13,25,,,13,5,9,21,13
2023-05-31T17:52:00-05:00,46,5,17,13,21,21,17,17,9,5,9,9,21,,,17,5,9,21,13
2023-05-31T17:52:30-05:00,46,5,21,13,21,25,17,17,5,5,17,13,17,,,17,5,9,17,13
2023-05-31T17:53:00-05:00,46,5,21,13,25,13,21,21,5,5,17,9,53,,,17,5,9,17,9
2023-05-31T17:53:30-05:00,46,5,21,17,21,17,17,13,5,5,17,17,46,,,17,5,9,17,13
2023-05-31T17:54:00-05:00,46,5,25,17,25,17,17,13,5,5,13,9,17,,,17,5,5,21,13
2023-05-31T17:54:30-05:00,46,9,21,13,25,21,17,13,5,5,,13,9,,,17,5,9,17,9
2023-05-31T17:55:00-05:00,46,5,21,13,25,17,17,17,5,5,30,9,9,,,17,5,9,25,9
2023-05-31T17:55:30-05:00,46,5,21,17,21,17,21,17,5,5,21,9,13,,,17,5,9,21,9
2023-05-31T17:56:00-05:00,46,9,21,,25,17,17,13,9,5,17,9,17,,,17,5,5,25,9
2023-05-31T17:56:30-05:00,46,9,21,13,21,17,17,17,5,5,13,9,13,,,17,9,9,21,9
2023-05-31T17:57:00-05:00,46,9,21,13,21,17,21,17,9,9,13,9,13,,,13,5,5,17,9
2023-05-31T17:57:30-05:00,46,9,25,13,21,13,17,17,5,5,9,9,13,,,25,9,9,17,9
2023-05-31T17:58:00-05:00,46,9,21,13,21,13,17,13,5,9,13,5,13,,,17,9,9,17,9
2023-05-31T17:58:30-05:00,46,5,21,13,21,13,21,17,5,5,13,9,9,,,17,9,5,17,9
2023-05-31T17:59:00-05:00,46,5,21,13,25,13,21,13,5,5,9,9,13,,,17,5,9,25,9
2023-05-31T17:59:30-05:00,46,9,17,13,25,17,21,13,5,5,13,5,17,,,17,9,13,21,9
2023-05-31T18:00:00-05:00,46,5,21,13,25,17,21,17,9,5,,9,21,,,13,9,13,21,9
2023-05-31T18:00:30-05:00,46,5,21,13,25,17,17,13,9,5,13,13,25,,,13,5,9,21,9
2023-05-31T18:01:00-05:00,46,9,21,13,21,17,21,13,5,5,21,13,25,,,17,5,5,25,13
2023-05-31T18:01:30-05:00,46,9,21,17,21,21,17,17,9,5,21,9,25,,,17,9,5,21,13
2023-05-31T18:02:00-05:00,46,9,17,13,21,17,,17,5,5,21,13,25,,,17,5,9,13,13
2023-05-31T18:02:30-05:00,46,5,21,13,21,17,17,17,5,5,17,9,17,,,17,9,13,13,9
2023-05-31T18:03:00-05:00,46,9,17,13,21,17,17,17,5,5,17,9,17,,,13,9,9,13,9
2023-05-31T18:03:30-05:00,46,9,17,13,21,17,,17,9,9,17,9,21,,,13,5,9,13,9
2023-05-31T18:04:00-05:00,46,5,17,13,25,17,17,13,9,9,13,9,25,,,13,9,17,13,9
2023-05-31T18:04:30-05:00,46,9,17,13,25,17,17,13,9,5,9,9,30,,,17,5,0,13,9
2023-05-31T18:05:00-05:00,46,9,17,13,21,25,17,13,5,5,9,13,25,,,17,5,9,13,9
2023-05-31T18:05:30-05:00,46,9,17,13,,25,21,13,5,5,9,9,25,,,17,9,9,13,9
2023-05-31T18:06:00-05:00,46,9,17,13,21,17,21,17,5,5,9,9,25,,,13,9,9,21,9
2023-05-31T18:06:30-05:00,46,9,17,13,21,9,21,17,5,5,9,9,21,,,17,,13,25,9
2023-05-31T18:07:00-05:00,46,5,17,13,21,13,17,17,5,5,9,,21,,,17,,9,21,9
2023-05-31T18:07:30-05:00,46,5,17,13,21,25,21,21,5,5,5,17,17,,,17,,9,13,13
2023-05-31T18:08:00-05:00,46,9,13,9,21,21,21,17,9,9,9,9,21,,,13,5,9,13,13
2023-05-31T18:08:30-05:00,46,9,17,9,21,13,21,17,9,5,9,13,21,,,17,5,9,17,13
2023-05-31T18:09:00-05:00,46,9,17,9,21,13,21,17,9,5,5,9,21,,,13,9,5,17,13
2023-05-31T18:09:30-05:00,46,9,13,9,21,13,21,17,5,9,9,9,17,,,13,9,9,17,13
2023-05-31T18:10:00-05:00,46,13,13,13,21,13,21,17,5,5,9,9,17,,,13,9,5,17,13
2023-05-31T18:10:30-05:00,46,9,13,13,21,9,21,17,9,5,9,9,17,,,13,9,5,21,9
2023-05-31T18:11:00-05:00,46,9,13,13,21,9,21,17,9,9,9,9,13,,,17,13,0,17,9
2023-05-31T18:11:30-05:00,46,9,13,13,21,21,21,17,9,9,,9,13,,,13,30,0,17,9
2023-05-31T18:12:00-05:00,46,9,13,13,21,17,21,17,9,9,,9,13,,,17,17,5,21,9
2023-05-31T18:12:30-05:00,46,9,13,13,17,13,21,17,9,5,21,13,9,,,13,46,5,17,9
2023-05-31T18:13:30-05:00,46,9,13,13,21,21,21,17,9,9,9,9,9,,,13,9,5,17,13
2023-05-31T18:14:00-05:00,46,9,17,17,17,21,25,17,9,9,5,5,13,,,17,13,5,17,17
2023-05-31T18:14:30-05:00,46,9,17,17,21,17,21,13,5,9,9,9,17,,,17,13,5,17,17
2023-05-31T18:15:00-05:00,46,9,13,17,25,17,21,9,5,9,9,9,13,,,13,9,9,17,17
2023-05-31T18:15:30-05:00,46,5,13,13,21,13,21,13,9,9,9,5,13,,,13,17,5,17,
2023-05-31T18:16:00-05:00,46,9,13,13,21,13,25,13,9,5,9,5,13,,,13,30,5,21,
2023-05-31T18:16:30-05:00,46,9,13,13,17,17,21,17,9,9,9,5,13,,,13,30,5,,
2023-05-31T18:17:00-05:00,46,9,13,13,21,13,25,13,9,5,9,,13,,,13,25,9,25,
2023-05-31T18:17:30-05:00,46,9,13,13,21,17,21,13,9,5,9,13,9,,,17,17,5,21,13
2023-05-31T18:18:00-05:00,46,9,13,13,21,17,21,17,9,5,17,13,9,,,13,13,5,21,
2023-05-31T18:18:30-05:00,46,5,13,9,17,21,17,17,9,9,13,,9,,,13,17,9,17,
2023-05-31T18:19:00-05:00,46,9,9,13,21,21,21,25,9,9,9,17,5,,,13,9,5,21,
2023-05-31T18:19:30-05:00,46,9,9,13,21,17,21,25,9,5,9,17,9,,,13,9,5,17,
2023-05-31T18:20:00-05:00,46,9,9,13,21,13,21,21,9,5,9,13,5,,,13,9,5,17,17
2023-05-31T18:20:30-05:00,46,9,13,13,21,17,21,17,9,9,9,9,9,,,21,13,5,17,17
2023-05-31T18:21:00-05:00,46,9,13,13,21,13,21,17,9,5,9,9,5,,,17,13,9,21,13
2023-05-31T18:21:30-05:00,46,9,13,13,21,13,21,21,9,5,13,9,5,,,13,13,5,21,13
2023-05-31T18:22:00-05:00,46,9,13,17,21,30,21,21,13,5,13,9,9,,,13,13,5,30,13
2023-05-31T18:22:30-05:00,46,9,13,17,17,21,21,17,9,9,13,9,9,,,13,13,13,30,13
2023-05-31T18:23:00-05:00,46,5,13,17,17,17,21,17,9,9,13,9,9,,,13,17,13,38,13
2023-05-31T18:23:30-05:00,46,9,13,17,21,17,21,17,9,9,9,9,9,,,13,95,13,34,9
2023-05-31T18:24:00-05:00,46,9,13,17,21,13,21,17,9,9,9,9,9,,,17,77,9,25,13
2023-05-31T18:24:30-05:00,46,5,13,17,,13,21,17,9,9,9,9,13,,,17,89,9,25,13
2023-05-31T18:25:00-05:00,46,9,13,17,25,13,21,13,9,9,9,9,13,,,17,98,5,25,9
2023-05-31T18:25:30-05:00,46,9,9,21,21,13,21,13,9,9,9,9,13,,,17,125,9,21,13
2023-05-31T18:26:00-05:00,46,9,9,21,21,13,21,17,9,9,9,9,17,,,13,,5,17,13
2023-05-31T18:27:00-05:00,46,9,9,34,21,13,21,13,9,9,,17,17,,,13,,9,17,9
2023-05-31T18:27:30-05:00,46,9,9,34,25,13,21,13,9,9,,13,17,,,17,,5,17,9
2023-05-31T18:28:00-05:00,46,13,13,42,25,17,25,13,9,5,17,13,17,,,21,,5,17,13
2023-05-31T18:28:30-05:00,46,9,13,46,21,25,21,13,13,5,21,9,17,,,17,,0,21,13
2023-05-31T18:29:00-05:00,46,9,13,38,21,13,21,13,,9,21,9,25,,,17,,0,21,9
2023-05-31T18:29:30-05:00,46,9,13,42,21,13,25,13,9,9,13,9,17,,,17,118,5,17,9
2023-05-31T18:30:00-05:00,46,9,13,42,21,13,21,17,9,9,13,13,21,,,13,115,5,17,13
2023-05-31T18:30:30-05:00,46,9,13,42,25,13,25,13,9,9,9,13,25,,,17,103,13,13,13
2023-05-31T18:31:00-05:00,46,9,13,38,25,9,21,13,9,9,9,13,21,,,17,105,5,17,9
2023-05-31T18:31:30-05:00,46,13,17,53,25,13,21,13,9,5,9,9,25,,,13,103,9,21,9
2023-05-31T18:32:00-05:00,46,9,13,58,25,13,21,13,9,9,9,9,25,,,13,95,13,17,9
2023-05-31T18:32:30-05:00,46,13,13,55,21,17,21,13,9,9,9,9,30,,,9,91,9,17,9
2023-05-31T18:33:00-05:00,46,9,13,58,17,,25,13,9,9,9,9,34,,,9,89,13,21,9
2023-05-31T18:33:30-05:00,46,9,13,58,17,34,25,13,9,9,9,9,34,,,9,100,13,17,13
2023-05-31T18:34:00-05:00,46,9,13,66,17,21,25,13,9,9,9,9,30,,,9,100,9,17,9
2023-05-31T18:34:30-05:00,46,13,17,62,13,17,21,13,9,9,13,13,34,,,9,93,13,17,13
2023-05-31T18:35:00-05:00,46,9,13,60,17,17,17,13,13,9,,13,34,,,9,91,9,21,13
2023-05-31T18:35:30-05:00,46,9,13,60,13,13,21,13,9,9,13,9,34,,,9,83,5,17,13
2023-05-31T18:36:00-05:00,46,9,13,58,13,13,21,17,9,9,9,9,38,,,9,72,5,21,13
2023-05-31T18:36:30-05:00,46,9,13,64,13,13,21,17,13,9,9,9,34,,,5,70,9,17,13
2023-05-31T18:37:00-05:00,46,9,17,64,13,13,17,17,13,9,9,,38,,,9,72,13,21,13
2023-05-31T18:37:30-05:00,46,13,17,64,,25,21,13,9,9,9,,42,,,9,68,9,17,13
2023-05-31T18:38:00-05:00,46,13,13,64,13,17,17,13,9,9,13,17,38,,,5,60,9,17,13
2023-05-31T18:38:30-05:00,46,9,13,60,13,17,17,17,9,17,25,17,50,,,5,62,5,21,13
2023-05-31T18:39:00-05:00,46,13,13,58,9,13,17,17,9,17,21,13,64,,,5,62,5,17,13
2023-05-31T18:39:30-05:00,46,13,13,53,9,13,17,17,13,17,17,13,62,,,5,62,9,17,13
2023-05-31T18:40:00-05:00,46,13,13,50,9,21,21,17,9,17,13,,64,,,13,53,5,21,13
2023-05-31T18:40:30-05:00,46,13,13,42,9,17,17,21,13,17,13,,66,,,13,46,5,21,9
2023-05-31T18:41:00-05:00,46,13,13,46,9,17,17,17,13,17,13,,62,,,9,42,9,13,9
2023-05-31T18:41:30-05:00,46,13,13,38,9,25,17,17,9,17,13,,60,,,9,38,9,17,9
2023-05-31T18:42:00-05:00,46,13,13,34,9,21,17,17,9,17,9,17,62,,,9,42,9,17,13
2023-05-31T18:43:00-05:00,46,17,13,34,9,17,21,21,9,17,13,13,64,,,5,34,9,17,13
2023-05-31T18:43:30-05:00,46,17,17,30,9,25,21,17,9,17,13,13,62,,,5,34,9,17,13
2023-05-31T18:44:00-05:00,46,17,17,34,9,21,21,17,9,21,9,13,60,,,5,42,9,21,9
2023-05-31T18:44:30-05:00,46,13,21,30,9,17,21,21,13,13,9,13,60,,,5,42,5,17,13
2023-05-31T18:45:00-05:00,46,13,17,25,9,17,17,17,9,17,13,13,60,,,9,42,13,17,13
2023-05-31T18:45:30-05:00,46,17,17,30,9,13,17,21,9,21,13,13,62,,,9,38,17,17,13
2023-05-31T18:46:00-05:00,46,17,13,30,9,17,17,17,9,25,9,9,62,,,5,50,13,13,13
2023-05-31T18:46:30-05:00,46,17,13,30,9,13,13,21,13,21,13,9,62,,,9,53,13,17,13
2023-05-31T18:47:00-05:00,46,21,17,30,9,13,17,17,,21,13,9,62,,,5,42,13,17,9
2023-05-31T18:47:30-05:00,46,17,13,34,9,17,17,17,13,21,,9,68,,,5,42,9,17,13
2023-05-31T18:48:00-05:00,46,17,17,30,9,13,17,17,9,17,13,9,62,,,5,34,13,17,9
2023-05-31T18:48:30-05:00,46,21,13,34,9,17,17,21,9,17,13,9,64,,,5,34,9,17,13
2023-05-31T18:49:00-05:00,46,21,13,34,9,17,17,17,13,17,,9,64,,,9,30,17,13,13
2023-05-31T18:49:30-05:00,46,17,13,38,9,21,17,17,9,17,30,9,66,,,5,30,13,13,9
2023-05-31T18:50:00-05:00,46,17,17,38,9,17,17,17,9,17,17,9,64,,,9,30,13,13,13
2023-05-31T18:50:30-05:00,46,17,17,34,9,17,17,13,9,21,,9,64,,,5,25,13,13,13
2023-05-31T18:51:00-05:00,46,21,17,30,9,13,17,17,13,25,,9,64,,,5,30,13,13,13
2023-05-31T18:51:30-05:00,46,21,13,25,9,17,17,17,13,25,25,13,60,,,5,25,17,13,9
2023-05-31T18:52:00-05:00,46,17,17,25,9,17,17,17,13,21,13,13,64,,,9,25,13,13,9
2023-05-31T18:52:30-05:00,46,21,17,25,9,17,17,17,,21,13,13,62,,,9,30,9,13,9
2023-05-31T18:53:00-05:00,46,17,17,25,9,17,17,17,13,17,9,9,64,,,13,30,13,13,9
2023-05-31T18:53:30-05:00,46,21,17,21,9,21,17,21,9,17,9,9,62,,,9,30,9,13,13
2023-05-31T18:54:00-05:00,46,21,13,21,9,21,21,21,9,17,13,9,60,,,9,30,13,13,9
2023-05-31T18:54:30-05:00,46,17,13,25,9,21,21,17,9,13,13,9,60,,,9,30,9,13,13
2023-05-31T18:55:00-05:00,46,21,17,25,9,21,21,17,9,13,13,9,58,,,21,25,13,13,13
2023-05-31T18:55:30-05:00,46,17,17,25,9,21,25,21,9,13,13,9,60,,,9,25,9,13,13
2023-05-31T18:56:00-05:00,46,17,17,25,9,21,25,17,13,17,,9,58,,,9,25,9,17,13
2023-05-31T18:56:30-05:00,46,21,17,46,9,17,25,17,13,17,30,9,60,,,9,25,9,17,13
2023-05-31T18:57:00-05:00,46,21,17,38,9,17,21,17,13,17,13,9,60,,,5,25,9,17,13
2023-05-31T18:57:30-05:00,46,21,17,38,9,17,25,17,9,17,17,9,55,,,9,25,5,21,13
2023-05-31T18:58:00-05:00,46,21,17,34,9,17,25,17,9,17,13,9,53,,,9,25,13,17,13
2023-05-31T18:58:30-05:00,46,25,17,38,9,13,30,17,9,21,9,9,58,,,9,21,9,21,13
2023-05-31T18:59:00-05:00,46,21,17,34,13,17,25,21,9,17,9,9,55,,,9,25,13,17,13
2023-05-31T18:59:30-05:00,46,21,13,38,9,17,25,17,9,17,13,9,55,,,5,30,9,13,13
2023-05-31T19:00:00-05:00,46,21,17,34,9,17,25,17,9,17,13,9,55,,,9,30,13,21,13
2023-05-31T19:00:30-05:00,46,21,13,30,9,17,25,21,9,17,13,9,53,,,5,25,17,21,13
2023-05-31T19:01:00-05:00,46,21,17,30,9,17,30,17,9,17,13,5,53,,,9,25,17,25,13
2023-05-31T19:01:30-05:00,46,21,17,38,9,13,30,17,9,17,9,9,53,,,9,21,13,17,13
2023-05-31T19:02:00-05:00,46,25,17,34,9,13,30,17,9,17,13,9,46,,,9,25,9,17,13
2023-05-31T19:02:30-05:00,46,25,17,30,9,17,25,17,9,17,9,9,42,,,9,25,9,17,13
2023-05-31T19:03:00-05:00,46,25,17,30,9,13,25,17,9,17,13,9,46,25,25,9,25,9,21,13
2023-05-31T19:03:00-05:00,46,25,17,30,9,13,25,17,9,17,13,9,46,25,25,9,25,9,21,13
2023-05-31T19:03:00-05:00,46,25,17,30,9,13,25,17,9,17,13,9,46,25,25,9,25,9,21,13
2023-05-31T19:03:00-05:00,46,25,17,30,9,13,25,17,9,17,13,9,46,25,25,9,25,9,21,13
2023-05-31T19:03:30-05:00,46,25,17,30,9,17,21,13,9,17,13,9,46,,,5,25,9,17,13
2023-05-31T19:03:30-05:00,46,25,17,30,9,17,21,13,9,17,13,9,46,,,5,25,9,17,13
2023-05-31T19:03:30-05:00,46,25,17,30,9,17,21,13,9,17,13,9,46,,,5,25,9,17,13
2023-05-31T19:03:30-05:00,46,25,17,30,9,17,21,13,9,17,13,9,46,,,5,25,9,17,13
2023-05-31T19:04:00-05:00,46,21,17,30,13,17,25,17,9,17,13,9,46,25,25,5,25,9,17,13
2023-05-31T19:04:00-05:00,46,21,17,30,13,17,25,17,9,17,13,9,46,25,25,5,25,9,17,13
2023-05-31T19:04:00-05:00,46,21,17,30,13,17,25,17,9,17,13,9,46,25,25,5,25,9,17,13
2023-05-31T19:04:00-05:00,46,21,17,30,13,17,25,17,9,17,13,9,46,25,25,5,25,9,17,13
2023-05-31T19:05:00-05:00,46,21,13,30,9,13,21,17,9,17,9,13,42,25,25,13,25,17,17,13
2023-05-31T19:05:00-05:00,46,21,13,30,9,13,21,17,9,17,9,13,42,25,25,13,25,17,17,13
2023-05-31T19:05:00-05:00,46,21,13,30,9,13,21,17,9,17,9,13,42,25,25,13,25,17,17,13
2023-05-31T19:05:00-05:00,46,21,13,30,9,13,21,17,9,17,9,13,42,25,25,13,25,17,17,13
2023-05-31T19:05:30-05:00,46,21,17,34,9,13,21,17,9,17,9,13,42,25,25,9,25,5,17,13
2023-05-31T19:05:30-05:00,46,21,17,34,9,13,21,17,9,17,9,13,42,25,25,9,25,5,17,13
2023-05-31T19:05:30-05:00,46,21,17,34,9,13,21,17,9,17,9,13,42,25,25,9,25,5,17,13
2023-05-31T19:05:30-05:00,46,21,17,34,9,13,21,17,9,17,9,13,42,25,25,9,25,5,17,13
2023-05-31T19:06:00-05:00,46,21,21,30,9,13,21,17,9,21,9,,38,25,25,9,25,5,17,13
2023-05-31T19:06:00-05:00,46,21,21,30,9,13,21,17,9,21,9,,38,25,25,9,25,5,17,13
2023-05-31T19:06:00-05:00,46,21,21,30,9,13,21,17,9,21,9,,38,25,25,9,25,5,17,13
2023-05-31T19:06:00-05:00,46,21,21,30,9,13,21,17,9,21,9,,38,25,25,9,25,5,17,13
2023-05-31T19:06:30-05:00,46,25,21,30,9,13,21,17,9,17,17,13,38,25,25,5,25,13,17,13
2023-05-31T19:06:30-05:00,46,25,21,30,9,13,21,17,9,17,17,13,38,25,25,5,25,13,17,13
2023-05-31T19:06:30-05:00,46,25,21,30,9,13,21,17,9,17,17,13,38,25,25,5,25,13,17,13
2023-05-31T19:06:30-05:00,46,25,21,30,9,13,21,17,9,17,17,13,38,25,25,5,25,13,17,13
2023-05-31T19:07:00-05:00,46,21,17,30,13,13,17,17,9,17,13,9,42,25,25,9,25,9,17,13
2023-05-31T19:07:00-05:00,46,21,17,30,13,13,17,17,9,17,13,9,42,25,25,9,25,9,17,13
2023-05-31T19:07:00-05:00,46,21,17,30,13,13,17,17,9,17,13,9,42,25,25,9,25,9,17,13
2023-05-31T19:07:00-05:00,46,21,17,30,13,13,17,17,9,17,13,9,42,25,25,9,25,9,17,13
2023-05-31T19:07:30-05:00,46,25,17,53,9,13,21,17,9,17,13,9,38,,,5,25,9,17,13
2023-05-31T19:07:30-05:00,46,25,17,53,9,13,21,17,9,17,13,9,38,,,5,25,9,17,13
2023-05-31T19:07:30-05:00,46,25,17,53,9,13,21,17,9,17,13,9,38,,,5,25,9,17,13
2023-05-31T19:07:30-05:00,46,25,17,53,9,13,21,17,9,17,13,9,38,,,5,25,9,17,13
2023-05-31T19:08:00-05:00,46,21,17,46,9,13,21,17,9,17,9,9,42,25,25,5,25,9,17,
2023-05-31T19:08:00-05:00,46,21,17,46,9,13,21,17,9,17,9,9,42,25,25,5,25,9,17,
2023-05-31T19:08:00-05:00,46,21,17,46,9,13,21,17,9,17,9,9,42,25,25,5,25,9,17,
2023-05-31T19:08:00-05:00,46,21,17,46,9,13,21,17,9,17,9,9,42,25,25,5,25,9,17,
2023-05-31T19:08:30-05:00,46,25,17,38,9,13,21,17,9,21,13,13,38,25,25,5,25,13,17,13
2023-05-31T19:08:30-05:00,46,25,17,38,9,13,21,17,9,21,13,13,38,25,25,5,25,13,17,13
2023-05-31T19:08:30-05:00,46,25,17,38,9,13,21,17,9,21,13,13,38,25,25,5,25,13,17,13
2023-05-31T19:08:30-05:00,46,25,17,38,9,13,21,17,9,21,13,13,38,25,25,5,25,13,17,13
2023-05-31T19:09:00-05:00,46,25,17,38,9,13,25,17,9,17,13,,42,25,25,5,21,9,17,13
2023-05-31T19:09:00-05:00,46,25,17,38,9,13,25,17,9,17,13,,42,25,25,5,21,9,17,13
2023-05-31T19:09:00-05:00,46,25,17,38,9,13,25,17,9,17,13,,42,25,25,5,21,9,17,13
2023-05-31T19:09:00-05:00,46,25,17,38,9,13,25,17,9,17,13,,42,25,25,5,21,9,17,13
2023-05-31T19:09:30-05:00,46,21,17,50,9,17,21,17,9,17,13,17,50,,,42,21,9,17,13
2023-05-31T19:09:30-05:00,46,21,17,50,9,17,21,17,9,17,13,17,50,,,42,21,9,17,13
2023-05-31T19:09:30-05:00,46,21,17,50,9,17,21,17,9,17,13,17,50,,,42,21,9,17,13
2023-05-31T19:09:30-05:00,46,21,17,50,9,17,21,17,9,17,13,17,50,,,42,21,9,17,13
