DATETIME,TANGARA_DD66,TANGARA_25CE,TANGARA_260A,TANGARA_4B1A,TANGARA_65F2,TANGARA_1282,TANGARA_14D6,TANGARA_1A1E,TANGARA_1EE6,TANGARA_2492,TANGARA_2B42,TANGARA_2E9A,TANGARA_2FF6,TANGARA_F212,TANGARA_1712,TANGARA_48C6,TANGARA_F1AE,TANGARA_06BE
2023-05-11T12:28:00-05:00,11.0,22.0,54.0,,51.0,17.0,13.0,17.0,28.0,24.0,,27.0,20.0,41.0,28.0,15.0,11.0,20.0
2023-05-11T12:28:30-05:00,11.0,23.0,52.0,,56.0,16.0,13.0,18.0,26.0,24.0,,26.0,21.0,45.0,28.0,13.0,13.0,21.0
2023-05-11T12:29:00-05:00,11.0,25.0,52.0,,54.0,17.0,14.0,16.0,26.0,24.0,,25.0,21.0,45.0,28.0,14.0,14.0,21.0
2023-05-11T12:29:30-05:00,11.0,25.0,51.0,49.0,56.0,15.0,14.0,17.0,27.0,24.0,,23.0,21.0,45.0,29.0,16.0,14.0,20.0
2023-05-11T12:30:00-05:00,11.0,24.0,50.0,50.0,56.0,16.0,14.0,17.0,27.0,24.0,,25.0,20.0,46.0,29.0,12.0,12.0,20.0
2023-05-11T12:30:30-05:00,11.0,26.0,50.0,53.0,56.0,17.0,14.0,18.0,27.0,25.0,,23.0,20.0,43.0,27.0,12.0,12.0,19.0
2023-05-11T12:31:00-05:00,11.0,24.0,51.0,50.0,53.0,16.0,14.0,18.0,28.0,25.0,,25.0,21.0,44.0,26.0,16.0,11.0,20.0
2023-05-11T12:31:30-05:00,11.0,24.0,50.0,47.0,51.0,16.0,14.0,18.0,30.0,24.0,,24.0,21.0,44.0,27.0,16.0,,19.0
2023-05-11T12:32:00-05:00,11.0,23.0,50.0,51.0,51.0,17.0,14.0,18.0,29.0,23.0,,23.0,20.0,40.0,27.0,17.0,12.0,20.0
2023-05-11T12:32:30-05:00,11.0,24.0,47.0,48.0,51.0,18.0,14.0,18.0,30.0,25.0,,24.0,20.0,42.0,26.0,18.0,11.0,19.0
2023-05-11T12:33:00-05:00,11.0,24.0,49.0,47.0,51.0,16.0,13.0,17.0,29.0,25.0,,24.0,20.0,40.0,25.0,12.0,11.0,19.0
2023-05-11T12:33:30-05:00,11.0,25.0,49.0,49.0,49.0,16.0,13.0,18.0,27.0,25.0,,25.0,20.0,42.0,24.0,14.0,13.0,21.0
2023-05-11T12:34:00-05:00,11.0,24.0,46.0,49.0,48.0,17.0,15.0,17.0,28.0,23.0,,23.0,21.0,41.0,25.0,14.0,12.0,19.0
2023-05-11T12:34:30-05:00,11.0,23.0,50.0,45.0,49.0,17.0,14.0,18.0,31.0,25.0,,23.0,20.0,41.0,25.0,13.0,13.0,17.0
2023-05-11T12:35:00-05:00,11.0,23.0,48.0,44.0,50.0,17.0,16.0,17.0,28.0,25.0,,23.0,20.0,41.0,24.0,12.0,13.0,19.0
2023-05-11T12:35:30-05:00,11.0,23.0,47.0,45.0,51.0,18.0,16.0,17.0,27.0,23.0,,22.0,20.0,40.0,25.0,13.0,14.0,18.0
2023-05-11T12:36:00-05:00,11.0,23.0,45.0,47.0,51.0,19.0,14.0,16.0,27.0,23.0,,24.0,21.0,41.0,24.0,14.0,13.0,17.0
2023-05-11T12:36:30-05:00,11.0,24.0,44.0,45.0,48.0,19.0,,16.0,27.0,23.0,,23.0,20.0,38.0,25.0,14.0,13.0,18.0
2023-05-11T12:37:00-05:00,11.0,22.0,45.0,44.0,46.0,19.0,14.0,17.0,28.0,24.0,,22.0,20.0,38.0,26.0,13.0,13.0,19.0
2023-05-11T12:37:30-05:00,11.0,23.0,44.0,44.0,48.0,19.0,14.0,17.0,27.0,25.0,,23.0,20.0,39.0,26.0,15.0,13.0,19.0
2023-05-11T12:38:00-05:00,11.0,24.0,44.0,43.0,47.0,16.0,14.0,16.0,28.0,24.0,,22.0,20.0,38.0,24.0,17.0,12.0,20.0
2023-05-11T12:38:30-05:00,11.0,23.0,45.0,44.0,47.0,18.0,17.0,16.0,26.0,24.0,,22.0,19.0,38.0,24.0,13.0,13.0,20.0
2023-05-11T12:39:00-05:00,11.0,22.0,46.0,45.0,48.0,17.0,16.0,16.0,27.0,24.0,,22.0,20.0,37.0,24.0,14.0,15.0,20.0
2023-05-11T12:39:30-05:00,11.0,22.0,45.0,44.0,49.0,18.0,16.0,16.0,27.0,24.0,,21.0,20.0,37.0,25.0,13.0,14.0,19.0
2023-05-11T12:40:30-05:00,11.0,23.0,46.0,43.0,49.0,20.0,15.0,17.0,28.0,23.0,,22.0,20.0,37.0,26.0,15.0,16.0,19.0
2023-05-11T12:41:00-05:00,11.0,23.0,45.0,44.0,48.0,20.0,15.0,17.0,28.0,23.0,,19.0,20.0,36.0,26.0,13.0,14.0,19.0
2023-05-11T12:41:30-05:00,11.0,22.0,44.0,44.0,50.0,18.0,15.0,17.0,27.0,22.0,,19.0,20.0,38.0,25.0,15.0,14.0,20.0
2023-05-11T12:42:00-05:00,11.0,22.0,45.0,44.0,50.0,18.0,15.0,17.0,29.0,22.0,,20.0,20.0,38.0,26.0,10.0,12.0,21.0
2023-05-11T12:42:30-05:00,11.0,22.0,47.0,43.0,50.0,19.0,15.0,17.0,26.0,24.0,,22.0,20.0,38.0,28.0,9.0,14.0,19.0
2023-05-11T12:43:00-05:00,11.0,23.0,46.0,42.0,49.0,20.0,16.0,17.0,27.0,22.0,,20.0,21.0,35.0,28.0,12.0,14.0,20.0
2023-05-11T12:43:30-05:00,11.0,22.0,44.0,43.0,47.0,19.0,16.0,19.0,27.0,22.0,,21.0,21.0,37.0,27.0,11.0,14.0,20.0
2023-05-11T12:44:00-05:00,11.0,22.0,42.0,40.0,46.0,18.0,16.0,18.0,27.0,23.0,,22.0,21.0,37.0,26.0,11.0,14.0,20.0
2023-05-11T12:44:30-05:00,11.0,22.0,44.0,43.0,45.0,18.0,17.0,17.0,27.0,23.0,,21.0,20.0,36.0,26.0,11.0,14.0,20.0
2023-05-11T12:45:00-05:00,11.0,22.0,43.0,41.0,44.0,18.0,15.0,17.0,27.0,22.0,,20.0,20.0,34.0,25.0,10.0,15.0,20.0
2023-05-11T12:45:30-05:00,11.0,23.0,42.0,42.0,45.0,20.0,15.0,17.0,28.0,22.0,,19.0,20.0,36.0,26.0,10.0,14.0,20.0
2023-05-11T12:46:00-05:00,11.0,24.0,41.0,40.0,46.0,20.0,15.0,16.0,26.0,22.0,,20.0,19.0,35.0,26.0,10.0,15.0,21.0
2023-05-11T12:46:30-05:00,11.0,23.0,42.0,41.0,45.0,18.0,15.0,17.0,24.0,24.0,,19.0,18.0,36.0,27.0,11.0,13.0,20.0
2023-05-11T12:47:00-05:00,11.0,22.0,40.0,38.0,45.0,18.0,15.0,15.0,27.0,22.0,,20.0,18.0,35.0,26.0,10.0,14.0,19.0
2023-05-11T12:47:30-05:00,11.0,23.0,41.0,38.0,45.0,16.0,15.0,16.0,26.0,22.0,,23.0,19.0,33.0,26.0,11.0,14.0,19.0
2023-05-11T12:48:00-05:00,11.0,23.0,41.0,39.0,43.0,17.0,15.0,17.0,26.0,21.0,,22.0,19.0,30.0,27.0,12.0,14.0,19.0
2023-05-11T12:48:30-05:00,11.0,23.0,40.0,39.0,42.0,17.0,15.0,18.0,28.0,22.0,,20.0,20.0,30.0,26.0,12.0,15.0,19.0
2023-05-11T12:49:00-05:00,11.0,22.0,41.0,42.0,41.0,17.0,15.0,18.0,27.0,22.0,,28.0,20.0,33.0,27.0,10.0,14.0,20.0
2023-05-11T12:49:30-05:00,11.0,23.0,40.0,40.0,41.0,14.0,27.0,18.0,28.0,22.0,,22.0,19.0,33.0,27.0,11.0,16.0,18.0
2023-05-11T12:50:00-05:00,11.0,21.0,40.0,36.0,41.0,14.0,17.0,17.0,28.0,22.0,,23.0,20.0,34.0,27.0,10.0,14.0,18.0
2023-05-11T12:50:30-05:00,11.0,20.0,37.0,37.0,41.0,15.0,15.0,17.0,28.0,22.0,,23.0,18.0,33.0,26.0,11.0,16.0,19.0
2023-05-11T12:51:00-05:00,11.0,21.0,38.0,37.0,38.0,17.0,16.0,17.0,28.0,22.0,,21.0,19.0,34.0,27.0,11.0,17.0,21.0
2023-05-11T12:51:30-05:00,11.0,21.0,37.0,36.0,39.0,17.0,17.0,16.0,28.0,23.0,,21.0,20.0,32.0,26.0,13.0,15.0,20.0
2023-05-11T12:52:00-05:00,11.0,20.0,35.0,36.0,40.0,16.0,16.0,18.0,26.0,22.0,,20.0,20.0,31.0,28.0,14.0,17.0,20.0
2023-05-11T12:52:30-05:00,11.0,21.0,35.0,36.0,38.0,15.0,16.0,19.0,27.0,22.0,,21.0,21.0,32.0,26.0,11.0,13.0,21.0
2023-05-11T12:53:00-05:00,11.0,20.0,36.0,36.0,38.0,16.0,16.0,18.0,28.0,22.0,,20.0,20.0,33.0,27.0,9.0,11.0,21.0
2023-05-11T12:53:30-05:00,11.0,19.0,38.0,39.0,38.0,16.0,14.0,18.0,27.0,21.0,,20.0,20.0,33.0,26.0,10.0,13.0,21.0
2023-05-11T12:54:30-05:00,11.0,21.0,39.0,36.0,41.0,18.0,16.0,18.0,25.0,24.0,,19.0,20.0,31.0,24.0,11.0,11.0,23.0
2023-05-11T12:55:00-05:00,11.0,20.0,38.0,36.0,40.0,18.0,18.0,19.0,25.0,23.0,,20.0,19.0,35.0,24.0,11.0,12.0,23.0
2023-05-11T12:55:30-05:00,11.0,22.0,38.0,37.0,40.0,18.0,15.0,17.0,24.0,23.0,,19.0,19.0,33.0,24.0,9.0,14.0,21.0
2023-05-11T12:56:00-05:00,11.0,21.0,40.0,38.0,41.0,19.0,15.0,18.0,24.0,22.0,,20.0,20.0,33.0,23.0,10.0,13.0,21.0
2023-05-11T12:56:30-05:00,11.0,20.0,39.0,37.0,43.0,18.0,15.0,20.0,23.0,23.0,,21.0,20.0,33.0,24.0,10.0,11.0,19.0
2023-05-11T12:57:00-05:00,11.0,20.0,38.0,35.0,41.0,18.0,26.0,18.0,24.0,22.0,,21.0,21.0,34.0,,13.0,12.0,20.0
2023-05-11T12:57:30-05:00,11.0,21.0,39.0,37.0,42.0,19.0,16.0,17.0,23.0,23.0,,20.0,20.0,32.0,24.0,10.0,13.0,20.0
2023-05-11T12:58:00-05:00,11.0,21.0,38.0,37.0,42.0,20.0,15.0,19.0,23.0,22.0,,19.0,20.0,32.0,24.0,10.0,13.0,20.0
2023-05-11T12:58:30-05:00,11.0,21.0,37.0,36.0,43.0,20.0,14.0,18.0,23.0,21.0,,21.0,21.0,33.0,23.0,10.0,13.0,20.0
2023-05-11T12:59:00-05:00,11.0,21.0,37.0,36.0,42.0,,,,24.0,,,,22.0,32.0,23.0,,13.0,
2023-05-11T12:59:30-05:00,11.0,22.0,38.0,36.0,39.0,,,,23.0,,,,22.0,32.0,22.0,,14.0,
2023-05-11T13:00:00-05:00,11.0,21.0,37.0,36.0,41.0,,,,25.0,,,,21.0,31.0,22.0,,14.0,
2023-05-11T13:00:30-05:00,11.0,22.0,38.0,35.0,41.0,13.0,239.0,23.0,24.0,24.0,,25.0,19.0,32.0,23.0,0.0,13.0,15.0
2023-05-11T13:01:00-05:00,11.0,22.0,39.0,35.0,39.0,19.0,274.0,17.0,24.0,23.0,,22.0,20.0,30.0,23.0,9.0,13.0,18.0
2023-05-11T13:01:30-05:00,11.0,22.0,37.0,35.0,39.0,21.0,36.0,20.0,25.0,23.0,,22.0,20.0,32.0,23.0,10.0,13.0,20.0
2023-05-11T13:02:00-05:00,11.0,22.0,36.0,36.0,39.0,19.0,37.0,19.0,25.0,23.0,,20.0,20.0,30.0,23.0,10.0,12.0,20.0
2023-05-11T13:02:30-05:00,11.0,22.0,37.0,34.0,39.0,20.0,15.0,19.0,24.0,23.0,,20.0,18.0,32.0,22.0,9.0,13.0,21.0
2023-05-11T13:03:00-05:00,11.0,29.0,37.0,33.0,37.0,20.0,16.0,19.0,24.0,25.0,,20.0,19.0,31.0,22.0,11.0,12.0,19.0
2023-05-11T13:03:30-05:00,11.0,23.0,35.0,33.0,37.0,20.0,14.0,22.0,25.0,24.0,,20.0,20.0,30.0,23.0,10.0,13.0,20.0
2023-05-11T13:04:00-05:00,11.0,20.0,35.0,33.0,37.0,20.0,14.0,18.0,24.0,23.0,,20.0,21.0,30.0,23.0,10.0,12.0,18.0
2023-05-11T13:04:30-05:00,11.0,20.0,34.0,33.0,38.0,20.0,14.0,18.0,26.0,22.0,,20.0,21.0,30.0,23.0,12.0,13.0,18.0
2023-05-11T13:05:00-05:00,11.0,20.0,33.0,33.0,37.0,19.0,14.0,19.0,24.0,23.0,,19.0,20.0,31.0,23.0,11.0,11.0,19.0
2023-05-11T13:05:30-05:00,11.0,21.0,36.0,34.0,40.0,19.0,14.0,19.0,25.0,22.0,,19.0,20.0,31.0,23.0,13.0,13.0,20.0
2023-05-11T13:06:00-05:00,11.0,21.0,34.0,31.0,40.0,20.0,16.0,19.0,26.0,23.0,,20.0,,29.0,22.0,12.0,13.0,21.0
2023-05-11T13:06:30-05:00,11.0,21.0,38.0,32.0,39.0,21.0,19.0,19.0,25.0,23.0,,20.0,20.0,28.0,24.0,14.0,13.0,22.0
2023-05-11T13:07:30-05:00,11.0,20.0,36.0,34.0,37.0,21.0,26.0,18.0,23.0,22.0,,19.0,20.0,31.0,24.0,13.0,12.0,21.0
2023-05-11T13:08:00-05:00,11.0,20.0,35.0,31.0,37.0,19.0,16.0,20.0,25.0,22.0,,19.0,19.0,29.0,23.0,9.0,11.0,21.0
2023-05-11T13:08:30-05:00,11.0,19.0,34.0,31.0,37.0,19.0,14.0,20.0,25.0,22.0,,19.0,20.0,30.0,23.0,12.0,11.0,19.0
2023-05-11T13:09:00-05:00,11.0,19.0,36.0,30.0,37.0,21.0,14.0,20.0,25.0,22.0,,19.0,20.0,29.0,23.0,12.0,11.0,19.0
2023-05-11T13:09:30-05:00,11.0,19.0,36.0,30.0,38.0,20.0,15.0,20.0,26.0,21.0,,19.0,20.0,30.0,23.0,11.0,10.0,19.0
2023-05-11T13:10:00-05:00,11.0,19.0,36.0,33.0,39.0,18.0,123.0,19.0,26.0,21.0,,20.0,20.0,28.0,21.0,11.0,12.0,18.0
2023-05-11T13:10:30-05:00,11.0,19.0,35.0,32.0,39.0,20.0,16.0,19.0,25.0,20.0,,20.0,21.0,29.0,23.0,10.0,11.0,19.0
2023-05-11T13:11:00-05:00,11.0,18.0,35.0,33.0,38.0,19.0,118.0,19.0,24.0,21.0,,20.0,20.0,29.0,23.0,12.0,11.0,18.0
2023-05-11T13:11:30-05:00,11.0,21.0,36.0,33.0,38.0,21.0,34.0,18.0,25.0,22.0,,19.0,20.0,29.0,24.0,11.0,11.0,18.0
2023-05-11T13:12:00-05:00,11.0,20.0,35.0,32.0,37.0,21.0,14.0,18.0,26.0,22.0,,20.0,20.0,27.0,23.0,11.0,13.0,19.0
2023-05-11T13:12:30-05:00,11.0,20.0,36.0,33.0,37.0,20.0,15.0,19.0,25.0,21.0,,20.0,21.0,29.0,24.0,11.0,12.0,18.0
2023-05-11T13:13:00-05:00,11.0,20.0,35.0,33.0,39.0,23.0,16.0,18.0,24.0,22.0,,21.0,20.0,30.0,23.0,11.0,12.0,19.0
2023-05-11T13:13:30-05:00,11.0,20.0,37.0,33.0,37.0,25.0,16.0,18.0,25.0,20.0,,21.0,22.0,28.0,23.0,12.0,11.0,19.0
2023-05-11T13:14:00-05:00,11.0,20.0,36.0,32.0,38.0,22.0,15.0,20.0,25.0,21.0,,20.0,21.0,28.0,24.0,8.0,11.0,18.0
2023-05-11T13:14:30-05:00,11.0,21.0,35.0,32.0,37.0,22.0,14.0,20.0,26.0,21.0,25.0,20.0,21.0,30.0,23.0,13.0,12.0,19.0
2023-05-11T13:15:00-05:00,11.0,22.0,34.0,35.0,36.0,25.0,15.0,20.0,25.0,20.0,25.0,20.0,19.0,30.0,23.0,11.0,12.0,20.0
2023-05-11T13:15:30-05:00,11.0,21.0,33.0,31.0,36.0,24.0,14.0,21.0,25.0,19.0,25.0,20.0,19.0,29.0,22.0,11.0,13.0,18.0
2023-05-11T13:16:00-05:00,11.0,21.0,35.0,31.0,35.0,23.0,14.0,18.0,25.0,21.0,,20.0,20.0,29.0,21.0,11.0,11.0,19.0
2023-05-11T13:16:30-05:00,11.0,20.0,33.0,29.0,35.0,21.0,14.0,19.0,25.0,22.0,,22.0,19.0,27.0,23.0,12.0,11.0,20.0
2023-05-11T13:17:00-05:00,11.0,21.0,35.0,30.0,37.0,21.0,218.0,18.0,25.0,21.0,,21.0,20.0,27.0,23.0,12.0,11.0,19.0
2023-05-11T13:17:30-05:00,11.0,20.0,33.0,31.0,37.0,19.0,17.0,19.0,26.0,22.0,,22.0,20.0,27.0,21.0,15.0,10.0,18.0
2023-05-11T13:18:00-05:00,11.0,19.0,32.0,30.0,35.0,20.0,16.0,20.0,26.0,22.0,,21.0,21.0,27.0,20.0,10.0,11.0,18.0
2023-05-11T13:18:30-05:00,11.0,21.0,32.0,30.0,35.0,20.0,15.0,19.0,26.0,22.0,,21.0,21.0,27.0,22.0,12.0,12.0,19.0
2023-05-11T13:19:00-05:00,11.0,21.0,34.0,30.0,35.0,20.0,15.0,19.0,25.0,21.0,,22.0,22.0,28.0,23.0,10.0,13.0,19.0
2023-05-11T13:19:30-05:00,11.0,21.0,35.0,31.0,36.0,19.0,15.0,19.0,25.0,20.0,,21.0,21.0,29.0,21.0,9.0,11.0,19.0
2023-05-11T13:20:30-05:00,11.0,20.0,33.0,33.0,36.0,19.0,13.0,20.0,24.0,20.0,,21.0,20.0,27.0,19.0,11.0,11.0,19.0
2023-05-11T13:21:00-05:00,11.0,20.0,33.0,31.0,36.0,22.0,14.0,19.0,24.0,19.0,,20.0,19.0,27.0,19.0,12.0,11.0,19.0
2023-05-11T13:21:30-05:00,11.0,19.0,33.0,29.0,34.0,23.0,14.0,19.0,24.0,21.0,,20.0,20.0,27.0,20.0,9.0,11.0,20.0
2023-05-11T13:22:00-05:00,11.0,18.0,32.0,29.0,34.0,23.0,13.0,20.0,24.0,20.0,,20.0,20.0,26.0,21.0,14.0,,19.0
2023-05-11T13:22:30-05:00,11.0,18.0,33.0,29.0,33.0,18.0,14.0,18.0,26.0,20.0,,20.0,21.0,25.0,19.0,11.0,10.0,20.0
2023-05-11T13:23:00-05:00,11.0,18.0,31.0,31.0,33.0,20.0,15.0,19.0,23.0,20.0,,20.0,19.0,27.0,19.0,13.0,10.0,19.0
2023-05-11T13:23:30-05:00,11.0,19.0,32.0,29.0,34.0,19.0,14.0,18.0,24.0,21.0,,21.0,19.0,25.0,19.0,10.0,11.0,20.0
2023-05-11T13:24:00-05:00,11.0,18.0,31.0,30.0,32.0,19.0,14.0,19.0,24.0,19.0,,20.0,20.0,26.0,20.0,13.0,12.0,21.0
2023-05-11T13:24:30-05:00,11.0,18.0,32.0,29.0,35.0,19.0,14.0,17.0,25.0,20.0,,21.0,20.0,26.0,21.0,13.0,11.0,20.0
2023-05-11T13:25:00-05:00,11.0,20.0,32.0,28.0,33.0,19.0,15.0,18.0,24.0,20.0,,21.0,21.0,27.0,19.0,12.0,11.0,19.0
2023-05-11T13:25:30-05:00,11.0,20.0,31.0,28.0,35.0,20.0,14.0,19.0,24.0,21.0,,21.0,20.0,27.0,20.0,10.0,12.0,19.0
2023-05-11T13:26:00-05:00,11.0,19.0,32.0,29.0,32.0,19.0,14.0,19.0,24.0,20.0,,22.0,19.0,26.0,20.0,11.0,10.0,18.0
2023-05-11T13:26:30-05:00,11.0,19.0,32.0,27.0,32.0,19.0,13.0,19.0,25.0,22.0,,22.0,20.0,26.0,19.0,12.0,12.0,18.0
2023-05-11T13:27:00-05:00,11.0,19.0,32.0,27.0,31.0,19.0,,19.0,25.0,20.0,,22.0,20.0,26.0,18.0,13.0,10.0,19.0
2023-05-11T13:27:30-05:00,11.0,19.0,30.0,26.0,31.0,19.0,13.0,18.0,26.0,19.0,,20.0,19.0,25.0,18.0,15.0,10.0,20.0
2023-05-11T13:28:00-05:00,11.0,19.0,33.0,28.0,31.0,18.0,14.0,18.0,23.0,18.0,,21.0,19.0,25.0,18.0,13.0,11.0,19.0
2023-05-11T13:28:30-05:00,11.0,25.0,32.0,27.0,32.0,18.0,14.0,18.0,22.0,20.0,,21.0,19.0,26.0,18.0,10.0,11.0,20.0
2023-05-11T13:29:00-05:00,11.0,21.0,31.0,27.0,32.0,19.0,14.0,19.0,24.0,21.0,,20.0,20.0,26.0,18.0,10.0,10.0,20.0
2023-05-11T13:29:30-05:00,11.0,19.0,31.0,28.0,33.0,19.0,14.0,19.0,24.0,21.0,,21.0,19.0,25.0,19.0,12.0,11.0,19.0
2023-05-11T13:30:00-05:00,11.0,20.0,31.0,27.0,34.0,20.0,13.0,18.0,24.0,22.0,,20.0,20.0,24.0,19.0,12.0,11.0,18.0
2023-05-11T13:30:30-05:00,11.0,20.0,30.0,29.0,33.0,18.0,14.0,18.0,25.0,22.0,,22.0,19.0,25.0,20.0,12.0,11.0,19.0
2023-05-11T13:31:00-05:00,11.0,19.0,30.0,27.0,33.0,19.0,14.0,18.0,24.0,19.0,,21.0,19.0,24.0,19.0,12.0,11.0,18.0
2023-05-11T13:31:30-05:00,11.0,20.0,29.0,28.0,32.0,17.0,14.0,16.0,24.0,21.0,,19.0,19.0,25.0,19.0,10.0,,18.0
2023-05-11T13:32:30-05:00,11.0,19.0,30.0,29.0,31.0,17.0,14.0,16.0,23.0,19.0,,21.0,19.0,26.0,17.0,11.0,11.0,19.0
2023-05-11T13:33:00-05:00,11.0,18.0,29.0,27.0,32.0,17.0,13.0,18.0,23.0,20.0,,21.0,19.0,26.0,18.0,11.0,11.0,19.0
2023-05-11T13:33:30-05:00,11.0,18.0,30.0,27.0,33.0,17.0,14.0,18.0,23.0,19.0,,21.0,19.0,26.0,20.0,13.0,11.0,19.0
2023-05-11T13:34:00-05:00,11.0,23.0,31.0,27.0,32.0,18.0,13.0,16.0,24.0,19.0,,21.0,19.0,26.0,18.0,12.0,11.0,18.0
2023-05-11T13:34:30-05:00,11.0,28.0,29.0,29.0,33.0,18.0,14.0,15.0,23.0,20.0,,21.0,19.0,24.0,18.0,11.0,11.0,18.0
2023-05-11T13:35:00-05:00,11.0,22.0,31.0,27.0,30.0,18.0,13.0,15.0,24.0,19.0,,20.0,19.0,25.0,19.0,14.0,11.0,19.0
2023-05-11T13:35:30-05:00,11.0,21.0,30.0,28.0,31.0,17.0,13.0,15.0,25.0,18.0,,21.0,19.0,26.0,18.0,11.0,12.0,19.0
2023-05-11T13:36:00-05:00,11.0,20.0,29.0,28.0,32.0,17.0,13.0,14.0,24.0,19.0,,21.0,18.0,25.0,19.0,14.0,11.0,20.0
2023-05-11T13:36:30-05:00,11.0,19.0,31.0,28.0,32.0,17.0,13.0,15.0,24.0,19.0,,21.0,20.0,25.0,20.0,11.0,9.0,20.0
2023-05-11T13:37:00-05:00,11.0,18.0,32.0,30.0,31.0,17.0,13.0,15.0,27.0,18.0,,27.0,19.0,26.0,20.0,11.0,10.0,19.0
2023-05-11T13:37:30-05:00,11.0,18.0,31.0,29.0,31.0,17.0,12.0,14.0,24.0,19.0,,25.0,19.0,25.0,20.0,11.0,9.0,19.0
2023-05-11T13:38:00-05:00,11.0,19.0,30.0,29.0,31.0,17.0,13.0,14.0,24.0,19.0,,22.0,18.0,25.0,19.0,11.0,10.0,20.0
2023-05-11T13:38:30-05:00,11.0,21.0,30.0,26.0,31.0,18.0,13.0,14.0,23.0,19.0,21.0,24.0,19.0,25.0,18.0,11.0,10.0,19.0
2023-05-11T13:39:00-05:00,11.0,18.0,31.0,28.0,32.0,17.0,13.0,15.0,23.0,19.0,21.0,23.0,18.0,24.0,19.0,11.0,11.0,18.0
2023-05-11T13:39:30-05:00,11.0,21.0,28.0,27.0,31.0,16.0,13.0,14.0,24.0,18.0,,22.0,19.0,25.0,17.0,11.0,10.0,18.0
2023-05-11T13:40:00-05:00,11.0,18.0,29.0,27.0,29.0,16.0,11.0,14.0,23.0,18.0,,21.0,19.0,25.0,18.0,12.0,10.0,18.0
2023-05-11T13:40:30-05:00,11.0,18.0,29.0,25.0,29.0,16.0,12.0,15.0,24.0,18.0,,21.0,19.0,24.0,16.0,11.0,10.0,18.0
2023-05-11T13:41:00-05:00,11.0,17.0,28.0,27.0,32.0,18.0,13.0,15.0,24.0,19.0,,21.0,19.0,24.0,18.0,10.0,10.0,17.0
2023-05-11T13:41:30-05:00,11.0,18.0,31.0,25.0,31.0,18.0,13.0,17.0,24.0,19.0,,22.0,19.0,23.0,17.0,11.0,10.0,18.0
2023-05-11T13:42:00-05:00,11.0,19.0,29.0,25.0,31.0,17.0,12.0,16.0,23.0,20.0,,21.0,18.0,23.0,18.0,14.0,10.0,18.0
2023-05-11T13:42:30-05:00,11.0,18.0,29.0,26.0,28.0,17.0,13.0,17.0,24.0,19.0,,22.0,18.0,24.0,18.0,10.0,11.0,19.0
2023-05-11T13:43:00-05:00,11.0,19.0,29.0,26.0,29.0,18.0,11.0,16.0,24.0,17.0,,21.0,17.0,23.0,18.0,9.0,10.0,20.0
2023-05-11T13:43:30-05:00,11.0,21.0,29.0,26.0,29.0,16.0,12.0,16.0,24.0,16.0,,20.0,18.0,23.0,18.0,13.0,10.0,20.0
2023-05-11T13:44:00-05:00,11.0,19.0,27.0,25.0,30.0,16.0,12.0,18.0,24.0,17.0,,22.0,18.0,24.0,18.0,11.0,10.0,18.0
2023-05-11T13:44:30-05:00,11.0,19.0,29.0,25.0,30.0,18.0,12.0,17.0,22.0,17.0,,22.0,18.0,23.0,17.0,12.0,10.0,18.0
2023-05-11T13:45:00-05:00,11.0,18.0,27.0,24.0,29.0,18.0,12.0,17.0,22.0,18.0,,21.0,19.0,21.0,,10.0,10.0,18.0
2023-05-11T13:45:30-05:00,11.0,18.0,28.0,27.0,30.0,19.0,12.0,17.0,23.0,17.0,,21.0,19.0,21.0,16.0,13.0,10.0,19.0
2023-05-11T13:46:00-05:00,11.0,18.0,28.0,24.0,30.0,18.0,13.0,16.0,24.0,17.0,,22.0,17.0,23.0,19.0,11.0,10.0,18.0
2023-05-11T13:46:30-05:00,11.0,17.0,28.0,23.0,29.0,17.0,12.0,17.0,22.0,17.0,,22.0,17.0,22.0,18.0,7.0,9.0,18.0
2023-05-11T13:47:30-05:00,11.0,18.0,26.0,22.0,28.0,16.0,12.0,17.0,23.0,19.0,,22.0,17.0,22.0,17.0,11.0,10.0,19.0
2023-05-11T13:48:00-05:00,11.0,18.0,26.0,23.0,28.0,16.0,13.0,16.0,23.0,18.0,,22.0,19.0,23.0,16.0,14.0,12.0,18.0
2023-05-11T13:48:30-05:00,11.0,18.0,26.0,23.0,27.0,16.0,12.0,16.0,23.0,17.0,,21.0,18.0,22.0,17.0,11.0,10.0,18.0
2023-05-11T13:49:00-05:00,11.0,18.0,28.0,24.0,28.0,17.0,12.0,16.0,23.0,17.0,,22.0,17.0,22.0,17.0,12.0,10.0,18.0
2023-05-11T13:49:30-05:00,11.0,18.0,27.0,25.0,27.0,16.0,12.0,15.0,22.0,18.0,,21.0,17.0,21.0,,11.0,10.0,20.0
2023-05-11T13:50:00-05:00,11.0,17.0,26.0,23.0,28.0,16.0,12.0,16.0,23.0,18.0,,22.0,17.0,22.0,20.0,12.0,10.0,20.0
2023-05-11T13:50:30-05:00,11.0,18.0,26.0,23.0,27.0,17.0,12.0,15.0,23.0,18.0,,31.0,18.0,23.0,18.0,11.0,10.0,18.0
2023-05-11T13:51:00-05:00,11.0,16.0,29.0,24.0,27.0,17.0,12.0,15.0,22.0,18.0,,24.0,17.0,21.0,20.0,12.0,10.0,18.0
2023-05-11T13:51:30-05:00,11.0,17.0,26.0,26.0,27.0,16.0,13.0,16.0,22.0,17.0,,25.0,18.0,23.0,18.0,11.0,11.0,22.0
2023-05-11T13:52:00-05:00,11.0,17.0,25.0,24.0,27.0,17.0,11.0,15.0,23.0,16.0,,23.0,17.0,21.0,18.0,14.0,11.0,20.0
2023-05-11T13:52:30-05:00,11.0,18.0,26.0,22.0,25.0,16.0,12.0,16.0,21.0,17.0,,21.0,17.0,20.0,16.0,12.0,11.0,19.0
2023-05-11T13:53:00-05:00,11.0,18.0,25.0,24.0,28.0,18.0,12.0,16.0,22.0,17.0,,19.0,18.0,22.0,17.0,12.0,11.0,19.0
2023-05-11T13:53:30-05:00,11.0,16.0,26.0,24.0,28.0,18.0,12.0,16.0,21.0,17.0,,20.0,17.0,21.0,17.0,9.0,12.0,18.0
2023-05-11T13:54:00-05:00,11.0,16.0,26.0,23.0,25.0,17.0,,15.0,22.0,19.0,,20.0,18.0,20.0,18.0,10.0,11.0,20.0
2023-05-11T13:54:30-05:00,11.0,16.0,27.0,24.0,28.0,16.0,13.0,15.0,21.0,18.0,,20.0,17.0,19.0,18.0,11.0,10.0,18.0
2023-05-11T13:55:00-05:00,11.0,17.0,27.0,24.0,27.0,15.0,14.0,16.0,22.0,18.0,,20.0,17.0,22.0,17.0,13.0,10.0,21.0
2023-05-11T13:55:30-05:00,11.0,16.0,27.0,24.0,28.0,16.0,12.0,15.0,22.0,18.0,,22.0,16.0,21.0,17.0,10.0,,19.0
2023-05-11T13:56:00-05:00,11.0,17.0,27.0,22.0,27.0,15.0,13.0,16.0,23.0,17.0,,21.0,17.0,21.0,18.0,10.0,11.0,18.0
2023-05-11T13:56:30-05:00,11.0,16.0,25.0,23.0,26.0,15.0,,16.0,21.0,17.0,,20.0,17.0,22.0,16.0,11.0,13.0,20.0
2023-05-11T13:57:00-05:00,11.0,16.0,25.0,23.0,26.0,15.0,14.0,16.0,23.0,17.0,,19.0,18.0,22.0,16.0,9.0,13.0,20.0
2023-05-11T13:57:30-05:00,11.0,17.0,25.0,22.0,25.0,15.0,14.0,15.0,24.0,16.0,,19.0,17.0,21.0,17.0,14.0,14.0,18.0
2023-05-11T13:58:00-05:00,11.0,17.0,25.0,23.0,26.0,14.0,13.0,16.0,21.0,16.0,,19.0,17.0,20.0,17.0,10.0,13.0,18.0
2023-05-11T13:58:30-05:00,11.0,17.0,26.0,24.0,27.0,13.0,13.0,16.0,22.0,16.0,,19.0,17.0,21.0,19.0,9.0,12.0,18.0
2023-05-11T13:59:00-05:00,11.0,17.0,25.0,22.0,27.0,14.0,13.0,17.0,22.0,17.0,,19.0,17.0,21.0,17.0,13.0,13.0,19.0
2023-05-11T13:59:30-05:00,11.0,17.0,26.0,24.0,25.0,14.0,13.0,17.0,23.0,17.0,,19.0,17.0,21.0,17.0,9.0,12.0,18.0
2023-05-11T14:00:00-05:00,11.0,18.0,26.0,22.0,25.0,16.0,13.0,16.0,21.0,17.0,,20.0,16.0,22.0,17.0,9.0,12.0,18.0
2023-05-11T14:00:30-05:00,11.0,17.0,27.0,24.0,27.0,16.0,13.0,16.0,21.0,17.0,,21.0,18.0,22.0,18.0,10.0,12.0,18.0
2023-05-11T14:01:00-05:00,11.0,18.0,27.0,23.0,27.0,16.0,13.0,15.0,22.0,17.0,,20.0,17.0,21.0,17.0,8.0,12.0,17.0
2023-05-11T14:01:30-05:00,11.0,17.0,26.0,23.0,26.0,15.0,13.0,16.0,22.0,17.0,,20.0,17.0,21.0,18.0,8.0,12.0,17.0
2023-05-11T14:02:00-05:00,11.0,17.0,24.0,25.0,28.0,15.0,1317.0,15.0,20.0,16.0,,19.0,17.0,21.0,17.0,13.0,12.0,16.0
2023-05-11T14:02:30-05:00,11.0,16.0,26.0,24.0,28.0,16.0,17.0,17.0,21.0,16.0,,19.0,18.0,20.0,17.0,14.0,12.0,18.0
2023-05-11T14:03:00-05:00,11.0,16.0,26.0,23.0,27.0,15.0,20.0,17.0,19.0,17.0,,20.0,17.0,20.0,18.0,10.0,12.0,17.0
2023-05-11T14:03:30-05:00,11.0,16.0,26.0,22.0,26.0,15.0,31.0,17.0,22.0,16.0,,21.0,17.0,20.0,17.0,10.0,11.0,18.0
2023-05-11T14:04:00-05:00,11.0,16.0,25.0,21.0,25.0,16.0,140.0,16.0,,17.0,,19.0,17.0,21.0,17.0,12.0,12.0,17.0
2023-05-11T14:04:30-05:00,11.0,16.0,25.0,22.0,26.0,16.0,15.0,16.0,21.0,17.0,,18.0,17.0,20.0,17.0,11.0,11.0,17.0
2023-05-11T14:05:00-05:00,11.0,16.0,26.0,22.0,26.0,15.0,12.0,16.0,20.0,16.0,,17.0,16.0,20.0,16.0,9.0,13.0,18.0
2023-05-11T14:05:30-05:00,11.0,16.0,26.0,23.0,25.0,14.0,13.0,17.0,21.0,17.0,,17.0,17.0,21.0,16.0,9.0,12.0,17.0
2023-05-11T14:06:00-05:00,11.0,17.0,26.0,23.0,25.0,15.0,13.0,17.0,21.0,17.0,,18.0,17.0,20.0,16.0,9.0,11.0,18.0
2023-05-11T14:06:30-05:00,11.0,17.0,24.0,24.0,25.0,15.0,14.0,16.0,22.0,15.0,,18.0,17.0,21.0,16.0,10.0,10.0,18.0
2023-05-11T14:07:30-05:00,11.0,16.0,26.0,23.0,25.0,14.0,13.0,16.0,20.0,17.0,,18.0,16.0,20.0,16.0,9.0,11.0,16.0
2023-05-11T14:08:00-05:00,11.0,15.0,25.0,21.0,24.0,14.0,15.0,15.0,19.0,16.0,,18.0,16.0,19.0,17.0,8.0,11.0,16.0
2023-05-11T14:08:30-05:00,11.0,17.0,24.0,20.0,24.0,15.0,14.0,17.0,21.0,16.0,,18.0,18.0,19.0,18.0,8.0,12.0,17.0
2023-05-11T14:09:00-05:00,11.0,16.0,25.0,22.0,25.0,14.0,13.0,16.0,21.0,17.0,,16.0,18.0,19.0,17.0,12.0,11.0,17.0
2023-05-11T14:09:30-05:00,11.0,17.0,25.0,22.0,24.0,16.0,13.0,14.0,21.0,16.0,,17.0,18.0,18.0,17.0,10.0,9.0,17.0
2023-05-11T14:10:00-05:00,11.0,16.0,24.0,21.0,23.0,16.0,14.0,15.0,20.0,16.0,,17.0,16.0,18.0,16.0,9.0,11.0,19.0
2023-05-11T14:10:30-05:00,11.0,16.0,25.0,21.0,25.0,15.0,17.0,15.0,21.0,16.0,,19.0,16.0,20.0,16.0,8.0,11.0,17.0
2023-05-11T14:11:00-05:00,11.0,15.0,23.0,19.0,24.0,16.0,14.0,15.0,21.0,16.0,,18.0,16.0,20.0,17.0,10.0,11.0,16.0
2023-05-11T14:11:30-05:00,11.0,16.0,24.0,21.0,24.0,15.0,14.0,17.0,21.0,17.0,,18.0,16.0,20.0,16.0,10.0,12.0,16.0
2023-05-11T14:12:00-05:00,11.0,16.0,23.0,21.0,23.0,15.0,13.0,,20.0,16.0,,20.0,17.0,19.0,17.0,11.0,11.0,17.0
2023-05-11T14:12:30-05:00,11.0,16.0,25.0,22.0,24.0,17.0,13.0,15.0,20.0,16.0,,18.0,15.0,18.0,18.0,12.0,11.0,17.0
2023-05-11T14:13:00-05:00,11.0,18.0,24.0,21.0,24.0,18.0,14.0,16.0,20.0,16.0,,20.0,17.0,21.0,16.0,11.0,10.0,16.0
2023-05-11T14:13:30-05:00,11.0,16.0,24.0,19.0,25.0,16.0,13.0,15.0,21.0,16.0,,23.0,17.0,18.0,16.0,9.0,11.0,16.0
2023-05-11T14:14:00-05:00,11.0,17.0,23.0,20.0,23.0,16.0,14.0,15.0,21.0,16.0,,23.0,17.0,19.0,16.0,10.0,14.0,16.0
2023-05-11T14:14:30-05:00,11.0,16.0,22.0,19.0,22.0,16.0,13.0,16.0,20.0,16.0,,20.0,16.0,19.0,17.0,11.0,11.0,16.0
2023-05-11T14:15:00-05:00,11.0,16.0,24.0,19.0,23.0,16.0,13.0,15.0,20.0,16.0,,16.0,16.0,20.0,15.0,10.0,11.0,17.0
2023-05-11T14:15:30-05:00,11.0,16.0,22.0,19.0,22.0,16.0,14.0,16.0,20.0,15.0,,16.0,15.0,20.0,16.0,13.0,11.0,18.0
2023-05-11T14:16:00-05:00,11.0,16.0,23.0,19.0,23.0,16.0,14.0,16.0,19.0,16.0,,18.0,17.0,19.0,14.0,11.0,11.0,17.0
2023-05-11T14:16:30-05:00,11.0,15.0,22.0,20.0,24.0,16.0,14.0,16.0,19.0,15.0,,18.0,18.0,19.0,14.0,8.0,11.0,17.0
2023-05-11T14:17:00-05:00,11.0,14.0,22.0,20.0,23.0,19.0,22.0,16.0,18.0,16.0,,19.0,16.0,18.0,15.0,11.0,10.0,17.0
2023-05-11T14:17:30-05:00,11.0,14.0,21.0,20.0,22.0,17.0,14.0,15.0,19.0,16.0,,19.0,17.0,19.0,15.0,10.0,9.0,18.0
2023-05-11T14:18:00-05:00,11.0,14.0,23.0,19.0,22.0,17.0,12.0,15.0,17.0,15.0,,20.0,17.0,17.0,16.0,10.0,9.0,18.0
2023-05-11T14:18:30-05:00,11.0,14.0,22.0,18.0,23.0,16.0,13.0,15.0,19.0,15.0,,35.0,17.0,18.0,17.0,10.0,11.0,16.0
2023-05-11T14:19:00-05:00,11.0,14.0,22.0,19.0,22.0,17.0,12.0,15.0,19.0,16.0,,26.0,16.0,19.0,16.0,9.0,13.0,17.0
2023-05-11T14:20:00-05:00,11.0,15.0,21.0,20.0,21.0,17.0,12.0,17.0,20.0,16.0,,18.0,17.0,18.0,15.0,7.0,12.0,18.0
2023-05-11T14:20:30-05:00,11.0,14.0,21.0,19.0,22.0,17.0,13.0,15.0,20.0,17.0,,17.0,17.0,17.0,15.0,9.0,10.0,19.0
2023-05-11T14:21:00-05:00,11.0,14.0,22.0,19.0,22.0,18.0,12.0,14.0,19.0,17.0,,16.0,17.0,17.0,15.0,11.0,11.0,20.0
2023-05-11T14:21:30-05:00,11.0,15.0,20.0,20.0,22.0,18.0,13.0,15.0,19.0,15.0,,17.0,18.0,18.0,15.0,9.0,13.0,18.0
2023-05-11T14:22:00-05:00,11.0,19.0,21.0,20.0,23.0,18.0,12.0,,20.0,15.0,,17.0,16.0,18.0,14.0,11.0,12.0,18.0
2023-05-11T14:22:30-05:00,11.0,17.0,21.0,20.0,22.0,20.0,13.0,15.0,20.0,15.0,,17.0,16.0,18.0,15.0,10.0,12.0,19.0
2023-05-11T14:23:00-05:00,11.0,15.0,21.0,20.0,22.0,18.0,13.0,16.0,20.0,16.0,,18.0,16.0,19.0,15.0,11.0,10.0,21.0
2023-05-11T14:23:30-05:00,11.0,14.0,21.0,19.0,21.0,16.0,12.0,16.0,19.0,16.0,,18.0,16.0,18.0,15.0,12.0,12.0,25.0
2023-05-11T14:24:00-05:00,11.0,14.0,21.0,19.0,22.0,16.0,12.0,,20.0,16.0,,17.0,16.0,17.0,15.0,11.0,12.0,24.0
2023-05-11T14:24:30-05:00,11.0,14.0,21.0,19.0,22.0,17.0,13.0,16.0,20.0,16.0,,18.0,17.0,17.0,15.0,9.0,11.0,19.0
2023-05-11T14:25:00-05:00,11.0,15.0,22.0,18.0,23.0,17.0,12.0,18.0,21.0,16.0,,17.0,18.0,17.0,15.0,10.0,10.0,19.0
2023-05-11T14:25:30-05:00,11.0,14.0,21.0,19.0,22.0,16.0,,16.0,19.0,15.0,,18.0,18.0,,16.0,11.0,10.0,18.0
2023-05-11T14:26:00-05:00,11.0,14.0,21.0,18.0,21.0,18.0,13.0,17.0,20.0,17.0,,17.0,17.0,17.0,14.0,10.0,9.0,16.0
2023-05-11T14:26:30-05:00,11.0,15.0,21.0,17.0,22.0,19.0,12.0,17.0,19.0,17.0,,17.0,17.0,18.0,15.0,12.0,9.0,18.0
2023-05-11T14:27:00-05:00,11.0,15.0,21.0,19.0,22.0,18.0,12.0,19.0,18.0,,,18.0,15.0,18.0,15.0,9.0,9.0,19.0
2023-05-11T14:27:30-05:00,11.0,15.0,19.0,18.0,21.0,18.0,12.0,17.0,20.0,,,17.0,16.0,17.0,14.0,9.0,9.0,17.0
2023-05-11T14:28:00-05:00,11.0,15.0,20.0,18.0,20.0,17.0,12.0,17.0,19.0,,,17.0,16.0,17.0,14.0,13.0,9.0,17.0
2023-05-11T14:28:30-05:00,11.0,15.0,21.0,18.0,22.0,17.0,11.0,18.0,20.0,16.0,,18.0,16.0,16.0,14.0,9.0,9.0,16.0
2023-05-11T14:29:00-05:00,11.0,14.0,21.0,18.0,21.0,15.0,12.0,19.0,20.0,16.0,,17.0,18.0,16.0,14.0,11.0,8.0,18.0
2023-05-11T14:29:30-05:00,11.0,14.0,20.0,18.0,20.0,15.0,12.0,17.0,19.0,15.0,,18.0,16.0,16.0,15.0,8.0,8.0,17.0
2023-05-11T14:30:00-05:00,11.0,13.0,21.0,18.0,20.0,16.0,11.0,17.0,19.0,16.0,,18.0,16.0,16.0,16.0,11.0,9.0,17.0
2023-05-11T14:30:30-05:00,11.0,15.0,21.0,17.0,20.0,16.0,11.0,17.0,19.0,16.0,,17.0,17.0,17.0,16.0,11.0,9.0,16.0
2023-05-11T14:31:00-05:00,11.0,14.0,22.0,17.0,19.0,16.0,12.0,20.0,19.0,15.0,,16.0,17.0,16.0,16.0,11.0,9.0,17.0
2023-05-11T14:31:30-05:00,11.0,15.0,21.0,18.0,20.0,15.0,11.0,19.0,19.0,17.0,,18.0,16.0,17.0,14.0,10.0,,17.0
2023-05-11T14:32:30-05:00,11.0,14.0,,,,14.0,11.0,19.0,16.0,15.0,,18.0,16.0,,14.0,14.0,9.0,16.0
2023-05-11T14:33:00-05:00,11.0,13.0,21.0,17.0,20.0,14.0,11.0,18.0,14.0,15.0,,17.0,15.0,17.0,15.0,12.0,9.0,17.0
2023-05-11T14:33:30-05:00,11.0,14.0,20.0,18.0,19.0,13.0,227.0,19.0,13.0,16.0,19.0,18.0,16.0,17.0,15.0,10.0,9.0,16.0
2023-05-11T14:34:00-05:00,11.0,13.0,20.0,17.0,20.0,14.0,90.0,18.0,13.0,16.0,19.0,20.0,17.0,17.0,16.0,11.0,10.0,16.0
2023-05-11T14:34:30-05:00,11.0,14.0,19.0,16.0,20.0,13.0,29.0,19.0,14.0,15.0,19.0,17.0,16.0,16.0,15.0,8.0,10.0,16.0
2023-05-11T14:35:00-05:00,11.0,14.0,20.0,15.0,21.0,14.0,14.0,20.0,13.0,16.0,,16.0,15.0,16.0,15.0,13.0,9.0,16.0
2023-05-11T14:35:30-05:00,11.0,16.0,20.0,17.0,19.0,13.0,18.0,18.0,12.0,16.0,,16.0,16.0,17.0,15.0,8.0,10.0,16.0
2023-05-11T14:36:00-05:00,11.0,15.0,20.0,17.0,19.0,13.0,10.0,18.0,12.0,16.0,,16.0,16.0,17.0,15.0,10.0,9.0,17.0
2023-05-11T14:36:30-05:00,11.0,14.0,19.0,17.0,20.0,14.0,12.0,19.0,13.0,17.0,,16.0,16.0,15.0,15.0,10.0,10.0,16.0
2023-05-11T14:37:00-05:00,11.0,14.0,20.0,16.0,,13.0,15.0,17.0,12.0,16.0,,16.0,16.0,15.0,15.0,9.0,9.0,16.0
2023-05-11T14:37:30-05:00,11.0,14.0,19.0,16.0,20.0,13.0,12.0,19.0,12.0,16.0,,16.0,16.0,15.0,15.0,9.0,10.0,16.0
2023-05-11T14:38:00-05:00,11.0,14.0,19.0,15.0,20.0,12.0,13.0,18.0,11.0,16.0,,17.0,16.0,16.0,15.0,10.0,8.0,16.0
2023-05-11T14:38:30-05:00,11.0,14.0,19.0,15.0,21.0,13.0,41.0,18.0,12.0,16.0,,17.0,16.0,15.0,15.0,10.0,10.0,18.0
2023-05-11T14:39:00-05:00,11.0,14.0,19.0,16.0,19.0,13.0,21.0,18.0,14.0,16.0,,17.0,16.0,15.0,15.0,11.0,8.0,17.0
2023-05-11T14:39:30-05:00,11.0,14.0,19.0,16.0,20.0,13.0,12.0,18.0,13.0,16.0,,18.0,16.0,15.0,15.0,10.0,8.0,16.0
2023-05-11T14:40:00-05:00,11.0,14.0,19.0,16.0,19.0,13.0,15.0,19.0,13.0,17.0,,17.0,16.0,14.0,15.0,9.0,8.0,18.0
2023-05-11T14:40:30-05:00,11.0,13.0,19.0,16.0,18.0,14.0,11.0,19.0,11.0,15.0,,17.0,16.0,14.0,16.0,11.0,8.0,16.0
2023-05-11T14:41:00-05:00,11.0,13.0,18.0,16.0,18.0,13.0,11.0,17.0,10.0,16.0,,15.0,16.0,15.0,15.0,9.0,9.0,17.0
2023-05-11T14:42:00-05:00,11.0,15.0,18.0,16.0,,18.0,12.0,17.0,10.0,17.0,,16.0,16.0,14.0,15.0,12.0,10.0,17.0
2023-05-11T14:42:30-05:00,11.0,13.0,18.0,15.0,19.0,15.0,11.0,16.0,11.0,17.0,,18.0,16.0,15.0,15.0,8.0,9.0,17.0
2023-05-11T14:43:00-05:00,11.0,14.0,18.0,14.0,18.0,13.0,13.0,18.0,9.0,16.0,,17.0,15.0,15.0,16.0,8.0,9.0,18.0
2023-05-11T14:43:30-05:00,11.0,14.0,18.0,15.0,18.0,13.0,12.0,17.0,10.0,16.0,,16.0,16.0,14.0,17.0,8.0,10.0,17.0
2023-05-11T14:44:00-05:00,11.0,14.0,18.0,17.0,17.0,13.0,11.0,17.0,9.0,16.0,,13.0,15.0,15.0,15.0,11.0,9.0,17.0
2023-05-11T14:44:30-05:00,11.0,15.0,18.0,15.0,19.0,13.0,454.0,16.0,8.0,17.0,,12.0,16.0,14.0,15.0,9.0,8.0,18.0
2023-05-11T14:45:00-05:00,11.0,16.0,17.0,15.0,18.0,13.0,13.0,16.0,8.0,17.0,,14.0,17.0,14.0,13.0,10.0,8.0,17.0
2023-05-11T14:45:30-05:00,11.0,15.0,19.0,16.0,19.0,13.0,11.0,17.0,8.0,16.0,,14.0,17.0,14.0,15.0,8.0,9.0,19.0
2023-05-11T14:46:00-05:00,11.0,15.0,18.0,14.0,18.0,12.0,11.0,15.0,7.0,16.0,,13.0,17.0,15.0,14.0,9.0,8.0,18.0
2023-05-11T14:46:30-05:00,11.0,15.0,18.0,15.0,18.0,13.0,10.0,17.0,7.0,15.0,,13.0,18.0,15.0,15.0,8.0,10.0,20.0
2023-05-11T14:47:00-05:00,11.0,15.0,17.0,15.0,18.0,13.0,10.0,17.0,6.0,15.0,,14.0,17.0,14.0,15.0,11.0,10.0,19.0
2023-05-11T14:47:30-05:00,11.0,15.0,17.0,16.0,16.0,11.0,9.0,17.0,6.0,16.0,18.0,13.0,17.0,15.0,14.0,9.0,9.0,18.0
2023-05-11T14:48:00-05:00,11.0,15.0,19.0,15.0,17.0,12.0,18.0,16.0,7.0,16.0,,16.0,18.0,14.0,15.0,8.0,10.0,19.0
2023-05-11T14:48:30-05:00,11.0,17.0,18.0,14.0,17.0,16.0,31.0,16.0,7.0,15.0,,19.0,18.0,15.0,14.0,6.0,9.0,18.0
2023-05-11T14:49:00-05:00,11.0,16.0,18.0,15.0,18.0,15.0,87.0,17.0,7.0,15.0,,18.0,19.0,14.0,14.0,13.0,9.0,19.0
2023-05-11T14:49:30-05:00,11.0,14.0,17.0,15.0,18.0,15.0,69.0,15.0,8.0,15.0,,16.0,18.0,13.0,13.0,11.0,9.0,19.0
2023-05-11T14:50:00-05:00,11.0,15.0,16.0,14.0,16.0,16.0,146.0,15.0,9.0,16.0,,16.0,18.0,12.0,14.0,10.0,9.0,19.0
2023-05-11T14:50:30-05:00,11.0,15.0,15.0,13.0,15.0,17.0,62.0,15.0,9.0,17.0,,15.0,18.0,11.0,14.0,11.0,8.0,19.0
2023-05-11T14:51:00-05:00,11.0,15.0,14.0,12.0,13.0,15.0,16.0,15.0,10.0,16.0,,15.0,18.0,12.0,14.0,10.0,9.0,18.0
2023-05-11T14:51:30-05:00,11.0,16.0,14.0,12.0,13.0,14.0,12.0,15.0,10.0,15.0,,14.0,17.0,11.0,14.0,11.0,8.0,18.0
2023-05-11T14:52:00-05:00,11.0,17.0,14.0,11.0,13.0,15.0,11.0,14.0,11.0,16.0,,14.0,18.0,11.0,14.0,8.0,9.0,19.0
2023-05-11T14:52:30-05:00,11.0,17.0,12.0,8.0,11.0,16.0,11.0,14.0,11.0,16.0,,16.0,17.0,9.0,13.0,9.0,9.0,18.0
2023-05-11T14:53:00-05:00,11.0,17.0,9.0,9.0,9.0,14.0,12.0,14.0,12.0,16.0,,14.0,17.0,7.0,14.0,9.0,8.0,18.0
2023-05-11T14:53:30-05:00,11.0,17.0,9.0,9.0,8.0,15.0,12.0,15.0,14.0,16.0,,14.0,16.0,6.0,13.0,8.0,8.0,16.0
2023-05-11T14:54:00-05:00,11.0,17.0,9.0,8.0,7.0,16.0,24.0,15.0,12.0,17.0,,15.0,15.0,7.0,15.0,10.0,9.0,18.0
2023-05-11T14:54:30-05:00,11.0,16.0,7.0,7.0,7.0,16.0,87.0,15.0,14.0,16.0,,15.0,15.0,7.0,15.0,10.0,9.0,19.0
2023-05-11T14:55:00-05:00,11.0,16.0,9.0,7.0,8.0,16.0,175.0,14.0,13.0,16.0,,14.0,16.0,6.0,14.0,7.0,9.0,18.0
2023-05-11T14:55:30-05:00,11.0,15.0,8.0,7.0,8.0,14.0,175.0,15.0,14.0,15.0,,15.0,15.0,6.0,15.0,9.0,8.0,18.0
2023-05-11T14:56:00-05:00,11.0,15.0,8.0,7.0,8.0,15.0,25.0,14.0,14.0,16.0,,14.0,16.0,6.0,13.0,9.0,9.0,18.0
2023-05-11T14:56:30-05:00,11.0,16.0,8.0,7.0,7.0,13.0,86.0,16.0,13.0,16.0,,14.0,16.0,7.0,14.0,11.0,8.0,18.0
2023-05-11T14:57:00-05:00,11.0,17.0,8.0,8.0,8.0,12.0,41.0,17.0,11.0,16.0,,14.0,16.0,7.0,14.0,8.0,8.0,16.0
2023-05-11T14:57:30-05:00,11.0,16.0,7.0,7.0,7.0,12.0,115.0,16.0,9.0,14.0,,13.0,15.0,6.0,15.0,6.0,8.0,16.0
2023-05-11T14:58:30-05:00,11.0,18.0,7.0,6.0,7.0,12.0,206.0,17.0,7.0,13.0,,14.0,15.0,5.0,14.0,8.0,7.0,15.0
2023-05-11T14:59:00-05:00,11.0,18.0,7.0,6.0,6.0,12.0,17.0,16.0,6.0,14.0,,13.0,15.0,5.0,15.0,6.0,8.0,16.0
2023-05-11T14:59:30-05:00,11.0,16.0,7.0,7.0,6.0,11.0,144.0,15.0,6.0,14.0,,13.0,14.0,6.0,13.0,7.0,8.0,16.0
2023-05-11T15:00:00-05:00,11.0,16.0,6.0,6.0,6.0,12.0,252.0,15.0,6.0,14.0,,13.0,15.0,6.0,14.0,9.0,9.0,17.0
2023-05-11T15:00:30-05:00,11.0,16.0,6.0,6.0,6.0,11.0,57.0,16.0,6.0,14.0,,14.0,15.0,5.0,14.0,7.0,8.0,18.0
2023-05-11T15:01:00-05:00,11.0,16.0,6.0,5.0,6.0,11.0,105.0,15.0,6.0,13.0,,12.0,15.0,5.0,14.0,7.0,8.0,17.0
2023-05-11T15:01:30-05:00,11.0,17.0,6.0,5.0,6.0,10.0,750.0,15.0,5.0,15.0,,12.0,14.0,5.0,15.0,10.0,9.0,17.0
2023-05-11T15:02:00-05:00,11.0,17.0,6.0,5.0,6.0,11.0,17.0,16.0,5.0,14.0,,10.0,14.0,5.0,16.0,8.0,8.0,18.0
2023-05-11T15:02:30-05:00,11.0,15.0,5.0,5.0,6.0,11.0,17.0,15.0,5.0,14.0,,11.0,13.0,3.0,14.0,9.0,8.0,16.0
2023-05-11T15:03:00-05:00,11.0,16.0,5.0,5.0,5.0,11.0,16.0,15.0,6.0,14.0,,11.0,12.0,4.0,14.0,10.0,8.0,16.0
2023-05-11T15:03:30-05:00,11.0,16.0,5.0,5.0,5.0,11.0,17.0,15.0,5.0,14.0,,10.0,14.0,4.0,14.0,9.0,8.0,16.0
2023-05-11T15:04:00-05:00,11.0,18.0,5.0,4.0,4.0,11.0,15.0,15.0,5.0,14.0,,12.0,13.0,4.0,14.0,9.0,8.0,18.0
2023-05-11T15:04:30-05:00,11.0,16.0,5.0,4.0,4.0,11.0,12.0,16.0,5.0,14.0,,13.0,14.0,4.0,15.0,9.0,8.0,17.0
2023-05-11T15:05:00-05:00,11.0,16.0,4.0,3.0,4.0,11.0,20.0,16.0,5.0,13.0,,13.0,15.0,4.0,15.0,10.0,8.0,19.0
2023-05-11T15:05:30-05:00,11.0,16.0,5.0,4.0,4.0,12.0,19.0,15.0,5.0,13.0,,14.0,15.0,4.0,16.0,10.0,8.0,16.0
2023-05-11T15:06:00-05:00,11.0,17.0,4.0,3.0,4.0,12.0,21.0,15.0,5.0,14.0,,11.0,15.0,3.0,16.0,10.0,8.0,16.0
2023-05-11T15:06:30-05:00,11.0,17.0,4.0,3.0,5.0,12.0,33.0,16.0,5.0,14.0,,11.0,14.0,4.0,16.0,8.0,8.0,16.0
2023-05-11T15:07:00-05:00,11.0,18.0,5.0,4.0,5.0,11.0,15.0,16.0,5.0,15.0,,8.0,14.0,3.0,15.0,9.0,8.0,14.0
2023-05-11T15:07:30-05:00,11.0,17.0,5.0,5.0,,10.0,17.0,17.0,5.0,14.0,,7.0,14.0,4.0,15.0,7.0,8.0,15.0
2023-05-11T15:08:00-05:00,11.0,17.0,5.0,5.0,4.0,10.0,12.0,15.0,5.0,14.0,,8.0,14.0,4.0,15.0,7.0,8.0,14.0
2023-05-11T15:08:30-05:00,11.0,17.0,5.0,4.0,4.0,10.0,27.0,17.0,6.0,14.0,,7.0,13.0,4.0,15.0,8.0,7.0,14.0
2023-05-11T15:09:00-05:00,11.0,16.0,5.0,5.0,4.0,11.0,17.0,16.0,5.0,13.0,,8.0,14.0,4.0,15.0,9.0,8.0,15.0
2023-05-11T15:09:30-05:00,11.0,16.0,6.0,5.0,5.0,10.0,62.0,17.0,5.0,13.0,,8.0,14.0,4.0,15.0,9.0,11.0,15.0
2023-05-11T15:10:00-05:00,11.0,16.0,4.0,5.0,5.0,10.0,24.0,17.0,5.0,13.0,,8.0,14.0,4.0,15.0,7.0,11.0,16.0
2023-05-11T15:10:30-05:00,11.0,15.0,5.0,5.0,5.0,10.0,68.0,16.0,5.0,14.0,,8.0,14.0,4.0,15.0,8.0,10.0,16.0
2023-05-11T15:11:00-05:00,11.0,16.0,5.0,5.0,5.0,10.0,77.0,15.0,6.0,14.0,,6.0,14.0,5.0,15.0,12.0,9.0,15.0
2023-05-11T15:11:30-05:00,11.0,17.0,5.0,6.0,5.0,10.0,12.0,16.0,5.0,15.0,,6.0,14.0,5.0,15.0,12.0,11.0,16.0
2023-05-11T15:12:00-05:00,11.0,18.0,6.0,6.0,5.0,10.0,19.0,15.0,4.0,14.0,,6.0,15.0,5.0,15.0,9.0,9.0,15.0
2023-05-11T15:12:30-05:00,11.0,18.0,6.0,6.0,5.0,10.0,9.0,14.0,5.0,13.0,,6.0,14.0,5.0,15.0,9.0,10.0,16.0
2023-05-11T15:13:00-05:00,11.0,16.0,7.0,5.0,6.0,12.0,29.0,15.0,5.0,14.0,,5.0,14.0,5.0,15.0,10.0,10.0,16.0
2023-05-11T15:13:30-05:00,11.0,17.0,6.0,6.0,5.0,10.0,90.0,15.0,5.0,14.0,,4.0,14.0,5.0,15.0,8.0,10.0,14.0
2023-05-11T15:14:00-05:00,11.0,15.0,6.0,6.0,6.0,11.0,18.0,16.0,5.0,15.0,,5.0,13.0,5.0,16.0,10.0,11.0,15.0
2023-05-11T15:14:30-05:00,11.0,14.0,7.0,5.0,,10.0,20.0,16.0,5.0,14.0,,4.0,13.0,5.0,16.0,8.0,8.0,15.0
2023-05-11T15:15:00-05:00,11.0,16.0,6.0,5.0,6.0,12.0,35.0,15.0,6.0,14.0,,4.0,14.0,5.0,15.0,10.0,9.0,15.0
2023-05-11T15:15:30-05:00,11.0,16.0,5.0,6.0,6.0,12.0,30.0,15.0,5.0,13.0,,4.0,14.0,4.0,14.0,7.0,7.0,15.0
2023-05-11T15:16:00-05:00,11.0,15.0,7.0,5.0,6.0,12.0,26.0,15.0,5.0,15.0,,4.0,15.0,5.0,14.0,9.0,7.0,15.0
2023-05-11T15:17:00-05:00,11.0,15.0,5.0,5.0,6.0,11.0,7.0,17.0,5.0,16.0,,4.0,14.0,4.0,15.0,9.0,8.0,15.0
2023-05-11T15:17:30-05:00,11.0,16.0,6.0,6.0,5.0,10.0,8.0,15.0,6.0,14.0,,4.0,16.0,5.0,14.0,10.0,8.0,15.0
2023-05-11T15:18:00-05:00,11.0,16.0,6.0,5.0,6.0,9.0,8.0,15.0,6.0,15.0,,4.0,14.0,6.0,15.0,8.0,7.0,15.0
2023-05-11T15:18:30-05:00,11.0,16.0,6.0,6.0,6.0,9.0,8.0,15.0,5.0,14.0,,4.0,14.0,5.0,15.0,8.0,8.0,15.0
2023-05-11T15:19:00-05:00,11.0,16.0,6.0,5.0,6.0,9.0,8.0,14.0,5.0,14.0,,5.0,13.0,5.0,14.0,7.0,9.0,16.0
2023-05-11T15:19:30-05:00,11.0,16.0,6.0,5.0,6.0,9.0,8.0,14.0,6.0,14.0,,7.0,13.0,5.0,14.0,7.0,8.0,14.0
2023-05-11T15:20:00-05:00,11.0,16.0,7.0,6.0,6.0,10.0,8.0,13.0,5.0,14.0,,4.0,15.0,5.0,15.0,10.0,9.0,14.0
2023-05-11T15:20:30-05:00,11.0,18.0,6.0,7.0,5.0,9.0,21.0,13.0,5.0,14.0,,5.0,14.0,5.0,16.0,10.0,7.0,15.0
2023-05-11T15:21:00-05:00,11.0,24.0,5.0,6.0,5.0,10.0,9.0,13.0,5.0,14.0,,5.0,13.0,5.0,16.0,6.0,8.0,14.0
2023-05-11T15:21:30-05:00,11.0,30.0,7.0,6.0,6.0,9.0,8.0,13.0,5.0,14.0,,5.0,13.0,5.0,15.0,7.0,11.0,13.0
2023-05-11T15:22:00-05:00,11.0,19.0,6.0,6.0,6.0,8.0,,14.0,5.0,14.0,,4.0,14.0,5.0,16.0,7.0,11.0,14.0
2023-05-11T15:22:30-05:00,11.0,17.0,7.0,6.0,6.0,9.0,8.0,13.0,5.0,15.0,,4.0,13.0,5.0,15.0,8.0,8.0,14.0
2023-05-11T15:23:00-05:00,11.0,16.0,6.0,6.0,,9.0,9.0,12.0,5.0,14.0,,4.0,14.0,5.0,15.0,7.0,7.0,14.0
2023-05-11T15:23:30-05:00,11.0,15.0,6.0,5.0,6.0,10.0,8.0,12.0,5.0,14.0,,4.0,14.0,5.0,14.0,8.0,7.0,14.0
2023-05-11T15:24:00-05:00,11.0,16.0,7.0,6.0,5.0,11.0,8.0,13.0,5.0,14.0,,4.0,13.0,5.0,16.0,8.0,7.0,15.0
2023-05-11T15:24:30-05:00,11.0,16.0,6.0,6.0,5.0,10.0,8.0,12.0,5.0,14.0,,4.0,13.0,5.0,15.0,5.0,8.0,15.0
2023-05-11T15:25:00-05:00,11.0,18.0,7.0,6.0,5.0,9.0,9.0,12.0,4.0,14.0,,4.0,13.0,5.0,16.0,9.0,7.0,14.0
2023-05-11T15:25:30-05:00,11.0,15.0,7.0,6.0,5.0,9.0,9.0,11.0,5.0,13.0,,5.0,14.0,5.0,17.0,9.0,7.0,14.0
2023-05-11T15:26:00-05:00,11.0,14.0,6.0,6.0,5.0,9.0,9.0,11.0,5.0,13.0,,4.0,13.0,5.0,15.0,9.0,7.0,14.0
2023-05-11T15:26:30-05:00,11.0,13.0,6.0,6.0,5.0,10.0,11.0,13.0,5.0,14.0,,5.0,14.0,5.0,16.0,10.0,7.0,14.0
2023-05-11T15:27:00-05:00,11.0,13.0,6.0,5.0,5.0,11.0,10.0,12.0,5.0,14.0,,5.0,14.0,6.0,16.0,9.0,6.0,15.0
2023-05-11T15:27:30-05:00,11.0,14.0,6.0,5.0,5.0,12.0,8.0,11.0,4.0,14.0,,5.0,15.0,5.0,17.0,9.0,7.0,15.0
2023-05-11T15:28:00-05:00,11.0,16.0,6.0,5.0,5.0,11.0,9.0,11.0,5.0,14.0,,5.0,14.0,5.0,17.0,7.0,6.0,13.0
2023-05-11T15:28:30-05:00,11.0,16.0,6.0,6.0,5.0,11.0,8.0,10.0,5.0,14.0,,4.0,14.0,5.0,15.0,5.0,6.0,14.0
2023-05-11T15:29:00-05:00,11.0,16.0,6.0,5.0,5.0,10.0,8.0,10.0,5.0,14.0,,5.0,14.0,5.0,16.0,8.0,6.0,14.0
2023-05-11T15:29:30-05:00,11.0,14.0,6.0,6.0,6.0,9.0,11.0,10.0,5.0,15.0,,4.0,13.0,5.0,16.0,8.0,6.0,14.0
2023-05-11T15:30:00-05:00,11.0,15.0,7.0,5.0,6.0,10.0,8.0,11.0,5.0,14.0,,5.0,14.0,5.0,18.0,8.0,7.0,16.0
2023-05-11T15:31:00-05:00,11.0,15.0,6.0,5.0,5.0,10.0,8.0,9.0,4.0,15.0,,5.0,15.0,5.0,17.0,8.0,6.0,14.0
2023-05-11T15:31:30-05:00,11.0,14.0,6.0,6.0,,10.0,8.0,10.0,4.0,15.0,,5.0,15.0,5.0,18.0,5.0,6.0,14.0
2023-05-11T15:32:00-05:00,11.0,14.0,6.0,6.0,5.0,10.0,11.0,10.0,4.0,14.0,,4.0,13.0,4.0,17.0,6.0,6.0,14.0
2023-05-11T15:32:30-05:00,11.0,15.0,6.0,5.0,5.0,9.0,8.0,10.0,4.0,14.0,,4.0,14.0,5.0,16.0,7.0,6.0,14.0
2023-05-11T15:33:00-05:00,11.0,15.0,6.0,5.0,5.0,10.0,7.0,10.0,5.0,14.0,,4.0,14.0,4.0,17.0,7.0,6.0,14.0
2023-05-11T15:33:30-05:00,11.0,15.0,5.0,5.0,6.0,10.0,10.0,10.0,5.0,14.0,,4.0,14.0,5.0,18.0,7.0,,15.0
2023-05-11T15:34:00-05:00,11.0,20.0,6.0,5.0,5.0,9.0,45.0,11.0,5.0,14.0,,4.0,13.0,5.0,21.0,7.0,6.0,15.0
2023-05-11T15:34:30-05:00,11.0,17.0,6.0,5.0,5.0,9.0,7.0,11.0,5.0,12.0,,4.0,13.0,5.0,21.0,8.0,6.0,14.0
2023-05-11T15:35:00-05:00,11.0,14.0,5.0,5.0,5.0,9.0,49.0,12.0,5.0,11.0,,4.0,14.0,5.0,20.0,7.0,,14.0
2023-05-11T15:35:30-05:00,11.0,14.0,6.0,5.0,6.0,9.0,9.0,11.0,5.0,10.0,,4.0,14.0,5.0,20.0,7.0,6.0,13.0
2023-05-11T15:36:00-05:00,11.0,15.0,6.0,5.0,5.0,10.0,10.0,11.0,5.0,10.0,,5.0,14.0,4.0,20.0,7.0,6.0,15.0
2023-05-11T15:36:30-05:00,11.0,14.0,6.0,6.0,5.0,10.0,7.0,12.0,5.0,10.0,,4.0,13.0,5.0,20.0,6.0,6.0,15.0
2023-05-11T15:37:00-05:00,11.0,15.0,6.0,5.0,5.0,9.0,8.0,13.0,5.0,9.0,,4.0,14.0,4.0,20.0,6.0,6.0,16.0
2023-05-11T15:37:30-05:00,11.0,16.0,7.0,5.0,6.0,9.0,9.0,12.0,4.0,9.0,,4.0,13.0,5.0,21.0,6.0,,15.0
2023-05-11T15:38:00-05:00,11.0,16.0,6.0,5.0,6.0,9.0,7.0,12.0,4.0,8.0,,5.0,14.0,5.0,21.0,7.0,5.0,15.0
2023-05-11T15:38:30-05:00,11.0,14.0,7.0,6.0,7.0,10.0,17.0,12.0,4.0,7.0,,6.0,15.0,5.0,21.0,7.0,6.0,14.0
2023-05-11T15:39:00-05:00,11.0,15.0,7.0,5.0,6.0,9.0,58.0,11.0,5.0,7.0,,4.0,13.0,5.0,22.0,7.0,5.0,14.0
2023-05-11T15:39:30-05:00,11.0,13.0,6.0,5.0,6.0,9.0,7.0,11.0,5.0,6.0,,5.0,14.0,4.0,25.0,7.0,5.0,14.0
2023-05-11T15:40:00-05:00,11.0,14.0,6.0,6.0,5.0,9.0,7.0,13.0,5.0,5.0,,5.0,14.0,5.0,24.0,10.0,5.0,14.0
2023-05-11T15:40:30-05:00,11.0,14.0,6.0,6.0,5.0,10.0,14.0,12.0,5.0,5.0,,4.0,13.0,4.0,22.0,6.0,5.0,15.0
2023-05-11T15:41:00-05:00,11.0,14.0,5.0,6.0,5.0,11.0,10.0,11.0,5.0,5.0,,5.0,13.0,3.0,21.0,5.0,6.0,14.0
2023-05-11T15:42:00-05:00,11.0,15.0,5.0,5.0,5.0,10.0,8.0,13.0,5.0,4.0,,5.0,10.0,4.0,22.0,7.0,7.0,15.0
2023-05-11T15:42:30-05:00,11.0,17.0,5.0,5.0,4.0,10.0,35.0,12.0,6.0,4.0,,5.0,13.0,4.0,22.0,5.0,6.0,15.0
2023-05-11T15:43:00-05:00,11.0,14.0,5.0,5.0,4.0,10.0,69.0,11.0,5.0,4.0,,4.0,12.0,4.0,24.0,5.0,5.0,15.0
2023-05-11T15:43:30-05:00,11.0,14.0,5.0,5.0,4.0,10.0,280.0,12.0,5.0,4.0,,5.0,13.0,3.0,20.0,8.0,5.0,15.0
2023-05-11T15:44:00-05:00,11.0,15.0,5.0,5.0,4.0,10.0,6.0,12.0,5.0,5.0,,5.0,9.0,3.0,21.0,8.0,6.0,14.0
2023-05-11T15:44:30-05:00,11.0,15.0,5.0,4.0,5.0,10.0,17.0,12.0,4.0,5.0,,5.0,8.0,4.0,22.0,6.0,6.0,15.0
2023-05-11T15:45:00-05:00,11.0,14.0,5.0,4.0,5.0,10.0,11.0,12.0,5.0,5.0,,4.0,6.0,4.0,25.0,6.0,5.0,15.0
2023-05-11T15:45:30-05:00,11.0,15.0,4.0,4.0,4.0,9.0,17.0,12.0,5.0,4.0,,4.0,7.0,5.0,24.0,5.0,6.0,15.0
2023-05-11T15:46:00-05:00,11.0,15.0,5.0,4.0,4.0,8.0,82.0,13.0,5.0,5.0,,4.0,7.0,4.0,22.0,14.0,6.0,14.0
2023-05-11T15:46:30-05:00,11.0,15.0,5.0,4.0,5.0,8.0,10.0,12.0,6.0,5.0,,4.0,8.0,4.0,22.0,10.0,5.0,13.0
2023-05-11T15:47:00-05:00,11.0,16.0,5.0,5.0,5.0,9.0,10.0,11.0,5.0,5.0,,5.0,10.0,4.0,21.0,9.0,4.0,14.0
2023-05-11T15:47:30-05:00,11.0,16.0,5.0,4.0,4.0,8.0,113.0,11.0,5.0,5.0,,5.0,10.0,4.0,23.0,12.0,4.0,15.0
2023-05-11T15:48:00-05:00,11.0,16.0,5.0,4.0,4.0,8.0,189.0,11.0,5.0,4.0,,4.0,8.0,4.0,22.0,9.0,6.0,15.0
2023-05-11T15:48:30-05:00,11.0,15.0,4.0,4.0,5.0,8.0,98.0,12.0,5.0,4.0,,5.0,9.0,4.0,21.0,8.0,6.0,13.0
2023-05-11T15:49:00-05:00,11.0,14.0,5.0,5.0,5.0,9.0,13.0,12.0,4.0,5.0,,4.0,9.0,4.0,23.0,9.0,6.0,13.0
2023-05-11T15:49:30-05:00,11.0,15.0,5.0,5.0,5.0,10.0,26.0,12.0,4.0,4.0,,4.0,8.0,4.0,24.0,8.0,5.0,11.0
2023-05-11T15:50:00-05:00,11.0,14.0,5.0,5.0,5.0,9.0,31.0,12.0,4.0,4.0,,5.0,5.0,5.0,24.0,9.0,4.0,12.0
2023-05-11T15:51:00-05:00,11.0,15.0,5.0,5.0,5.0,8.0,8.0,10.0,5.0,4.0,,4.0,5.0,3.0,24.0,9.0,5.0,11.0
2023-05-11T15:51:30-05:00,11.0,15.0,5.0,5.0,5.0,9.0,71.0,11.0,5.0,4.0,,4.0,7.0,4.0,26.0,28.0,4.0,11.0
2023-05-11T15:52:00-05:00,11.0,15.0,6.0,5.0,5.0,8.0,29.0,11.0,5.0,4.0,,4.0,7.0,4.0,27.0,24.0,,9.0
2023-05-11T15:52:30-05:00,11.0,15.0,5.0,4.0,5.0,8.0,7.0,11.0,5.0,5.0,,5.0,8.0,4.0,26.0,24.0,5.0,8.0
2023-05-11T15:53:00-05:00,11.0,16.0,5.0,4.0,5.0,9.0,8.0,11.0,4.0,6.0,,6.0,7.0,4.0,26.0,13.0,4.0,9.0
2023-05-11T15:53:30-05:00,11.0,14.0,6.0,5.0,4.0,8.0,219.0,10.0,4.0,5.0,,5.0,8.0,3.0,29.0,9.0,5.0,9.0
2023-05-11T15:54:00-05:00,11.0,14.0,5.0,4.0,5.0,9.0,272.0,14.0,5.0,5.0,,4.0,6.0,4.0,29.0,4.0,5.0,8.0
2023-05-11T15:54:30-05:00,11.0,14.0,6.0,5.0,5.0,8.0,8.0,16.0,5.0,5.0,,5.0,6.0,4.0,30.0,5.0,5.0,8.0
2023-05-11T15:55:00-05:00,11.0,15.0,5.0,4.0,,9.0,120.0,12.0,4.0,5.0,,4.0,5.0,4.0,31.0,7.0,4.0,9.0
2023-05-11T15:55:30-05:00,11.0,14.0,5.0,5.0,4.0,8.0,7.0,13.0,5.0,5.0,,5.0,5.0,3.0,30.0,7.0,5.0,8.0
2023-05-11T15:56:00-05:00,11.0,15.0,5.0,5.0,,9.0,8.0,13.0,5.0,5.0,,4.0,6.0,4.0,30.0,5.0,4.0,8.0
2023-05-11T15:56:30-05:00,11.0,14.0,6.0,6.0,5.0,11.0,6.0,12.0,5.0,5.0,,5.0,6.0,5.0,30.0,5.0,5.0,7.0
2023-05-11T15:57:00-05:00,11.0,15.0,5.0,5.0,5.0,9.0,7.0,12.0,5.0,5.0,,5.0,7.0,4.0,29.0,5.0,4.0,8.0
2023-05-11T15:57:30-05:00,11.0,14.0,5.0,5.0,5.0,9.0,5.0,12.0,4.0,5.0,,5.0,6.0,4.0,31.0,5.0,5.0,7.0
2023-05-11T15:58:00-05:00,11.0,14.0,5.0,5.0,5.0,10.0,5.0,12.0,4.0,6.0,,4.0,6.0,4.0,29.0,7.0,4.0,7.0
2023-05-11T15:58:30-05:00,11.0,13.0,5.0,5.0,,9.0,5.0,12.0,5.0,6.0,,4.0,6.0,4.0,28.0,7.0,3.0,6.0
2023-05-11T15:59:00-05:00,11.0,12.0,6.0,5.0,4.0,8.0,6.0,12.0,5.0,5.0,,4.0,6.0,5.0,27.0,4.0,3.0,7.0
2023-05-11T16:00:00-05:00,11.0,13.0,6.0,6.0,5.0,9.0,5.0,13.0,5.0,5.0,,4.0,7.0,4.0,27.0,5.0,4.0,6.0
2023-05-11T16:00:30-05:00,11.0,14.0,6.0,6.0,5.0,10.0,5.0,13.0,5.0,5.0,,4.0,7.0,4.0,26.0,4.0,5.0,6.0
2023-05-11T16:01:00-05:00,11.0,14.0,5.0,6.0,5.0,9.0,5.0,21.0,5.0,5.0,,4.0,5.0,5.0,26.0,5.0,5.0,6.0
2023-05-11T16:01:30-05:00,11.0,13.0,6.0,6.0,5.0,10.0,89.0,17.0,5.0,5.0,,4.0,5.0,5.0,28.0,6.0,6.0,6.0
2023-05-11T16:02:00-05:00,11.0,15.0,6.0,7.0,6.0,11.0,6.0,14.0,4.0,5.0,,4.0,5.0,6.0,29.0,4.0,5.0,6.0
2023-05-11T16:02:30-05:00,11.0,15.0,7.0,7.0,5.0,10.0,5.0,13.0,5.0,5.0,,5.0,6.0,5.0,30.0,4.0,5.0,6.0
2023-05-11T16:03:00-05:00,11.0,12.0,6.0,7.0,5.0,7.0,5.0,13.0,5.0,6.0,,5.0,6.0,5.0,30.0,4.0,7.0,6.0
2023-05-11T16:03:30-05:00,11.0,12.0,6.0,7.0,,6.0,5.0,12.0,5.0,5.0,,5.0,6.0,5.0,27.0,6.0,5.0,6.0
2023-05-11T16:04:00-05:00,11.0,13.0,7.0,7.0,5.0,6.0,6.0,12.0,5.0,6.0,,10.0,6.0,6.0,23.0,4.0,5.0,6.0
2023-05-11T16:04:30-05:00,11.0,13.0,8.0,7.0,6.0,7.0,5.0,12.0,5.0,5.0,,6.0,6.0,6.0,24.0,4.0,5.0,5.0
2023-05-11T16:05:00-05:00,11.0,14.0,7.0,7.0,6.0,6.0,5.0,12.0,4.0,5.0,,5.0,5.0,6.0,22.0,4.0,10.0,6.0
2023-05-11T16:05:30-05:00,11.0,14.0,7.0,7.0,6.0,5.0,6.0,12.0,4.0,4.0,,5.0,6.0,5.0,23.0,7.0,7.0,6.0
2023-05-11T16:06:00-05:00,11.0,12.0,7.0,7.0,6.0,5.0,7.0,9.0,5.0,5.0,,5.0,6.0,6.0,20.0,4.0,7.0,6.0
2023-05-11T16:06:30-05:00,11.0,11.0,7.0,7.0,6.0,6.0,6.0,9.0,4.0,6.0,,4.0,6.0,5.0,19.0,6.0,4.0,6.0
2023-05-11T16:07:00-05:00,11.0,10.0,6.0,5.0,6.0,7.0,6.0,8.0,5.0,5.0,,5.0,5.0,6.0,18.0,6.0,5.0,6.0
2023-05-11T16:07:30-05:00,11.0,11.0,6.0,6.0,5.0,5.0,6.0,8.0,5.0,4.0,,5.0,5.0,5.0,17.0,5.0,6.0,5.0
2023-05-11T16:08:00-05:00,11.0,12.0,6.0,6.0,5.0,5.0,8.0,7.0,4.0,4.0,,5.0,6.0,5.0,17.0,4.0,5.0,5.0
2023-05-11T16:08:30-05:00,11.0,11.0,6.0,5.0,6.0,5.0,6.0,7.0,4.0,4.0,,4.0,5.0,4.0,16.0,4.0,5.0,6.0
2023-05-11T16:09:30-05:00,11.0,12.0,6.0,5.0,5.0,12.0,10.0,7.0,3.0,5.0,,4.0,5.0,5.0,15.0,3.0,5.0,5.0
2023-05-11T16:10:00-05:00,11.0,10.0,6.0,5.0,,8.0,12.0,8.0,4.0,5.0,,4.0,6.0,5.0,13.0,3.0,5.0,6.0
2023-05-11T16:10:30-05:00,11.0,10.0,7.0,5.0,5.0,6.0,10.0,8.0,4.0,4.0,,4.0,5.0,4.0,14.0,4.0,5.0,6.0
2023-05-11T16:11:00-05:00,11.0,10.0,6.0,5.0,5.0,5.0,8.0,7.0,4.0,4.0,,4.0,5.0,4.0,14.0,3.0,4.0,6.0
2023-05-11T16:11:30-05:00,11.0,11.0,6.0,5.0,5.0,5.0,55.0,7.0,4.0,4.0,,4.0,6.0,4.0,14.0,4.0,5.0,6.0
2023-05-11T16:12:00-05:00,11.0,12.0,5.0,5.0,,5.0,369.0,7.0,4.0,4.0,,4.0,5.0,4.0,14.0,4.0,5.0,5.0
2023-05-11T16:12:30-05:00,11.0,10.0,6.0,4.0,5.0,6.0,6.0,7.0,4.0,4.0,4.0,5.0,5.0,5.0,12.0,4.0,,5.0
2023-05-11T16:13:00-05:00,11.0,10.0,6.0,5.0,4.0,6.0,10.0,8.0,4.0,4.0,4.0,24.0,5.0,4.0,13.0,2.0,5.0,5.0
2023-05-11T16:13:30-05:00,11.0,10.0,5.0,5.0,5.0,5.0,98.0,7.0,4.0,4.0,4.0,7.0,5.0,5.0,14.0,5.0,6.0,6.0
2023-05-11T16:14:00-05:00,11.0,10.0,5.0,5.0,5.0,5.0,59.0,8.0,4.0,4.0,4.0,8.0,5.0,5.0,16.0,4.0,5.0,5.0
2023-05-11T16:14:30-05:00,11.0,11.0,5.0,4.0,,5.0,11.0,7.0,4.0,4.0,4.0,5.0,5.0,5.0,18.0,3.0,4.0,5.0
2023-05-11T16:15:00-05:00,11.0,10.0,6.0,5.0,5.0,5.0,6.0,6.0,4.0,4.0,4.0,8.0,5.0,4.0,18.0,3.0,4.0,5.0
2023-05-11T16:15:30-05:00,11.0,10.0,6.0,6.0,5.0,6.0,7.0,7.0,5.0,4.0,4.0,5.0,5.0,5.0,17.0,3.0,4.0,5.0
2023-05-11T16:16:00-05:00,11.0,10.0,6.0,5.0,,6.0,33.0,7.0,4.0,4.0,4.0,4.0,5.0,4.0,16.0,3.0,4.0,6.0
2023-05-11T16:16:30-05:00,11.0,10.0,6.0,5.0,6.0,13.0,6.0,7.0,4.0,4.0,4.0,5.0,5.0,4.0,16.0,3.0,5.0,5.0
2023-05-11T16:17:00-05:00,11.0,10.0,6.0,5.0,5.0,9.0,5.0,7.0,3.0,5.0,4.0,4.0,5.0,5.0,18.0,3.0,5.0,5.0
2023-05-11T16:17:30-05:00,11.0,10.0,7.0,5.0,5.0,8.0,6.0,7.0,3.0,4.0,4.0,5.0,5.0,5.0,17.0,3.0,5.0,5.0
2023-05-11T16:18:00-05:00,11.0,10.0,6.0,6.0,5.0,6.0,23.0,7.0,3.0,4.0,4.0,6.0,5.0,6.0,15.0,3.0,5.0,5.0
2023-05-11T16:18:30-05:00,11.0,10.0,6.0,6.0,5.0,7.0,5.0,6.0,4.0,3.0,4.0,5.0,5.0,5.0,14.0,3.0,4.0,8.0
2023-05-11T16:19:00-05:00,11.0,10.0,6.0,6.0,5.0,7.0,9.0,6.0,4.0,4.0,4.0,4.0,5.0,4.0,14.0,3.0,4.0,8.0
2023-05-11T16:20:00-05:00,11.0,10.0,6.0,6.0,4.0,6.0,13.0,6.0,3.0,4.0,4.0,5.0,5.0,5.0,16.0,2.0,4.0,6.0
2023-05-11T16:20:30-05:00,11.0,10.0,6.0,6.0,,5.0,8.0,6.0,4.0,4.0,4.0,4.0,6.0,5.0,14.0,3.0,4.0,6.0
2023-05-11T16:21:00-05:00,11.0,10.0,6.0,6.0,5.0,6.0,10.0,6.0,4.0,4.0,4.0,4.0,5.0,5.0,15.0,4.0,4.0,6.0
2023-05-11T16:21:30-05:00,11.0,12.0,6.0,5.0,5.0,6.0,5.0,25.0,4.0,4.0,4.0,5.0,4.0,4.0,15.0,3.0,4.0,5.0
2023-05-11T16:22:00-05:00,11.0,11.0,5.0,5.0,5.0,5.0,5.0,10.0,4.0,4.0,5.0,5.0,5.0,4.0,14.0,3.0,4.0,5.0
2023-05-11T16:22:30-05:00,11.0,9.0,5.0,6.0,,5.0,6.0,9.0,4.0,5.0,5.0,4.0,5.0,4.0,15.0,3.0,4.0,6.0
2023-05-11T16:23:00-05:00,11.0,9.0,5.0,5.0,6.0,5.0,22.0,7.0,5.0,5.0,4.0,7.0,5.0,5.0,15.0,4.0,4.0,5.0
2023-05-11T16:23:30-05:00,11.0,9.0,6.0,5.0,6.0,6.0,5.0,7.0,4.0,5.0,4.0,8.0,4.0,5.0,15.0,4.0,4.0,5.0
2023-05-11T16:24:00-05:00,11.0,10.0,6.0,5.0,5.0,8.0,4.0,6.0,4.0,4.0,4.0,7.0,4.0,4.0,15.0,4.0,4.0,5.0
2023-05-11T16:24:30-05:00,11.0,11.0,6.0,5.0,5.0,10.0,5.0,6.0,3.0,4.0,4.0,6.0,4.0,4.0,15.0,2.0,4.0,5.0
2023-05-11T16:25:00-05:00,11.0,10.0,5.0,5.0,5.0,10.0,13.0,6.0,3.0,4.0,4.0,4.0,5.0,4.0,15.0,4.0,4.0,6.0
2023-05-11T16:25:30-05:00,11.0,12.0,6.0,5.0,,8.0,79.0,5.0,4.0,5.0,4.0,4.0,5.0,4.0,15.0,3.0,4.0,6.0
2023-05-11T16:26:00-05:00,11.0,10.0,5.0,5.0,5.0,7.0,12.0,6.0,4.0,4.0,4.0,4.0,5.0,4.0,16.0,3.0,4.0,7.0
2023-05-11T16:26:30-05:00,11.0,9.0,6.0,5.0,5.0,5.0,795.0,7.0,4.0,5.0,4.0,5.0,5.0,4.0,19.0,3.0,4.0,7.0
2023-05-11T16:27:00-05:00,11.0,9.0,6.0,5.0,6.0,6.0,370.0,7.0,3.0,5.0,4.0,5.0,5.0,4.0,16.0,3.0,3.0,5.0
2023-05-11T16:27:30-05:00,11.0,9.0,5.0,5.0,5.0,5.0,506.0,7.0,4.0,6.0,4.0,5.0,5.0,4.0,15.0,3.0,4.0,5.0
2023-05-11T16:28:00-05:00,11.0,8.0,6.0,5.0,,5.0,5.0,8.0,3.0,6.0,4.0,4.0,5.0,4.0,13.0,3.0,4.0,5.0
2023-05-11T16:28:30-05:00,11.0,8.0,6.0,6.0,5.0,7.0,20.0,6.0,3.0,6.0,4.0,3.0,5.0,4.0,11.0,4.0,4.0,5.0
2023-05-11T16:29:00-05:00,11.0,14.0,6.0,5.0,5.0,6.0,7.0,6.0,4.0,6.0,4.0,4.0,5.0,4.0,11.0,4.0,4.0,5.0
2023-05-11T16:29:30-05:00,11.0,12.0,6.0,5.0,,7.0,4.0,7.0,3.0,5.0,4.0,6.0,5.0,4.0,12.0,5.0,6.0,5.0
2023-05-11T16:30:30-05:00,11.0,9.0,6.0,5.0,5.0,6.0,5.0,6.0,4.0,6.0,4.0,5.0,4.0,5.0,12.0,3.0,4.0,5.0
2023-05-11T16:31:00-05:00,11.0,10.0,5.0,5.0,5.0,6.0,5.0,5.0,4.0,7.0,4.0,5.0,4.0,5.0,10.0,2.0,4.0,6.0
2023-05-11T16:31:30-05:00,11.0,9.0,6.0,6.0,,6.0,5.0,5.0,4.0,6.0,4.0,4.0,4.0,4.0,10.0,3.0,4.0,6.0
2023-05-11T16:32:00-05:00,11.0,9.0,6.0,4.0,5.0,7.0,10.0,6.0,3.0,5.0,4.0,4.0,4.0,5.0,9.0,3.0,4.0,6.0
2023-05-11T16:32:30-05:00,11.0,10.0,5.0,5.0,6.0,7.0,3.0,6.0,3.0,5.0,4.0,4.0,5.0,5.0,10.0,4.0,7.0,5.0
2023-05-11T16:33:00-05:00,11.0,10.0,6.0,6.0,5.0,6.0,5.0,5.0,3.0,5.0,4.0,4.0,4.0,6.0,11.0,3.0,6.0,5.0
2023-05-11T16:33:30-05:00,11.0,10.0,6.0,6.0,5.0,6.0,5.0,5.0,3.0,4.0,4.0,5.0,4.0,5.0,11.0,3.0,7.0,5.0
2023-05-11T16:34:00-05:00,11.0,10.0,5.0,5.0,5.0,7.0,7.0,5.0,3.0,5.0,4.0,4.0,4.0,4.0,12.0,3.0,7.0,5.0
2023-05-11T16:34:30-05:00,11.0,9.0,6.0,6.0,5.0,6.0,5.0,6.0,4.0,5.0,4.0,3.0,4.0,4.0,11.0,3.0,6.0,5.0
2023-05-11T16:35:00-05:00,11.0,9.0,5.0,6.0,,6.0,5.0,5.0,4.0,4.0,4.0,4.0,5.0,5.0,11.0,3.0,6.0,6.0
2023-05-11T16:35:30-05:00,11.0,8.0,6.0,5.0,6.0,5.0,5.0,5.0,4.0,4.0,4.0,4.0,5.0,5.0,12.0,2.0,6.0,5.0
2023-05-11T16:36:00-05:00,11.0,8.0,6.0,6.0,6.0,6.0,5.0,6.0,4.0,4.0,4.0,4.0,5.0,6.0,10.0,3.0,5.0,5.0
2023-05-11T16:36:30-05:00,11.0,9.0,7.0,6.0,6.0,6.0,6.0,6.0,3.0,4.0,4.0,4.0,5.0,5.0,10.0,3.0,5.0,5.0
2023-05-11T16:37:00-05:00,11.0,10.0,6.0,5.0,6.0,6.0,4.0,6.0,4.0,4.0,4.0,4.0,5.0,5.0,11.0,3.0,5.0,5.0
2023-05-11T16:37:30-05:00,11.0,10.0,6.0,6.0,,7.0,5.0,5.0,4.0,4.0,,4.0,5.0,6.0,10.0,5.0,4.0,5.0
2023-05-11T16:38:00-05:00,11.0,11.0,6.0,5.0,6.0,9.0,5.0,5.0,4.0,4.0,4.0,4.0,5.0,5.0,10.0,3.0,6.0,5.0
2023-05-11T16:38:30-05:00,11.0,11.0,6.0,6.0,6.0,8.0,5.0,6.0,4.0,5.0,4.0,3.0,5.0,5.0,11.0,2.0,6.0,5.0
2023-05-11T16:39:00-05:00,11.0,10.0,7.0,6.0,5.0,8.0,6.0,5.0,4.0,5.0,4.0,4.0,5.0,5.0,11.0,2.0,5.0,6.0
2023-05-11T16:39:30-05:00,11.0,11.0,7.0,5.0,6.0,7.0,5.0,5.0,3.0,5.0,4.0,4.0,4.0,5.0,10.0,5.0,4.0,5.0
2023-05-11T16:40:00-05:00,11.0,10.0,7.0,6.0,6.0,8.0,6.0,5.0,4.0,5.0,4.0,3.0,5.0,5.0,10.0,4.0,4.0,4.0
2023-05-11T16:40:30-05:00,11.0,10.0,7.0,6.0,6.0,10.0,6.0,4.0,4.0,4.0,4.0,4.0,5.0,5.0,10.0,3.0,5.0,5.0
2023-05-11T16:41:00-05:00,11.0,10.0,6.0,6.0,6.0,8.0,5.0,5.0,4.0,4.0,4.0,4.0,4.0,5.0,9.0,2.0,4.0,6.0
2023-05-11T16:41:30-05:00,11.0,10.0,7.0,6.0,6.0,8.0,4.0,5.0,4.0,5.0,4.0,5.0,5.0,5.0,10.0,4.0,5.0,6.0
2023-05-11T16:42:00-05:00,11.0,10.0,6.0,6.0,6.0,7.0,5.0,5.0,4.0,4.0,4.0,4.0,4.0,5.0,11.0,3.0,5.0,5.0
2023-05-11T16:42:30-05:00,11.0,10.0,6.0,7.0,6.0,7.0,4.0,6.0,4.0,4.0,4.0,4.0,4.0,6.0,9.0,2.0,4.0,5.0
2023-05-11T16:43:30-05:00,11.0,10.0,7.0,5.0,7.0,8.0,5.0,5.0,4.0,5.0,4.0,3.0,5.0,5.0,10.0,2.0,5.0,5.0
2023-05-11T16:44:00-05:00,11.0,10.0,6.0,6.0,6.0,8.0,5.0,5.0,4.0,5.0,4.0,4.0,5.0,5.0,11.0,2.0,4.0,5.0
2023-05-11T16:44:30-05:00,11.0,10.0,6.0,6.0,6.0,8.0,5.0,5.0,4.0,3.0,4.0,5.0,5.0,6.0,10.0,3.0,4.0,5.0
2023-05-11T16:45:00-05:00,11.0,11.0,7.0,6.0,6.0,7.0,5.0,5.0,4.0,4.0,4.0,5.0,5.0,5.0,10.0,4.0,5.0,5.0
2023-05-11T16:45:30-05:00,11.0,11.0,6.0,6.0,5.0,7.0,,5.0,4.0,4.0,4.0,4.0,5.0,5.0,11.0,5.0,5.0,5.0
2023-05-11T16:46:00-05:00,11.0,10.0,6.0,6.0,6.0,8.0,5.0,6.0,4.0,4.0,4.0,4.0,5.0,5.0,10.0,3.0,5.0,6.0
2023-05-11T16:46:30-05:00,11.0,11.0,5.0,5.0,5.0,7.0,4.0,5.0,3.0,4.0,4.0,4.0,5.0,5.0,10.0,3.0,5.0,5.0
2023-05-11T16:47:00-05:00,11.0,10.0,6.0,6.0,6.0,6.0,8.0,5.0,4.0,4.0,4.0,3.0,5.0,6.0,10.0,3.0,4.0,5.0
2023-05-11T16:47:30-05:00,11.0,10.0,6.0,6.0,6.0,6.0,11.0,4.0,4.0,4.0,4.0,3.0,5.0,6.0,10.0,2.0,5.0,5.0
2023-05-11T16:48:00-05:00,11.0,11.0,7.0,6.0,6.0,6.0,,5.0,4.0,4.0,4.0,4.0,4.0,5.0,11.0,4.0,4.0,5.0
2023-05-11T16:48:30-05:00,11.0,11.0,6.0,6.0,6.0,6.0,6.0,6.0,4.0,4.0,4.0,4.0,4.0,5.0,10.0,4.0,4.0,5.0
2023-05-11T16:49:00-05:00,11.0,10.0,6.0,5.0,6.0,6.0,5.0,5.0,4.0,4.0,4.0,4.0,5.0,6.0,10.0,4.0,4.0,6.0
2023-05-11T16:49:30-05:00,11.0,9.0,7.0,6.0,5.0,6.0,5.0,5.0,4.0,4.0,4.0,4.0,5.0,5.0,9.0,3.0,4.0,5.0
2023-05-11T16:50:00-05:00,11.0,11.0,7.0,6.0,6.0,6.0,5.0,5.0,4.0,4.0,4.0,4.0,5.0,5.0,10.0,6.0,4.0,5.0
2023-05-11T16:50:30-05:00,11.0,10.0,6.0,6.0,6.0,5.0,5.0,5.0,5.0,4.0,4.0,4.0,5.0,5.0,10.0,5.0,4.0,5.0
2023-05-11T16:51:00-05:00,11.0,9.0,6.0,6.0,6.0,7.0,5.0,5.0,3.0,4.0,4.0,4.0,5.0,5.0,10.0,3.0,4.0,5.0
2023-05-11T16:51:30-05:00,11.0,10.0,7.0,7.0,6.0,7.0,5.0,6.0,4.0,4.0,4.0,4.0,5.0,6.0,10.0,4.0,4.0,5.0
2023-05-11T16:52:00-05:00,11.0,10.0,7.0,7.0,7.0,7.0,5.0,5.0,4.0,4.0,4.0,4.0,5.0,6.0,10.0,3.0,4.0,5.0
2023-05-11T16:52:30-05:00,11.0,12.0,7.0,7.0,7.0,7.0,5.0,5.0,4.0,4.0,4.0,4.0,5.0,6.0,10.0,3.0,4.0,5.0
2023-05-11T16:53:00-05:00,11.0,11.0,7.0,7.0,6.0,7.0,4.0,5.0,4.0,4.0,4.0,4.0,5.0,5.0,10.0,3.0,4.0,5.0
2023-05-11T16:53:30-05:00,11.0,11.0,7.0,6.0,6.0,7.0,4.0,6.0,4.0,4.0,4.0,4.0,5.0,5.0,10.0,4.0,4.0,5.0
2023-05-11T16:54:00-05:00,11.0,11.0,7.0,7.0,6.0,6.0,6.0,5.0,4.0,4.0,4.0,4.0,5.0,6.0,11.0,4.0,4.0,5.0
2023-05-11T16:54:30-05:00,11.0,11.0,6.0,7.0,7.0,6.0,5.0,5.0,4.0,5.0,4.0,4.0,5.0,6.0,11.0,3.0,5.0,5.0
2023-05-11T16:55:00-05:00,11.0,10.0,7.0,7.0,6.0,7.0,4.0,4.0,4.0,5.0,4.0,40.0,5.0,,10.0,4.0,5.0,5.0
2023-05-11T16:55:30-05:00,11.0,10.0,7.0,7.0,6.0,7.0,4.0,6.0,4.0,5.0,4.0,24.0,5.0,6.0,11.0,3.0,5.0,5.0
2023-05-11T16:56:00-05:00,11.0,11.0,7.0,7.0,6.0,7.0,6.0,5.0,4.0,3.0,4.0,9.0,4.0,6.0,11.0,3.0,5.0,5.0
2023-05-11T16:56:30-05:00,11.0,12.0,7.0,6.0,6.0,6.0,5.0,5.0,4.0,3.0,4.0,9.0,4.0,6.0,11.0,4.0,6.0,5.0
2023-05-11T16:57:30-05:00,11.0,12.0,7.0,7.0,6.0,7.0,4.0,5.0,4.0,4.0,4.0,7.0,5.0,5.0,10.0,4.0,4.0,5.0
2023-05-11T16:58:00-05:00,11.0,12.0,6.0,6.0,5.0,6.0,5.0,6.0,5.0,4.0,4.0,5.0,5.0,5.0,11.0,4.0,4.0,5.0
2023-05-11T16:58:30-05:00,11.0,12.0,7.0,6.0,6.0,6.0,5.0,5.0,4.0,4.0,4.0,5.0,5.0,5.0,11.0,4.0,4.0,5.0
2023-05-11T16:59:00-05:00,11.0,12.0,7.0,6.0,6.0,6.0,4.0,5.0,5.0,4.0,4.0,5.0,5.0,5.0,10.0,4.0,4.0,5.0
2023-05-11T16:59:30-05:00,11.0,12.0,7.0,6.0,6.0,7.0,5.0,6.0,5.0,4.0,4.0,4.0,5.0,5.0,9.0,4.0,4.0,5.0
2023-05-11T17:00:00-05:00,11.0,12.0,6.0,6.0,6.0,8.0,5.0,5.0,4.0,3.0,4.0,4.0,5.0,6.0,10.0,3.0,5.0,5.0
2023-05-11T17:00:30-05:00,11.0,11.0,7.0,6.0,5.0,6.0,4.0,5.0,4.0,3.0,4.0,4.0,5.0,5.0,10.0,5.0,4.0,5.0
2023-05-11T17:01:00-05:00,11.0,11.0,7.0,6.0,6.0,5.0,4.0,5.0,5.0,4.0,4.0,4.0,5.0,6.0,11.0,2.0,4.0,5.0
2023-05-11T17:01:30-05:00,11.0,11.0,7.0,5.0,7.0,6.0,5.0,5.0,5.0,4.0,4.0,4.0,6.0,6.0,11.0,4.0,5.0,6.0
2023-05-11T17:02:00-05:00,11.0,12.0,7.0,6.0,7.0,6.0,5.0,6.0,5.0,4.0,4.0,3.0,5.0,6.0,10.0,4.0,5.0,6.0
2023-05-11T17:02:30-05:00,11.0,11.0,7.0,5.0,6.0,6.0,5.0,5.0,4.0,4.0,4.0,4.0,6.0,6.0,10.0,3.0,4.0,5.0
2023-05-11T17:03:00-05:00,11.0,11.0,6.0,5.0,6.0,6.0,5.0,5.0,5.0,4.0,4.0,4.0,6.0,6.0,10.0,5.0,5.0,6.0
2023-05-11T17:03:30-05:00,11.0,11.0,7.0,5.0,6.0,6.0,5.0,6.0,4.0,4.0,4.0,5.0,5.0,6.0,10.0,4.0,5.0,6.0
2023-05-11T17:04:00-05:00,11.0,11.0,6.0,6.0,7.0,6.0,4.0,5.0,5.0,4.0,4.0,5.0,6.0,5.0,10.0,4.0,4.0,6.0
2023-05-11T17:04:30-05:00,11.0,11.0,6.0,6.0,7.0,7.0,5.0,5.0,4.0,4.0,4.0,4.0,6.0,6.0,9.0,3.0,5.0,6.0
2023-05-11T17:05:00-05:00,11.0,11.0,6.0,5.0,7.0,6.0,5.0,5.0,5.0,3.0,4.0,4.0,5.0,5.0,9.0,3.0,5.0,5.0
2023-05-11T17:05:30-05:00,11.0,12.0,7.0,6.0,7.0,6.0,5.0,5.0,5.0,4.0,5.0,4.0,5.0,6.0,11.0,5.0,5.0,6.0
2023-05-11T17:06:00-05:00,11.0,11.0,7.0,6.0,6.0,9.0,5.0,5.0,5.0,3.0,5.0,4.0,5.0,6.0,10.0,5.0,5.0,6.0
2023-05-11T17:06:30-05:00,11.0,11.0,7.0,5.0,6.0,8.0,5.0,5.0,5.0,3.0,5.0,3.0,6.0,6.0,10.0,4.0,5.0,5.0
2023-05-11T17:07:00-05:00,11.0,12.0,7.0,6.0,6.0,6.0,3.0,5.0,5.0,4.0,5.0,4.0,5.0,6.0,10.0,4.0,4.0,5.0
2023-05-11T17:07:30-05:00,11.0,11.0,7.0,6.0,7.0,6.0,5.0,5.0,5.0,4.0,5.0,4.0,6.0,5.0,10.0,3.0,4.0,5.0
2023-05-11T17:08:00-05:00,11.0,13.0,7.0,6.0,7.0,7.0,5.0,6.0,5.0,4.0,5.0,4.0,6.0,6.0,11.0,3.0,4.0,5.0
2023-05-11T17:08:30-05:00,11.0,12.0,7.0,6.0,7.0,6.0,5.0,5.0,4.0,4.0,5.0,4.0,6.0,5.0,10.0,3.0,4.0,6.0
2023-05-11T17:09:00-05:00,11.0,12.0,7.0,7.0,7.0,5.0,5.0,5.0,5.0,4.0,5.0,4.0,5.0,5.0,10.0,4.0,5.0,5.0
2023-05-11T17:09:30-05:00,11.0,13.0,7.0,6.0,6.0,7.0,4.0,5.0,5.0,4.0,5.0,4.0,6.0,5.0,10.0,3.0,4.0,5.0
2023-05-11T17:10:00-05:00,11.0,13.0,8.0,6.0,7.0,6.0,5.0,5.0,5.0,4.0,5.0,4.0,5.0,6.0,10.0,3.0,4.0,5.0
2023-05-11T17:10:30-05:00,11.0,13.0,8.0,6.0,7.0,6.0,4.0,5.0,4.0,4.0,5.0,5.0,5.0,5.0,10.0,4.0,4.0,6.0
2023-05-11T17:11:00-05:00,11.0,14.0,8.0,5.0,7.0,6.0,5.0,5.0,4.0,4.0,5.0,4.0,6.0,6.0,11.0,3.0,4.0,5.0
2023-05-11T17:11:30-05:00,11.0,13.0,7.0,6.0,7.0,6.0,4.0,6.0,4.0,4.0,5.0,5.0,6.0,5.0,11.0,3.0,4.0,5.0
2023-05-11T17:12:00-05:00,11.0,13.0,6.0,6.0,6.0,6.0,4.0,5.0,5.0,4.0,5.0,4.0,6.0,5.0,11.0,4.0,4.0,5.0
2023-05-11T17:12:30-05:00,11.0,12.0,6.0,6.0,7.0,7.0,4.0,5.0,4.0,4.0,5.0,5.0,5.0,6.0,11.0,2.0,4.0,5.0
2023-05-11T17:13:00-05:00,11.0,12.0,7.0,5.0,7.0,7.0,5.0,5.0,5.0,4.0,5.0,5.0,5.0,6.0,12.0,4.0,4.0,5.0
2023-05-11T17:14:00-05:00,11.0,13.0,8.0,6.0,6.0,6.0,5.0,5.0,4.0,4.0,3.0,5.0,5.0,6.0,10.0,3.0,4.0,6.0
2023-05-11T17:14:30-05:00,11.0,14.0,7.0,7.0,7.0,6.0,5.0,5.0,4.0,4.0,3.0,6.0,6.0,6.0,11.0,2.0,4.0,6.0
2023-05-11T17:15:00-05:00,11.0,14.0,8.0,6.0,7.0,6.0,5.0,5.0,4.0,3.0,3.0,5.0,6.0,6.0,11.0,4.0,4.0,6.0
2023-05-11T17:15:30-05:00,11.0,13.0,7.0,7.0,7.0,6.0,5.0,5.0,5.0,3.0,3.0,5.0,6.0,6.0,11.0,3.0,4.0,5.0
2023-05-11T17:16:00-05:00,11.0,13.0,8.0,7.0,6.0,6.0,5.0,5.0,4.0,4.0,3.0,4.0,6.0,6.0,11.0,5.0,4.0,5.0
2023-05-11T17:16:30-05:00,11.0,12.0,7.0,6.0,6.0,6.0,5.0,6.0,5.0,3.0,3.0,5.0,5.0,6.0,11.0,2.0,4.0,6.0
2023-05-11T17:17:00-05:00,11.0,13.0,7.0,6.0,6.0,6.0,4.0,6.0,4.0,4.0,5.0,4.0,5.0,,9.0,5.0,4.0,5.0
2023-05-11T17:17:30-05:00,11.0,13.0,7.0,6.0,6.0,6.0,,5.0,5.0,4.0,5.0,4.0,5.0,6.0,10.0,3.0,4.0,6.0
2023-05-11T17:18:00-05:00,11.0,15.0,7.0,5.0,6.0,6.0,4.0,5.0,5.0,4.0,5.0,5.0,6.0,5.0,10.0,3.0,4.0,5.0
2023-05-11T17:18:30-05:00,11.0,13.0,8.0,5.0,6.0,6.0,5.0,5.0,5.0,4.0,5.0,4.0,5.0,6.0,11.0,4.0,4.0,5.0
2023-05-11T17:19:00-05:00,11.0,12.0,7.0,7.0,7.0,7.0,6.0,6.0,4.0,5.0,4.0,14.0,6.0,7.0,11.0,4.0,4.0,5.0
2023-05-11T17:19:30-05:00,11.0,12.0,7.0,6.0,7.0,6.0,4.0,5.0,5.0,4.0,4.0,8.0,6.0,7.0,10.0,4.0,5.0,5.0
2023-05-11T17:20:00-05:00,11.0,13.0,7.0,7.0,7.0,6.0,5.0,6.0,5.0,4.0,4.0,6.0,6.0,6.0,10.0,4.0,4.0,6.0
2023-05-11T17:20:30-05:00,11.0,13.0,7.0,7.0,7.0,6.0,5.0,6.0,5.0,4.0,4.0,5.0,6.0,6.0,11.0,3.0,4.0,6.0
2023-05-11T17:21:00-05:00,11.0,13.0,6.0,6.0,7.0,6.0,4.0,5.0,5.0,5.0,4.0,11.0,5.0,5.0,11.0,4.0,4.0,6.0
2023-05-11T17:21:30-05:00,11.0,13.0,7.0,6.0,6.0,6.0,4.0,5.0,5.0,5.0,4.0,6.0,5.0,6.0,11.0,4.0,4.0,5.0
2023-05-11T17:22:00-05:00,11.0,13.0,8.0,6.0,7.0,5.0,5.0,5.0,4.0,5.0,4.0,5.0,5.0,6.0,11.0,3.0,4.0,5.0
2023-05-11T17:22:30-05:00,11.0,13.0,7.0,7.0,7.0,6.0,5.0,6.0,4.0,5.0,4.0,4.0,5.0,5.0,14.0,4.0,4.0,6.0
2023-05-11T17:23:00-05:00,11.0,13.0,7.0,7.0,6.0,6.0,3.0,5.0,4.0,4.0,5.0,4.0,6.0,6.0,,3.0,4.0,6.0
2023-05-11T17:23:30-05:00,11.0,13.0,7.0,6.0,7.0,5.0,4.0,7.0,4.0,5.0,5.0,4.0,6.0,5.0,14.0,3.0,4.0,6.0
2023-05-11T17:24:00-05:00,11.0,12.0,7.0,7.0,7.0,6.0,5.0,6.0,4.0,5.0,5.0,4.0,5.0,5.0,14.0,4.0,4.0,6.0
2023-05-11T17:24:30-05:00,11.0,12.0,7.0,6.0,7.0,6.0,4.0,6.0,3.0,4.0,5.0,4.0,6.0,6.0,16.0,3.0,3.0,6.0
2023-05-11T17:25:00-05:00,11.0,13.0,7.0,7.0,6.0,6.0,22.0,6.0,4.0,4.0,4.0,4.0,5.0,5.0,16.0,4.0,4.0,5.0
2023-05-11T17:26:00-05:00,11.0,13.0,8.0,7.0,8.0,8.0,5.0,6.0,4.0,5.0,4.0,6.0,6.0,6.0,,3.0,4.0,6.0
2023-05-11T17:26:30-05:00,11.0,13.0,8.0,7.0,8.0,7.0,5.0,6.0,4.0,5.0,4.0,5.0,6.0,6.0,15.0,2.0,4.0,6.0
2023-05-11T17:27:00-05:00,11.0,13.0,7.0,7.0,8.0,8.0,6.0,6.0,4.0,4.0,4.0,5.0,5.0,7.0,12.0,2.0,4.0,6.0
2023-05-11T17:27:30-05:00,11.0,12.0,8.0,6.0,7.0,8.0,9.0,6.0,5.0,4.0,4.0,4.0,5.0,7.0,13.0,3.0,4.0,6.0
2023-05-11T17:28:00-05:00,11.0,14.0,7.0,7.0,7.0,8.0,5.0,7.0,4.0,4.0,4.0,5.0,5.0,6.0,12.0,2.0,4.0,6.0
2023-05-11T17:28:30-05:00,11.0,14.0,7.0,8.0,7.0,8.0,5.0,5.0,5.0,5.0,4.0,6.0,5.0,6.0,13.0,2.0,4.0,6.0
2023-05-11T17:29:00-05:00,11.0,13.0,8.0,7.0,8.0,11.0,5.0,6.0,5.0,5.0,4.0,5.0,6.0,6.0,11.0,4.0,4.0,6.0
2023-05-11T17:29:30-05:00,11.0,13.0,8.0,7.0,8.0,13.0,4.0,6.0,5.0,5.0,4.0,5.0,5.0,6.0,11.0,3.0,4.0,6.0
2023-05-11T17:30:00-05:00,11.0,13.0,8.0,7.0,7.0,9.0,5.0,6.0,5.0,5.0,4.0,6.0,5.0,6.0,12.0,3.0,4.0,7.0
2023-05-11T17:30:30-05:00,11.0,13.0,7.0,7.0,7.0,10.0,5.0,6.0,6.0,6.0,4.0,5.0,5.0,7.0,12.0,3.0,4.0,6.0
2023-05-11T17:31:00-05:00,11.0,13.0,8.0,7.0,8.0,9.0,4.0,6.0,5.0,5.0,4.0,5.0,5.0,7.0,12.0,3.0,5.0,6.0
2023-05-11T17:31:30-05:00,11.0,13.0,8.0,7.0,8.0,9.0,5.0,6.0,5.0,5.0,4.0,5.0,5.0,7.0,12.0,3.0,4.0,6.0
2023-05-11T17:32:00-05:00,11.0,13.0,8.0,8.0,8.0,7.0,5.0,6.0,5.0,6.0,4.0,4.0,5.0,7.0,12.0,3.0,4.0,6.0
2023-05-11T17:32:30-05:00,11.0,13.0,9.0,7.0,9.0,6.0,6.0,6.0,5.0,5.0,4.0,4.0,5.0,7.0,13.0,3.0,4.0,6.0
2023-05-11T17:33:00-05:00,11.0,13.0,9.0,7.0,8.0,7.0,4.0,6.0,5.0,4.0,4.0,4.0,5.0,7.0,,4.0,5.0,6.0
2023-05-11T17:33:30-05:00,11.0,13.0,9.0,7.0,7.0,8.0,4.0,6.0,5.0,5.0,4.0,4.0,5.0,7.0,12.0,2.0,4.0,7.0
2023-05-11T17:34:00-05:00,11.0,14.0,8.0,7.0,7.0,7.0,5.0,6.0,4.0,4.0,4.0,4.0,6.0,7.0,,3.0,4.0,7.0
2023-05-11T17:34:30-05:00,11.0,13.0,8.0,7.0,7.0,6.0,4.0,5.0,4.0,5.0,4.0,4.0,5.0,6.0,13.0,4.0,6.0,7.0
2023-05-11T17:35:00-05:00,11.0,14.0,8.0,6.0,7.0,6.0,9.0,5.0,5.0,5.0,4.0,5.0,5.0,6.0,13.0,3.0,7.0,7.0
2023-05-11T17:35:30-05:00,11.0,13.0,8.0,8.0,7.0,6.0,9.0,6.0,4.0,5.0,4.0,5.0,5.0,7.0,13.0,3.0,7.0,7.0
2023-05-11T17:36:00-05:00,11.0,21.0,8.0,6.0,8.0,7.0,5.0,6.0,5.0,6.0,4.0,4.0,5.0,,13.0,2.0,6.0,6.0
2023-05-11T17:36:30-05:00,11.0,20.0,8.0,7.0,8.0,7.0,5.0,6.0,5.0,5.0,4.0,5.0,5.0,7.0,12.0,3.0,6.0,6.0
2023-05-11T17:37:00-05:00,11.0,15.0,8.0,7.0,8.0,10.0,4.0,6.0,5.0,5.0,4.0,6.0,5.0,6.0,11.0,2.0,5.0,6.0
2023-05-11T17:37:30-05:00,11.0,14.0,8.0,7.0,8.0,8.0,4.0,6.0,4.0,5.0,4.0,5.0,6.0,7.0,12.0,3.0,6.0,6.0
2023-05-11T17:38:00-05:00,11.0,15.0,8.0,7.0,7.0,6.0,5.0,5.0,4.0,5.0,4.0,5.0,6.0,7.0,12.0,3.0,6.0,6.0
2023-05-11T17:39:00-05:00,11.0,15.0,8.0,7.0,8.0,6.0,4.0,5.0,4.0,6.0,4.0,4.0,5.0,,13.0,2.0,6.0,7.0
2023-05-11T17:39:30-05:00,11.0,18.0,8.0,7.0,7.0,7.0,5.0,6.0,4.0,5.0,4.0,5.0,5.0,7.0,12.0,2.0,6.0,6.0
2023-05-11T17:40:00-05:00,11.0,16.0,9.0,7.0,8.0,6.0,4.0,5.0,5.0,5.0,4.0,4.0,5.0,7.0,14.0,3.0,7.0,6.0
2023-05-11T17:40:30-05:00,11.0,15.0,8.0,7.0,7.0,6.0,5.0,6.0,4.0,4.0,4.0,4.0,5.0,6.0,13.0,3.0,7.0,7.0
2023-05-11T17:41:00-05:00,11.0,14.0,7.0,7.0,8.0,7.0,5.0,5.0,4.0,5.0,4.0,5.0,6.0,6.0,13.0,3.0,6.0,7.0
2023-05-11T17:41:30-05:00,11.0,15.0,8.0,7.0,8.0,26.0,4.0,5.0,4.0,4.0,4.0,6.0,5.0,6.0,12.0,3.0,6.0,7.0
2023-05-11T17:42:00-05:00,11.0,14.0,8.0,7.0,8.0,19.0,4.0,6.0,4.0,4.0,4.0,4.0,5.0,,13.0,3.0,5.0,7.0
2023-05-11T17:42:30-05:00,11.0,16.0,8.0,7.0,8.0,9.0,5.0,5.0,4.0,5.0,4.0,4.0,5.0,7.0,13.0,5.0,4.0,7.0
2023-05-11T17:43:00-05:00,11.0,14.0,8.0,7.0,7.0,8.0,5.0,5.0,5.0,5.0,4.0,4.0,5.0,6.0,11.0,2.0,4.0,7.0
2023-05-11T17:43:30-05:00,11.0,14.0,8.0,7.0,8.0,7.0,5.0,5.0,4.0,5.0,4.0,5.0,5.0,,12.0,2.0,4.0,7.0
2023-05-11T17:44:00-05:00,11.0,15.0,7.0,7.0,7.0,7.0,5.0,6.0,4.0,5.0,4.0,11.0,6.0,6.0,13.0,5.0,5.0,7.0
2023-05-11T17:44:30-05:00,11.0,14.0,8.0,6.0,7.0,7.0,4.0,6.0,4.0,5.0,4.0,15.0,5.0,7.0,13.0,3.0,6.0,7.0
2023-05-11T17:45:00-05:00,11.0,16.0,8.0,7.0,7.0,6.0,5.0,6.0,4.0,5.0,4.0,7.0,5.0,6.0,14.0,2.0,5.0,6.0
2023-05-11T17:45:30-05:00,11.0,14.0,8.0,7.0,8.0,5.0,4.0,6.0,5.0,4.0,4.0,9.0,5.0,6.0,13.0,3.0,6.0,6.0
2023-05-11T17:46:00-05:00,11.0,14.0,8.0,7.0,7.0,6.0,4.0,6.0,4.0,5.0,4.0,9.0,6.0,6.0,13.0,3.0,6.0,7.0
2023-05-11T17:46:30-05:00,11.0,15.0,9.0,7.0,8.0,6.0,5.0,6.0,4.0,5.0,4.0,6.0,5.0,8.0,12.0,4.0,4.0,6.0
2023-05-11T17:47:00-05:00,11.0,15.0,8.0,7.0,8.0,5.0,5.0,7.0,4.0,4.0,4.0,5.0,5.0,7.0,13.0,4.0,4.0,7.0
2023-05-11T17:47:30-05:00,11.0,16.0,8.0,7.0,7.0,6.0,6.0,6.0,4.0,4.0,4.0,5.0,5.0,6.0,12.0,4.0,4.0,6.0
2023-05-11T17:48:00-05:00,11.0,15.0,8.0,7.0,7.0,6.0,6.0,6.0,5.0,4.0,4.0,5.0,5.0,7.0,12.0,4.0,5.0,6.0
2023-05-11T17:48:30-05:00,11.0,14.0,7.0,8.0,7.0,6.0,6.0,6.0,4.0,5.0,4.0,5.0,5.0,7.0,12.0,4.0,5.0,6.0
2023-05-11T17:49:00-05:00,11.0,15.0,8.0,7.0,8.0,5.0,5.0,6.0,4.0,5.0,4.0,5.0,5.0,7.0,13.0,4.0,5.0,6.0
2023-05-11T17:49:30-05:00,11.0,15.0,8.0,8.0,8.0,6.0,5.0,6.0,4.0,4.0,4.0,6.0,5.0,6.0,12.0,3.0,4.0,6.0
2023-05-11T17:50:00-05:00,11.0,14.0,8.0,7.0,8.0,7.0,5.0,6.0,4.0,4.0,4.0,8.0,5.0,,12.0,3.0,4.0,6.0
2023-05-11T17:50:30-05:00,11.0,14.0,,8.0,8.0,6.0,5.0,6.0,4.0,4.0,4.0,6.0,5.0,7.0,12.0,3.0,5.0,6.0
2023-05-11T17:51:00-05:00,11.0,13.0,9.0,8.0,8.0,6.0,5.0,5.0,4.0,4.0,4.0,5.0,5.0,8.0,13.0,3.0,5.0,5.0
2023-05-11T17:51:30-05:00,11.0,14.0,,7.0,9.0,6.0,5.0,7.0,4.0,4.0,4.0,4.0,4.0,7.0,12.0,3.0,4.0,5.0
2023-05-11T17:52:30-05:00,11.0,14.0,9.0,8.0,9.0,5.0,5.0,6.0,4.0,4.0,4.0,5.0,5.0,9.0,12.0,3.0,6.0,5.0
2023-05-11T17:53:00-05:00,11.0,13.0,10.0,8.0,9.0,8.0,5.0,6.0,4.0,4.0,4.0,5.0,5.0,8.0,12.0,3.0,5.0,5.0
2023-05-11T17:53:30-05:00,11.0,13.0,10.0,9.0,9.0,6.0,6.0,5.0,4.0,5.0,4.0,5.0,5.0,7.0,14.0,4.0,5.0,6.0
2023-05-11T17:54:00-05:00,11.0,14.0,10.0,9.0,8.0,6.0,6.0,4.0,4.0,4.0,4.0,4.0,4.0,,12.0,3.0,,5.0
2023-05-11T17:54:30-05:00,11.0,13.0,8.0,8.0,8.0,6.0,6.0,5.0,4.0,4.0,4.0,5.0,4.0,7.0,12.0,4.0,6.0,6.0
2023-05-11T17:55:00-05:00,11.0,10.0,9.0,7.0,8.0,6.0,,5.0,4.0,4.0,4.0,5.0,5.0,7.0,12.0,4.0,5.0,6.0
2023-05-11T17:55:30-05:00,11.0,11.0,8.0,7.0,8.0,6.0,5.0,6.0,4.0,4.0,4.0,6.0,5.0,6.0,11.0,4.0,9.0,6.0
2023-05-11T17:56:00-05:00,11.0,9.0,8.0,8.0,8.0,5.0,6.0,5.0,4.0,4.0,4.0,5.0,4.0,,13.0,4.0,7.0,6.0
2023-05-11T17:56:30-05:00,11.0,9.0,9.0,8.0,8.0,6.0,6.0,5.0,4.0,5.0,4.0,6.0,5.0,7.0,13.0,4.0,9.0,6.0
2023-05-11T17:57:00-05:00,11.0,10.0,10.0,9.0,9.0,6.0,6.0,5.0,4.0,4.0,4.0,6.0,5.0,7.0,12.0,3.0,8.0,7.0
2023-05-11T17:57:30-05:00,11.0,12.0,9.0,8.0,8.0,9.0,6.0,6.0,4.0,4.0,4.0,5.0,5.0,7.0,12.0,1.0,7.0,6.0
2023-05-11T17:58:00-05:00,11.0,13.0,8.0,8.0,8.0,8.0,5.0,6.0,4.0,4.0,4.0,7.0,5.0,6.0,12.0,3.0,7.0,6.0
2023-05-11T17:58:30-05:00,11.0,14.0,8.0,7.0,7.0,8.0,5.0,7.0,4.0,4.0,4.0,7.0,4.0,,12.0,3.0,6.0,6.0
2023-05-11T17:59:00-05:00,11.0,15.0,7.0,7.0,7.0,8.0,7.0,7.0,4.0,4.0,4.0,10.0,4.0,6.0,13.0,4.0,6.0,6.0
2023-05-11T17:59:30-05:00,11.0,22.0,8.0,7.0,8.0,7.0,5.0,6.0,4.0,4.0,4.0,6.0,5.0,6.0,12.0,2.0,9.0,6.0
2023-05-11T18:00:00-05:00,11.0,27.0,8.0,7.0,8.0,7.0,5.0,6.0,4.0,4.0,4.0,5.0,5.0,7.0,12.0,2.0,6.0,6.0
2023-05-11T18:00:30-05:00,11.0,30.0,8.0,6.0,7.0,6.0,6.0,6.0,4.0,4.0,4.0,5.0,5.0,6.0,12.0,2.0,7.0,7.0
2023-05-11T18:01:00-05:00,11.0,34.0,7.0,6.0,7.0,6.0,5.0,6.0,5.0,4.0,4.0,5.0,4.0,,13.0,2.0,6.0,6.0
2023-05-11T18:01:30-05:00,11.0,23.0,8.0,6.0,7.0,6.0,6.0,6.0,4.0,4.0,4.0,6.0,4.0,6.0,12.0,2.0,5.0,5.0
2023-05-11T18:02:00-05:00,11.0,17.0,8.0,7.0,7.0,5.0,5.0,7.0,4.0,5.0,4.0,6.0,4.0,7.0,12.0,4.0,6.0,6.0
2023-05-11T18:02:30-05:00,11.0,16.0,7.0,7.0,8.0,7.0,5.0,6.0,3.0,5.0,4.0,8.0,5.0,6.0,13.0,2.0,6.0,5.0
2023-05-11T18:03:00-05:00,11.0,14.0,8.0,7.0,7.0,7.0,5.0,7.0,4.0,4.0,3.0,5.0,4.0,,14.0,3.0,7.0,5.0
2023-05-11T18:03:30-05:00,11.0,12.0,9.0,8.0,8.0,6.0,5.0,6.0,4.0,4.0,3.0,5.0,4.0,7.0,13.0,4.0,6.0,6.0
2023-05-11T18:04:30-05:00,11.0,10.0,8.0,8.0,8.0,6.0,5.0,7.0,4.0,4.0,3.0,5.0,5.0,7.0,12.0,3.0,7.0,5.0
2023-05-11T18:05:00-05:00,11.0,9.0,9.0,7.0,8.0,6.0,6.0,7.0,4.0,4.0,3.0,5.0,5.0,6.0,13.0,2.0,9.0,5.0
2023-05-11T18:05:30-05:00,11.0,9.0,8.0,7.0,8.0,5.0,6.0,7.0,4.0,5.0,3.0,4.0,4.0,6.0,15.0,3.0,6.0,5.0
2023-05-11T18:06:00-05:00,11.0,9.0,8.0,7.0,8.0,6.0,5.0,6.0,4.0,4.0,3.0,5.0,5.0,6.0,16.0,3.0,6.0,5.0
2023-05-11T18:06:30-05:00,11.0,8.0,8.0,7.0,8.0,6.0,5.0,7.0,4.0,4.0,3.0,6.0,5.0,7.0,14.0,3.0,6.0,5.0
2023-05-11T18:07:00-05:00,11.0,10.0,8.0,7.0,7.0,6.0,6.0,8.0,4.0,4.0,3.0,5.0,5.0,6.0,14.0,4.0,7.0,5.0
2023-05-11T18:07:30-05:00,11.0,9.0,,7.0,8.0,6.0,6.0,8.0,4.0,4.0,3.0,4.0,4.0,7.0,14.0,3.0,5.0,5.0
2023-05-11T18:08:00-05:00,11.0,8.0,9.0,8.0,8.0,7.0,6.0,7.0,3.0,5.0,3.0,6.0,4.0,7.0,13.0,4.0,6.0,4.0
2023-05-11T18:08:30-05:00,11.0,8.0,8.0,8.0,8.0,7.0,5.0,6.0,4.0,4.0,3.0,7.0,4.0,6.0,18.0,2.0,7.0,4.0
2023-05-11T18:09:00-05:00,11.0,9.0,8.0,7.0,7.0,7.0,6.0,6.0,4.0,5.0,3.0,6.0,4.0,6.0,21.0,4.0,8.0,5.0
2023-05-11T18:09:30-05:00,11.0,10.0,9.0,7.0,8.0,6.0,6.0,7.0,4.0,4.0,3.0,5.0,4.0,5.0,20.0,4.0,7.0,5.0
2023-05-11T18:10:00-05:00,11.0,10.0,8.0,7.0,7.0,5.0,7.0,7.0,4.0,4.0,3.0,5.0,4.0,6.0,20.0,3.0,7.0,5.0
2023-05-11T18:10:30-05:00,11.0,12.0,8.0,8.0,7.0,6.0,6.0,7.0,4.0,4.0,3.0,5.0,4.0,6.0,18.0,4.0,6.0,5.0
2023-05-11T18:11:00-05:00,11.0,11.0,9.0,7.0,8.0,7.0,6.0,7.0,4.0,4.0,3.0,5.0,4.0,6.0,18.0,4.0,6.0,5.0
2023-05-11T18:11:30-05:00,11.0,15.0,8.0,7.0,8.0,7.0,6.0,6.0,4.0,4.0,3.0,7.0,5.0,7.0,18.0,3.0,5.0,5.0
2023-05-11T18:12:00-05:00,11.0,16.0,8.0,7.0,8.0,6.0,5.0,6.0,4.0,5.0,3.0,5.0,4.0,6.0,18.0,4.0,5.0,5.0
2023-05-11T18:12:30-05:00,11.0,15.0,9.0,7.0,8.0,8.0,6.0,7.0,4.0,4.0,3.0,5.0,5.0,7.0,18.0,3.0,6.0,5.0
2023-05-11T18:13:00-05:00,11.0,14.0,9.0,8.0,9.0,6.0,,6.0,4.0,5.0,3.0,5.0,4.0,7.0,16.0,4.0,7.0,5.0
2023-05-11T18:13:30-05:00,11.0,15.0,8.0,8.0,8.0,6.0,6.0,6.0,4.0,5.0,3.0,5.0,5.0,6.0,16.0,3.0,7.0,5.0
2023-05-11T18:14:00-05:00,11.0,16.0,8.0,9.0,8.0,6.0,5.0,6.0,4.0,5.0,3.0,6.0,5.0,7.0,15.0,4.0,7.0,6.0
2023-05-11T18:14:30-05:00,11.0,15.0,8.0,8.0,8.0,5.0,6.0,6.0,4.0,5.0,3.0,18.0,4.0,7.0,17.0,2.0,6.0,5.0
2023-05-11T18:15:00-05:00,11.0,14.0,9.0,7.0,8.0,5.0,6.0,6.0,4.0,4.0,3.0,5.0,4.0,7.0,16.0,4.0,6.0,5.0
2023-05-11T18:15:30-05:00,11.0,14.0,9.0,8.0,8.0,6.0,5.0,7.0,4.0,4.0,3.0,5.0,4.0,8.0,16.0,4.0,6.0,5.0
2023-05-11T18:16:00-05:00,11.0,13.0,10.0,8.0,8.0,6.0,6.0,7.0,5.0,4.0,3.0,5.0,5.0,7.0,17.0,3.0,5.0,5.0
2023-05-11T18:16:30-05:00,11.0,13.0,9.0,7.0,8.0,7.0,6.0,6.0,4.0,4.0,3.0,6.0,4.0,7.0,15.0,4.0,6.0,5.0
2023-05-11T18:17:30-05:00,11.0,14.0,8.0,7.0,9.0,7.0,5.0,5.0,4.0,4.0,3.0,9.0,5.0,7.0,15.0,3.0,6.0,5.0
2023-05-11T18:18:00-05:00,11.0,15.0,9.0,8.0,9.0,7.0,6.0,6.0,4.0,4.0,3.0,7.0,5.0,6.0,16.0,3.0,5.0,5.0
2023-05-11T18:18:30-05:00,11.0,15.0,9.0,8.0,9.0,6.0,6.0,6.0,4.0,4.0,3.0,7.0,5.0,7.0,16.0,4.0,5.0,6.0
2023-05-11T18:19:00-05:00,11.0,14.0,9.0,8.0,9.0,7.0,6.0,6.0,5.0,5.0,3.0,6.0,4.0,8.0,13.0,2.0,5.0,5.0
2023-05-11T18:19:30-05:00,11.0,14.0,8.0,8.0,9.0,6.0,6.0,6.0,5.0,4.0,3.0,5.0,4.0,7.0,13.0,5.0,5.0,5.0
2023-05-11T18:20:00-05:00,11.0,14.0,9.0,8.0,8.0,7.0,6.0,6.0,5.0,5.0,3.0,4.0,4.0,7.0,13.0,4.0,5.0,5.0
2023-05-11T18:20:30-05:00,11.0,14.0,9.0,8.0,8.0,6.0,5.0,7.0,4.0,4.0,3.0,4.0,4.0,8.0,12.0,4.0,5.0,5.0
2023-05-11T18:21:00-05:00,11.0,15.0,8.0,8.0,8.0,6.0,5.0,7.0,4.0,5.0,3.0,5.0,4.0,7.0,12.0,4.0,4.0,5.0
2023-05-11T18:21:30-05:00,11.0,15.0,8.0,8.0,9.0,6.0,6.0,6.0,5.0,5.0,3.0,6.0,4.0,7.0,11.0,3.0,5.0,5.0
2023-05-11T18:22:00-05:00,11.0,14.0,8.0,6.0,8.0,6.0,6.0,7.0,5.0,5.0,3.0,5.0,4.0,7.0,11.0,4.0,5.0,5.0
2023-05-11T18:22:30-05:00,11.0,14.0,9.0,7.0,8.0,6.0,6.0,6.0,5.0,6.0,3.0,5.0,4.0,7.0,11.0,4.0,5.0,5.0
2023-05-11T18:23:00-05:00,11.0,15.0,9.0,8.0,8.0,7.0,5.0,7.0,5.0,6.0,3.0,4.0,3.0,7.0,11.0,3.0,5.0,5.0
2023-05-11T18:23:30-05:00,11.0,15.0,9.0,8.0,7.0,7.0,6.0,5.0,5.0,7.0,3.0,5.0,4.0,7.0,10.0,3.0,5.0,6.0
2023-05-11T18:24:00-05:00,11.0,19.0,,8.0,7.0,6.0,6.0,6.0,4.0,9.0,3.0,6.0,4.0,7.0,,4.0,6.0,6.0
2023-05-11T18:24:30-05:00,11.0,15.0,9.0,8.0,7.0,6.0,6.0,9.0,5.0,8.0,4.0,8.0,4.0,6.0,10.0,3.0,7.0,6.0
2023-05-11T18:25:00-05:00,11.0,14.0,9.0,6.0,8.0,6.0,6.0,14.0,4.0,7.0,4.0,7.0,4.0,7.0,10.0,4.0,6.0,8.0
2023-05-11T18:25:30-05:00,11.0,13.0,9.0,8.0,8.0,6.0,5.0,11.0,3.0,8.0,4.0,9.0,4.0,8.0,11.0,5.0,6.0,8.0
2023-05-11T18:26:00-05:00,11.0,14.0,,7.0,8.0,6.0,6.0,9.0,4.0,9.0,4.0,7.0,4.0,7.0,,3.0,5.0,7.0
2023-05-11T18:26:30-05:00,11.0,14.0,8.0,8.0,8.0,5.0,5.0,7.0,5.0,10.0,4.0,7.0,4.0,7.0,11.0,2.0,5.0,6.0
2023-05-11T18:27:00-05:00,11.0,13.0,9.0,9.0,9.0,5.0,6.0,9.0,4.0,9.0,4.0,6.0,4.0,7.0,,4.0,5.0,6.0
2023-05-11T18:27:30-05:00,11.0,14.0,9.0,8.0,9.0,6.0,5.0,16.0,4.0,10.0,4.0,6.0,4.0,7.0,11.0,4.0,5.0,7.0
2023-05-11T18:28:00-05:00,11.0,15.0,9.0,8.0,9.0,5.0,5.0,16.0,4.0,11.0,4.0,7.0,4.0,8.0,10.0,5.0,5.0,7.0
2023-05-11T18:28:30-05:00,11.0,14.0,9.0,8.0,8.0,6.0,5.0,16.0,4.0,12.0,4.0,6.0,5.0,7.0,,7.0,5.0,7.0
2023-05-11T18:29:00-05:00,11.0,15.0,9.0,7.0,8.0,7.0,4.0,15.0,4.0,11.0,4.0,6.0,4.0,7.0,,6.0,6.0,7.0
2023-05-11T18:29:30-05:00,11.0,13.0,,8.0,8.0,7.0,6.0,13.0,3.0,11.0,4.0,6.0,5.0,7.0,11.0,5.0,4.0,8.0
2023-05-11T18:30:30-05:00,11.0,14.0,9.0,7.0,8.0,7.0,5.0,13.0,4.0,10.0,4.0,7.0,4.0,7.0,11.0,4.0,5.0,10.0
2023-05-11T18:31:00-05:00,11.0,14.0,10.0,8.0,8.0,7.0,5.0,12.0,4.0,11.0,4.0,6.0,4.0,8.0,11.0,4.0,5.0,10.0
2023-05-11T18:31:30-05:00,11.0,12.0,9.0,8.0,9.0,6.0,5.0,14.0,5.0,11.0,4.0,6.0,5.0,8.0,11.0,4.0,5.0,11.0
2023-05-11T18:32:00-05:00,11.0,12.0,9.0,7.0,9.0,7.0,5.0,15.0,5.0,11.0,4.0,6.0,5.0,9.0,11.0,3.0,5.0,12.0
2023-05-11T18:32:30-05:00,11.0,11.0,10.0,8.0,8.0,6.0,5.0,15.0,5.0,11.0,4.0,8.0,4.0,7.0,11.0,3.0,5.0,12.0
2023-05-11T18:33:00-05:00,11.0,14.0,,9.0,8.0,6.0,5.0,15.0,4.0,11.0,4.0,7.0,5.0,8.0,,4.0,5.0,13.0
2023-05-11T18:33:30-05:00,11.0,14.0,10.0,9.0,9.0,5.0,6.0,15.0,5.0,10.0,4.0,6.0,5.0,8.0,,4.0,5.0,12.0
2023-05-11T18:34:00-05:00,11.0,13.0,10.0,9.0,9.0,5.0,7.0,16.0,4.0,11.0,4.0,7.0,4.0,8.0,,4.0,5.0,11.0
2023-05-11T18:34:30-05:00,11.0,13.0,10.0,9.0,9.0,5.0,6.0,16.0,5.0,11.0,4.0,6.0,4.0,7.0,14.0,3.0,5.0,12.0
2023-05-11T18:35:00-05:00,11.0,12.0,,10.0,10.0,5.0,6.0,15.0,5.0,12.0,4.0,6.0,4.0,8.0,,4.0,5.0,13.0
2023-05-11T18:35:30-05:00,11.0,12.0,10.0,9.0,10.0,4.0,6.0,13.0,5.0,12.0,4.0,6.0,5.0,9.0,16.0,5.0,5.0,12.0
2023-05-11T18:36:00-05:00,11.0,13.0,10.0,9.0,9.0,5.0,6.0,12.0,5.0,12.0,4.0,6.0,5.0,9.0,,5.0,5.0,13.0
2023-05-11T18:36:30-05:00,11.0,13.0,,10.0,10.0,6.0,6.0,12.0,5.0,13.0,4.0,7.0,5.0,8.0,14.0,3.0,5.0,14.0
2023-05-11T18:37:00-05:00,11.0,13.0,11.0,10.0,10.0,5.0,7.0,12.0,5.0,14.0,5.0,7.0,7.0,8.0,,4.0,7.0,12.0
2023-05-11T18:37:30-05:00,11.0,12.0,11.0,9.0,9.0,5.0,8.0,12.0,5.0,15.0,5.0,8.0,6.0,8.0,15.0,4.0,6.0,12.0
2023-05-11T18:38:00-05:00,11.0,12.0,11.0,9.0,9.0,5.0,8.0,12.0,5.0,15.0,5.0,15.0,8.0,9.0,,4.0,6.0,13.0
2023-05-11T18:38:30-05:00,11.0,12.0,10.0,9.0,10.0,6.0,8.0,11.0,5.0,15.0,5.0,15.0,10.0,8.0,12.0,2.0,6.0,13.0
2023-05-11T18:39:00-05:00,11.0,12.0,11.0,9.0,9.0,5.0,7.0,11.0,5.0,13.0,5.0,13.0,11.0,9.0,12.0,3.0,6.0,12.0
2023-05-11T18:39:30-05:00,11.0,12.0,11.0,9.0,10.0,5.0,8.0,12.0,5.0,14.0,5.0,10.0,13.0,8.0,9.0,4.0,6.0,13.0
2023-05-11T18:40:00-05:00,11.0,12.0,11.0,8.0,9.0,6.0,7.0,10.0,6.0,13.0,4.0,9.0,12.0,8.0,8.0,4.0,7.0,12.0
2023-05-11T18:40:30-05:00,11.0,13.0,10.0,8.0,9.0,6.0,8.0,10.0,6.0,13.0,4.0,8.0,14.0,8.0,8.0,5.0,6.0,11.0
2023-05-11T18:41:00-05:00,11.0,13.0,,9.0,10.0,7.0,,10.0,6.0,14.0,4.0,8.0,14.0,8.0,7.0,5.0,6.0,11.0
2023-05-11T18:41:30-05:00,11.0,12.0,10.0,9.0,10.0,6.0,7.0,11.0,5.0,14.0,4.0,7.0,13.0,9.0,7.0,4.0,6.0,11.0
2023-05-11T18:42:00-05:00,11.0,12.0,10.0,9.0,10.0,7.0,7.0,11.0,6.0,13.0,4.0,6.0,13.0,9.0,,2.0,6.0,10.0
2023-05-11T18:42:30-05:00,11.0,13.0,11.0,9.0,10.0,6.0,8.0,11.0,6.0,13.0,4.0,6.0,14.0,9.0,8.0,3.0,6.0,11.0
2023-05-11T18:43:00-05:00,11.0,15.0,11.0,9.0,11.0,7.0,8.0,11.0,5.0,13.0,4.0,7.0,15.0,9.0,,7.0,7.0,10.0
2023-05-11T18:43:30-05:00,11.0,13.0,,10.0,10.0,7.0,7.0,13.0,5.0,13.0,4.0,6.0,14.0,8.0,7.0,4.0,7.0,10.0
2023-05-11T18:44:00-05:00,11.0,11.0,11.0,9.0,10.0,6.0,8.0,12.0,5.0,13.0,4.0,5.0,14.0,9.0,7.0,4.0,6.0,11.0
2023-05-11T18:45:00-05:00,11.0,9.0,,9.0,11.0,6.0,8.0,12.0,4.0,14.0,4.0,5.0,13.0,8.0,6.0,7.0,7.0,10.0
2023-05-11T18:45:30-05:00,11.0,9.0,11.0,9.0,10.0,6.0,7.0,14.0,5.0,13.0,4.0,6.0,13.0,9.0,6.0,8.0,7.0,10.0
2023-05-11T18:46:00-05:00,11.0,9.0,11.0,9.0,11.0,6.0,8.0,18.0,5.0,12.0,4.0,6.0,13.0,9.0,,6.0,7.0,10.0
2023-05-11T18:46:30-05:00,11.0,10.0,11.0,10.0,10.0,5.0,7.0,19.0,5.0,13.0,4.0,5.0,13.0,8.0,7.0,6.0,6.0,10.0
2023-05-11T18:47:00-05:00,11.0,9.0,,10.0,9.0,6.0,7.0,22.0,5.0,12.0,4.0,5.0,13.0,7.0,7.0,8.0,7.0,9.0
2023-05-11T18:47:30-05:00,11.0,9.0,11.0,8.0,9.0,6.0,6.0,19.0,5.0,11.0,4.0,5.0,11.0,8.0,7.0,8.0,7.0,8.0
2023-05-11T18:48:00-05:00,11.0,10.0,10.0,9.0,10.0,6.0,8.0,16.0,5.0,12.0,4.0,5.0,10.0,8.0,7.0,7.0,9.0,8.0
2023-05-11T18:48:30-05:00,11.0,9.0,10.0,10.0,9.0,5.0,7.0,14.0,5.0,11.0,4.0,5.0,10.0,8.0,7.0,7.0,7.0,8.0
2023-05-11T18:49:00-05:00,11.0,9.0,10.0,9.0,9.0,5.0,7.0,13.0,5.0,11.0,4.0,5.0,11.0,8.0,7.0,7.0,7.0,7.0
2023-05-11T18:49:30-05:00,11.0,9.0,,9.0,9.0,5.0,7.0,12.0,5.0,11.0,4.0,5.0,10.0,8.0,7.0,6.0,6.0,8.0
2023-05-11T18:50:00-05:00,11.0,8.0,10.0,9.0,10.0,5.0,7.0,15.0,5.0,11.0,4.0,5.0,9.0,9.0,7.0,7.0,6.0,8.0
2023-05-11T18:50:30-05:00,11.0,8.0,10.0,8.0,10.0,4.0,7.0,15.0,5.0,9.0,4.0,4.0,9.0,8.0,7.0,10.0,6.0,8.0
2023-05-11T18:51:00-05:00,11.0,8.0,,9.0,10.0,5.0,17.0,13.0,5.0,10.0,4.0,5.0,10.0,8.0,8.0,10.0,6.0,8.0
2023-05-11T18:51:30-05:00,11.0,8.0,9.0,9.0,9.0,5.0,14.0,16.0,6.0,10.0,4.0,5.0,9.0,8.0,7.0,8.0,7.0,8.0
2023-05-11T18:52:00-05:00,11.0,8.0,10.0,9.0,9.0,5.0,10.0,15.0,6.0,8.0,4.0,5.0,9.0,8.0,,10.0,6.0,7.0
2023-05-11T18:52:30-05:00,11.0,8.0,,9.0,8.0,8.0,8.0,13.0,5.0,8.0,4.0,4.0,9.0,9.0,7.0,6.0,6.0,8.0
2023-05-11T18:53:00-05:00,11.0,9.0,10.0,10.0,9.0,9.0,8.0,15.0,5.0,8.0,4.0,5.0,9.0,8.0,,6.0,6.0,8.0
2023-05-11T18:53:30-05:00,11.0,9.0,,8.0,9.0,8.0,7.0,15.0,5.0,8.0,4.0,5.0,9.0,8.0,8.0,7.0,7.0,8.0
2023-05-11T18:54:00-05:00,11.0,8.0,10.0,8.0,,7.0,8.0,13.0,5.0,9.0,4.0,5.0,9.0,8.0,,6.0,7.0,9.0
2023-05-11T18:54:30-05:00,11.0,8.0,9.0,8.0,9.0,8.0,8.0,12.0,6.0,9.0,4.0,4.0,8.0,8.0,8.0,6.0,8.0,8.0
2023-05-11T18:55:00-05:00,11.0,9.0,11.0,8.0,9.0,8.0,8.0,13.0,5.0,9.0,4.0,4.0,9.0,8.0,9.0,6.0,7.0,8.0
2023-05-11T18:55:30-05:00,11.0,8.0,10.0,9.0,9.0,8.0,8.0,12.0,5.0,9.0,4.0,4.0,9.0,8.0,9.0,7.0,7.0,
2023-05-11T18:56:00-05:00,11.0,9.0,,9.0,9.0,8.0,7.0,13.0,5.0,8.0,4.0,4.0,8.0,8.0,9.0,7.0,7.0,10.0
2023-05-11T18:56:30-05:00,11.0,8.0,11.0,9.0,9.0,9.0,7.0,12.0,5.0,8.0,4.0,4.0,9.0,8.0,,6.0,7.0,9.0
2023-05-11T18:57:00-05:00,11.0,8.0,10.0,8.0,9.0,9.0,67.0,12.0,4.0,9.0,8.0,4.0,8.0,9.0,,6.0,7.0,9.0
2023-05-11T18:57:30-05:00,11.0,8.0,10.0,9.0,9.0,10.0,7.0,23.0,4.0,8.0,8.0,4.0,9.0,8.0,10.0,8.0,8.0,9.0
2023-05-11T18:58:00-05:00,11.0,8.0,,9.0,9.0,10.0,8.0,16.0,5.0,8.0,8.0,4.0,8.0,8.0,10.0,6.0,7.0,9.0
2023-05-11T18:58:30-05:00,11.0,8.0,10.0,9.0,10.0,12.0,9.0,20.0,4.0,9.0,8.0,4.0,9.0,7.0,10.0,6.0,6.0,10.0
2023-05-11T18:59:30-05:00,11.0,9.0,10.0,10.0,10.0,11.0,10.0,13.0,4.0,9.0,8.0,5.0,9.0,8.0,9.0,4.0,7.0,9.0
2023-05-11T19:00:00-05:00,11.0,8.0,11.0,9.0,10.0,10.0,9.0,12.0,5.0,9.0,8.0,4.0,9.0,9.0,10.0,5.0,8.0,
2023-05-11T19:00:30-05:00,11.0,9.0,10.0,10.0,9.0,11.0,8.0,11.0,5.0,10.0,8.0,4.0,9.0,8.0,10.0,6.0,7.0,9.0
2023-05-11T19:01:00-05:00,11.0,9.0,9.0,9.0,9.0,11.0,7.0,11.0,5.0,10.0,8.0,5.0,9.0,8.0,9.0,5.0,9.0,9.0
2023-05-11T19:01:30-05:00,11.0,8.0,,8.0,10.0,12.0,8.0,11.0,5.0,10.0,8.0,5.0,8.0,8.0,10.0,6.0,9.0,9.0
2023-05-11T19:02:00-05:00,11.0,8.0,10.0,10.0,10.0,12.0,9.0,11.0,4.0,8.0,8.0,6.0,10.0,8.0,,4.0,8.0,9.0
2023-05-11T19:02:30-05:00,11.0,9.0,10.0,9.0,9.0,10.0,10.0,17.0,4.0,10.0,8.0,5.0,9.0,8.0,10.0,5.0,8.0,11.0
2023-05-11T19:03:00-05:00,11.0,9.0,,9.0,9.0,9.0,10.0,19.0,4.0,8.0,8.0,6.0,9.0,8.0,,5.0,8.0,10.0
2023-05-11T19:03:30-05:00,11.0,8.0,11.0,9.0,9.0,9.0,10.0,19.0,4.0,8.0,8.0,6.0,9.0,8.0,10.0,5.0,8.0,10.0
2023-05-11T19:04:00-05:00,11.0,8.0,10.0,8.0,9.0,8.0,9.0,17.0,5.0,9.0,8.0,6.0,9.0,8.0,11.0,4.0,7.0,10.0
2023-05-11T19:04:30-05:00,11.0,9.0,10.0,8.0,9.0,9.0,9.0,21.0,4.0,9.0,8.0,7.0,9.0,8.0,11.0,4.0,7.0,9.0
2023-05-11T19:05:00-05:00,11.0,8.0,,9.0,9.0,9.0,10.0,22.0,5.0,10.0,9.0,7.0,8.0,9.0,10.0,5.0,8.0,10.0
2023-05-11T19:05:30-05:00,11.0,9.0,10.0,10.0,10.0,10.0,10.0,29.0,4.0,9.0,9.0,8.0,9.0,10.0,12.0,6.0,9.0,
2023-05-11T19:06:00-05:00,11.0,8.0,10.0,9.0,9.0,10.0,10.0,30.0,4.0,9.0,9.0,7.0,8.0,8.0,13.0,5.0,9.0,10.0
2023-05-11T19:06:30-05:00,11.0,8.0,12.0,10.0,9.0,10.0,10.0,29.0,5.0,9.0,9.0,7.0,9.0,9.0,14.0,6.0,9.0,11.0
2023-05-11T19:07:00-05:00,11.0,9.0,11.0,9.0,10.0,11.0,10.0,32.0,4.0,9.0,9.0,7.0,9.0,9.0,15.0,5.0,8.0,10.0
2023-05-11T19:07:30-05:00,11.0,9.0,,8.0,10.0,9.0,11.0,32.0,4.0,8.0,9.0,6.0,9.0,9.0,16.0,7.0,7.0,10.0
2023-05-11T19:08:00-05:00,11.0,9.0,10.0,9.0,10.0,9.0,12.0,37.0,5.0,9.0,9.0,7.0,10.0,8.0,19.0,5.0,8.0,10.0
2023-05-11T19:08:30-05:00,11.0,9.0,10.0,10.0,10.0,9.0,11.0,40.0,6.0,9.0,9.0,8.0,10.0,8.0,19.0,8.0,8.0,10.0
2023-05-11T19:09:00-05:00,11.0,9.0,9.0,9.0,9.0,9.0,9.0,39.0,7.0,9.0,9.0,7.0,10.0,8.0,21.0,6.0,8.0,11.0
2023-05-11T19:09:30-05:00,11.0,9.0,10.0,9.0,9.0,10.0,11.0,37.0,7.0,9.0,9.0,8.0,10.0,9.0,20.0,8.0,8.0,11.0
2023-05-11T19:10:00-05:00,11.0,9.0,11.0,9.0,9.0,8.0,11.0,35.0,7.0,10.0,9.0,8.0,10.0,8.0,34.0,7.0,7.0,10.0
2023-05-11T19:10:30-05:00,11.0,10.0,10.0,9.0,9.0,8.0,11.0,32.0,7.0,8.0,9.0,7.0,10.0,8.0,38.0,5.0,7.0,10.0
2023-05-11T19:11:00-05:00,11.0,9.0,10.0,9.0,9.0,8.0,9.0,28.0,8.0,9.0,9.0,8.0,9.0,8.0,41.0,6.0,7.0,10.0
2023-05-11T19:11:30-05:00,11.0,9.0,11.0,8.0,9.0,8.0,8.0,29.0,8.0,8.0,9.0,9.0,9.0,9.0,47.0,5.0,8.0,10.0
2023-05-11T19:12:00-05:00,11.0,9.0,10.0,9.0,9.0,9.0,10.0,26.0,8.0,8.0,9.0,7.0,10.0,8.0,50.0,9.0,9.0,10.0
2023-05-11T19:12:30-05:00,11.0,9.0,10.0,9.0,9.0,9.0,10.0,24.0,7.0,8.0,9.0,7.0,10.0,8.0,41.0,6.0,9.0,10.0
2023-05-11T19:13:00-05:00,11.0,9.0,11.0,9.0,9.0,9.0,8.0,21.0,9.0,9.0,,8.0,10.0,8.0,38.0,6.0,8.0,11.0
2023-05-11T19:13:30-05:00,11.0,9.0,10.0,9.0,10.0,9.0,9.0,19.0,8.0,9.0,9.0,8.0,10.0,7.0,28.0,7.0,8.0,11.0
2023-05-11T19:14:30-05:00,11.0,10.0,10.0,8.0,9.0,9.0,9.0,16.0,8.0,9.0,9.0,8.0,10.0,8.0,23.0,7.0,8.0,10.0
2023-05-11T19:15:00-05:00,11.0,10.0,10.0,8.0,9.0,8.0,9.0,15.0,8.0,9.0,9.0,8.0,9.0,7.0,18.0,5.0,8.0,10.0
2023-05-11T19:15:30-05:00,11.0,11.0,9.0,9.0,9.0,8.0,9.0,17.0,9.0,10.0,9.0,9.0,9.0,8.0,15.0,6.0,8.0,
2023-05-11T19:16:00-05:00,11.0,10.0,,9.0,9.0,8.0,9.0,18.0,9.0,11.0,9.0,9.0,10.0,8.0,15.0,6.0,8.0,11.0
2023-05-11T19:16:30-05:00,11.0,10.0,10.0,9.0,9.0,8.0,10.0,15.0,10.0,10.0,9.0,8.0,10.0,8.0,23.0,7.0,8.0,11.0
2023-05-11T19:17:00-05:00,11.0,10.0,11.0,9.0,9.0,9.0,10.0,18.0,9.0,10.0,9.0,8.0,10.0,8.0,18.0,7.0,8.0,11.0
2023-05-11T19:17:30-05:00,11.0,10.0,10.0,9.0,9.0,8.0,9.0,19.0,8.0,11.0,9.0,8.0,10.0,9.0,17.0,5.0,10.0,10.0
2023-05-11T19:18:00-05:00,11.0,11.0,11.0,9.0,9.0,10.0,10.0,22.0,9.0,12.0,9.0,8.0,10.0,9.0,15.0,9.0,8.0,
2023-05-11T19:18:30-05:00,11.0,11.0,11.0,8.0,10.0,9.0,10.0,44.0,9.0,11.0,9.0,9.0,10.0,8.0,15.0,8.0,18.0,10.0
2023-05-11T19:19:00-05:00,11.0,11.0,10.0,7.0,10.0,8.0,10.0,52.0,9.0,11.0,9.0,8.0,10.0,8.0,15.0,5.0,11.0,10.0
2023-05-11T19:19:30-05:00,11.0,11.0,,8.0,10.0,9.0,9.0,58.0,9.0,11.0,9.0,9.0,10.0,8.0,14.0,5.0,11.0,10.0
2023-05-11T19:20:00-05:00,11.0,11.0,11.0,9.0,9.0,10.0,10.0,57.0,9.0,11.0,9.0,7.0,9.0,8.0,15.0,5.0,9.0,11.0
2023-05-11T19:20:30-05:00,11.0,11.0,10.0,8.0,9.0,10.0,10.0,31.0,8.0,11.0,9.0,8.0,10.0,8.0,16.0,5.0,15.0,10.0
2023-05-11T19:21:00-05:00,11.0,11.0,9.0,8.0,9.0,9.0,10.0,23.0,9.0,12.0,,9.0,10.0,9.0,15.0,5.0,15.0,10.0
2023-05-11T19:21:30-05:00,11.0,12.0,9.0,8.0,9.0,9.0,10.0,25.0,10.0,10.0,9.0,8.0,10.0,8.0,14.0,6.0,13.0,11.0
2023-05-11T19:22:00-05:00,11.0,12.0,9.0,8.0,9.0,12.0,9.0,23.0,9.0,11.0,9.0,8.0,9.0,7.0,16.0,6.0,13.0,11.0
2023-05-11T19:22:30-05:00,11.0,12.0,10.0,9.0,8.0,10.0,10.0,17.0,9.0,12.0,9.0,8.0,9.0,8.0,16.0,8.0,10.0,10.0
2023-05-11T19:23:00-05:00,11.0,12.0,9.0,10.0,8.0,11.0,11.0,16.0,9.0,12.0,10.0,9.0,10.0,8.0,16.0,7.0,9.0,11.0
2023-05-11T19:23:30-05:00,11.0,11.0,9.0,8.0,8.0,10.0,10.0,16.0,10.0,12.0,10.0,8.0,10.0,8.0,15.0,5.0,9.0,11.0
2023-05-11T19:24:00-05:00,11.0,13.0,10.0,8.0,7.0,9.0,10.0,17.0,9.0,11.0,10.0,9.0,10.0,7.0,15.0,8.0,11.0,11.0
2023-05-11T19:24:30-05:00,11.0,10.0,10.0,8.0,8.0,10.0,10.0,15.0,9.0,11.0,10.0,8.0,11.0,8.0,15.0,8.0,9.0,10.0
2023-05-11T19:25:00-05:00,11.0,11.0,10.0,8.0,9.0,11.0,10.0,14.0,9.0,11.0,10.0,8.0,10.0,7.0,13.0,8.0,11.0,11.0
2023-05-11T19:25:30-05:00,11.0,11.0,8.0,9.0,8.0,11.0,10.0,14.0,9.0,11.0,10.0,11.0,10.0,8.0,18.0,6.0,9.0,10.0
2023-05-11T19:26:00-05:00,11.0,12.0,9.0,9.0,8.0,,10.0,14.0,9.0,11.0,9.0,10.0,11.0,8.0,16.0,6.0,9.0,11.0
2023-05-11T19:26:30-05:00,11.0,12.0,10.0,9.0,8.0,11.0,10.0,15.0,9.0,11.0,9.0,9.0,11.0,8.0,15.0,5.0,10.0,11.0
2023-05-11T19:27:00-05:00,11.0,11.0,9.0,9.0,9.0,10.0,9.0,15.0,9.0,11.0,9.0,15.0,10.0,8.0,14.0,5.0,11.0,10.0
2023-05-11T19:28:00-05:00,11.0,10.0,10.0,9.0,8.0,11.0,10.0,13.0,10.0,11.0,9.0,11.0,10.0,9.0,13.0,7.0,14.0,11.0
2023-05-11T19:28:30-05:00,11.0,10.0,10.0,9.0,9.0,10.0,10.0,17.0,9.0,11.0,9.0,10.0,12.0,8.0,13.0,6.0,11.0,11.0
2023-05-11T19:29:00-05:00,11.0,10.0,10.0,9.0,9.0,11.0,10.0,16.0,9.0,9.0,9.0,10.0,12.0,8.0,13.0,6.0,10.0,11.0
2023-05-11T19:29:30-05:00,11.0,10.0,11.0,9.0,9.0,13.0,9.0,14.0,9.0,11.0,9.0,10.0,12.0,8.0,13.0,7.0,13.0,11.0
2023-05-11T19:30:00-05:00,11.0,10.0,10.0,9.0,9.0,13.0,9.0,14.0,9.0,11.0,9.0,10.0,11.0,8.0,13.0,8.0,11.0,11.0
2023-05-11T19:30:30-05:00,11.0,10.0,10.0,9.0,9.0,12.0,9.0,14.0,9.0,10.0,9.0,10.0,11.0,9.0,12.0,6.0,10.0,11.0
2023-05-11T19:31:00-05:00,11.0,10.0,10.0,10.0,9.0,13.0,9.0,14.0,9.0,9.0,9.0,11.0,11.0,8.0,13.0,7.0,9.0,12.0
2023-05-11T19:31:30-05:00,11.0,9.0,10.0,9.0,9.0,10.0,8.0,17.0,9.0,11.0,9.0,11.0,10.0,8.0,10.0,5.0,11.0,11.0
2023-05-11T19:32:00-05:00,11.0,10.0,10.0,8.0,10.0,11.0,9.0,14.0,9.0,9.0,9.0,12.0,11.0,9.0,11.0,8.0,12.0,10.0
2023-05-11T19:32:30-05:00,11.0,10.0,10.0,10.0,9.0,10.0,9.0,13.0,8.0,9.0,9.0,13.0,11.0,8.0,10.0,9.0,15.0,11.0
2023-05-11T19:33:00-05:00,11.0,9.0,10.0,9.0,9.0,9.0,8.0,14.0,9.0,9.0,9.0,12.0,10.0,8.0,11.0,8.0,14.0,11.0
2023-05-11T19:33:30-05:00,11.0,9.0,10.0,10.0,9.0,11.0,8.0,13.0,9.0,9.0,9.0,14.0,10.0,9.0,10.0,9.0,11.0,11.0
2023-05-11T19:34:00-05:00,11.0,10.0,10.0,10.0,9.0,11.0,9.0,13.0,9.0,10.0,9.0,13.0,10.0,8.0,10.0,8.0,11.0,12.0
2023-05-11T19:34:30-05:00,11.0,9.0,10.0,9.0,9.0,11.0,9.0,13.0,10.0,10.0,9.0,12.0,10.0,8.0,8.0,9.0,10.0,13.0
2023-05-11T19:35:00-05:00,11.0,10.0,11.0,9.0,9.0,10.0,9.0,13.0,10.0,8.0,9.0,14.0,10.0,8.0,10.0,8.0,9.0,
2023-05-11T19:35:30-05:00,11.0,9.0,11.0,8.0,10.0,10.0,9.0,16.0,9.0,9.0,9.0,14.0,10.0,8.0,10.0,7.0,8.0,12.0
2023-05-11T19:36:00-05:00,11.0,9.0,11.0,8.0,10.0,11.0,8.0,15.0,10.0,9.0,9.0,16.0,10.0,8.0,9.0,6.0,9.0,12.0
2023-05-11T19:36:30-05:00,11.0,9.0,11.0,9.0,10.0,11.0,8.0,15.0,10.0,9.0,9.0,17.0,10.0,8.0,9.0,7.0,9.0,11.0
2023-05-11T19:37:00-05:00,11.0,9.0,10.0,9.0,10.0,11.0,9.0,14.0,9.0,8.0,9.0,16.0,9.0,9.0,9.0,6.0,8.0,12.0
2023-05-11T19:37:30-05:00,11.0,9.0,10.0,9.0,9.0,10.0,8.0,14.0,9.0,8.0,9.0,15.0,10.0,8.0,9.0,8.0,13.0,12.0
2023-05-11T19:38:00-05:00,11.0,9.0,10.0,8.0,8.0,,8.0,13.0,10.0,9.0,9.0,18.0,10.0,8.0,9.0,6.0,11.0,12.0
2023-05-11T19:38:30-05:00,11.0,8.0,10.0,8.0,9.0,10.0,8.0,13.0,10.0,8.0,9.0,17.0,10.0,7.0,8.0,7.0,9.0,13.0
2023-05-11T19:39:00-05:00,11.0,8.0,11.0,8.0,9.0,10.0,8.0,13.0,10.0,9.0,9.0,17.0,10.0,8.0,9.0,10.0,11.0,12.0
2023-05-11T19:39:30-05:00,11.0,8.0,10.0,9.0,9.0,10.0,8.0,11.0,11.0,8.0,9.0,15.0,10.0,7.0,8.0,9.0,9.0,12.0
2023-05-11T19:40:00-05:00,11.0,8.0,10.0,9.0,9.0,9.0,8.0,13.0,11.0,9.0,10.0,13.0,10.0,8.0,10.0,10.0,8.0,12.0
2023-05-11T19:40:30-05:00,11.0,8.0,9.0,10.0,9.0,10.0,7.0,14.0,10.0,9.0,10.0,16.0,10.0,8.0,8.0,8.0,9.0,12.0
2023-05-11T19:41:00-05:00,11.0,8.0,9.0,9.0,9.0,11.0,8.0,12.0,11.0,8.0,10.0,16.0,9.0,8.0,8.0,8.0,8.0,11.0
2023-05-11T19:42:00-05:00,11.0,8.0,10.0,9.0,10.0,12.0,9.0,12.0,11.0,9.0,10.0,16.0,9.0,8.0,8.0,7.0,8.0,11.0
2023-05-11T19:42:30-05:00,11.0,8.0,10.0,9.0,10.0,12.0,8.0,13.0,10.0,8.0,10.0,14.0,9.0,8.0,8.0,8.0,9.0,11.0
2023-05-11T19:43:00-05:00,11.0,8.0,10.0,9.0,10.0,11.0,8.0,13.0,10.0,8.0,10.0,14.0,9.0,7.0,7.0,7.0,8.0,11.0
2023-05-11T19:43:30-05:00,11.0,8.0,10.0,8.0,9.0,10.0,7.0,13.0,10.0,9.0,10.0,14.0,8.0,8.0,8.0,10.0,7.0,10.0
2023-05-11T19:44:00-05:00,11.0,9.0,10.0,9.0,9.0,10.0,8.0,13.0,9.0,11.0,10.0,15.0,9.0,8.0,11.0,9.0,8.0,10.0
2023-05-11T19:44:30-05:00,11.0,8.0,9.0,9.0,9.0,11.0,9.0,14.0,10.0,9.0,10.0,16.0,9.0,8.0,9.0,8.0,7.0,10.0
2023-05-11T19:45:00-05:00,11.0,8.0,9.0,9.0,9.0,11.0,8.0,14.0,10.0,9.0,10.0,16.0,9.0,8.0,8.0,9.0,8.0,9.0
2023-05-11T19:45:30-05:00,11.0,8.0,10.0,9.0,10.0,12.0,7.0,14.0,10.0,8.0,10.0,13.0,9.0,9.0,8.0,11.0,7.0,9.0
2023-05-11T19:46:00-05:00,11.0,8.0,11.0,9.0,9.0,10.0,8.0,13.0,10.0,8.0,10.0,11.0,8.0,8.0,7.0,10.0,9.0,9.0
2023-05-11T19:46:30-05:00,11.0,8.0,10.0,10.0,9.0,10.0,9.0,13.0,10.0,8.0,10.0,14.0,9.0,9.0,8.0,7.0,9.0,9.0
2023-05-11T19:47:00-05:00,11.0,8.0,10.0,9.0,9.0,11.0,9.0,12.0,10.0,9.0,10.0,15.0,9.0,9.0,8.0,7.0,8.0,9.0
2023-05-11T19:47:30-05:00,11.0,8.0,11.0,9.0,10.0,11.0,9.0,12.0,11.0,8.0,10.0,14.0,9.0,8.0,8.0,6.0,8.0,9.0
2023-05-11T19:48:00-05:00,11.0,7.0,10.0,11.0,10.0,10.0,9.0,14.0,10.0,9.0,10.0,14.0,9.0,8.0,8.0,9.0,8.0,
2023-05-11T19:48:30-05:00,11.0,8.0,11.0,8.0,10.0,12.0,8.0,13.0,10.0,11.0,10.0,13.0,9.0,8.0,8.0,10.0,8.0,9.0
2023-05-11T19:49:00-05:00,11.0,8.0,11.0,9.0,10.0,14.0,8.0,12.0,10.0,10.0,9.0,14.0,9.0,8.0,7.0,10.0,8.0,9.0
2023-05-11T19:49:30-05:00,11.0,8.0,10.0,9.0,10.0,14.0,8.0,12.0,9.0,11.0,9.0,14.0,9.0,8.0,8.0,8.0,8.0,8.0
2023-05-11T19:50:00-05:00,11.0,8.0,11.0,9.0,9.0,12.0,8.0,13.0,10.0,9.0,9.0,13.0,9.0,8.0,9.0,7.0,7.0,8.0
2023-05-11T19:50:30-05:00,11.0,8.0,11.0,9.0,10.0,11.0,8.0,14.0,11.0,10.0,9.0,11.0,8.0,8.0,8.0,8.0,7.0,8.0
2023-05-11T19:51:00-05:00,11.0,9.0,10.0,8.0,10.0,10.0,8.0,13.0,11.0,10.0,9.0,11.0,9.0,8.0,8.0,8.0,7.0,8.0
2023-05-11T19:51:30-05:00,11.0,8.0,9.0,9.0,10.0,12.0,8.0,14.0,11.0,10.0,9.0,12.0,9.0,8.0,9.0,8.0,7.0,9.0
2023-05-11T19:52:00-05:00,11.0,8.0,9.0,9.0,9.0,12.0,7.0,14.0,11.0,9.0,9.0,13.0,9.0,8.0,9.0,7.0,7.0,9.0
2023-05-11T19:52:30-05:00,11.0,7.0,10.0,9.0,9.0,11.0,8.0,15.0,10.0,10.0,9.0,10.0,8.0,9.0,8.0,6.0,6.0,9.0
2023-05-11T19:53:30-05:00,11.0,8.0,9.0,8.0,9.0,12.0,9.0,15.0,10.0,10.0,9.0,12.0,8.0,7.0,8.0,5.0,7.0,8.0
2023-05-11T19:54:00-05:00,11.0,9.0,10.0,9.0,9.0,12.0,9.0,14.0,11.0,10.0,9.0,13.0,8.0,7.0,8.0,8.0,7.0,
2023-05-11T19:54:30-05:00,11.0,8.0,9.0,7.0,9.0,10.0,9.0,15.0,11.0,10.0,9.0,12.0,8.0,7.0,8.0,7.0,8.0,9.0
2023-05-11T19:55:00-05:00,11.0,8.0,8.0,7.0,8.0,12.0,9.0,14.0,11.0,10.0,9.0,11.0,7.0,7.0,8.0,6.0,8.0,8.0
2023-05-11T19:55:30-05:00,11.0,8.0,9.0,7.0,8.0,10.0,8.0,14.0,12.0,10.0,9.0,11.0,8.0,7.0,10.0,9.0,7.0,8.0
2023-05-11T19:56:00-05:00,11.0,7.0,9.0,8.0,8.0,10.0,8.0,15.0,11.0,10.0,9.0,11.0,8.0,7.0,8.0,7.0,8.0,9.0
2023-05-11T19:56:30-05:00,11.0,8.0,9.0,7.0,8.0,10.0,9.0,14.0,9.0,10.0,9.0,10.0,8.0,8.0,8.0,8.0,8.0,8.0
2023-05-11T19:57:00-05:00,11.0,7.0,8.0,7.0,8.0,11.0,7.0,13.0,10.0,10.0,9.0,11.0,8.0,7.0,8.0,7.0,7.0,9.0
2023-05-11T19:57:30-05:00,11.0,7.0,8.0,7.0,8.0,11.0,8.0,13.0,11.0,10.0,9.0,10.0,8.0,6.0,8.0,6.0,8.0,9.0
2023-05-11T19:58:00-05:00,11.0,7.0,8.0,7.0,7.0,11.0,8.0,12.0,10.0,9.0,9.0,10.0,9.0,6.0,7.0,5.0,8.0,9.0
2023-05-11T19:58:30-05:00,11.0,7.0,8.0,6.0,7.0,10.0,8.0,13.0,11.0,10.0,9.0,11.0,8.0,6.0,7.0,5.0,7.0,9.0
2023-05-11T19:59:00-05:00,11.0,8.0,8.0,7.0,8.0,,,,9.0,,9.0,,8.0,6.0,7.0,,8.0,
2023-05-11T19:59:30-05:00,11.0,8.0,7.0,,7.0,,,,10.0,,9.0,,8.0,6.0,7.0,,8.0,
2023-05-11T20:00:00-05:00,11.0,8.0,7.0,7.0,6.0,,,,10.0,,9.0,,7.0,6.0,7.0,,7.0,
2023-05-11T20:00:30-05:00,11.0,8.0,7.0,6.0,7.0,17.0,56.0,7.0,10.0,10.0,9.0,9.0,8.0,6.0,7.0,0.0,8.0,12.0
2023-05-11T20:01:00-05:00,11.0,8.0,7.0,6.0,7.0,12.0,11.0,10.0,11.0,10.0,9.0,10.0,8.0,5.0,7.0,0.0,8.0,9.0
2023-05-11T20:01:30-05:00,11.0,8.0,7.0,6.0,7.0,11.0,9.0,13.0,11.0,11.0,9.0,10.0,7.0,6.0,7.0,6.0,8.0,9.0
2023-05-11T20:02:00-05:00,11.0,7.0,7.0,6.0,6.0,12.0,8.0,15.0,9.0,10.0,9.0,10.0,8.0,5.0,7.0,7.0,8.0,9.0
2023-05-11T20:02:30-05:00,11.0,7.0,6.0,5.0,7.0,12.0,8.0,14.0,9.0,10.0,9.0,11.0,8.0,5.0,6.0,7.0,6.0,9.0
2023-05-11T20:03:00-05:00,11.0,6.0,7.0,,6.0,12.0,9.0,14.0,8.0,10.0,9.0,11.0,8.0,5.0,6.0,6.0,7.0,8.0
2023-05-11T20:03:30-05:00,11.0,7.0,7.0,5.0,6.0,11.0,8.0,14.0,9.0,9.0,9.0,11.0,7.0,5.0,6.0,7.0,8.0,9.0
2023-05-11T20:04:00-05:00,11.0,7.0,6.0,6.0,6.0,10.0,8.0,12.0,9.0,9.0,9.0,10.0,7.0,5.0,6.0,7.0,9.0,8.0
2023-05-11T20:04:30-05:00,11.0,7.0,7.0,5.0,7.0,8.0,9.0,12.0,11.0,10.0,9.0,10.0,8.0,5.0,5.0,7.0,9.0,8.0
2023-05-11T20:05:00-05:00,11.0,7.0,7.0,,6.0,10.0,8.0,13.0,11.0,10.0,9.0,10.0,8.0,5.0,6.0,5.0,8.0,8.0
2023-05-11T20:05:30-05:00,11.0,7.0,7.0,7.0,6.0,10.0,8.0,11.0,10.0,9.0,9.0,11.0,8.0,5.0,6.0,7.0,7.0,9.0
2023-05-11T20:06:00-05:00,11.0,8.0,7.0,,6.0,10.0,8.0,11.0,10.0,10.0,9.0,11.0,8.0,5.0,6.0,7.0,8.0,8.0
2023-05-11T20:06:30-05:00,11.0,7.0,6.0,7.0,6.0,9.0,8.0,11.0,9.0,9.0,9.0,10.0,8.0,6.0,7.0,5.0,8.0,8.0
2023-05-11T20:07:00-05:00,11.0,8.0,7.0,,7.0,9.0,9.0,11.0,9.0,10.0,9.0,10.0,7.0,5.0,6.0,6.0,8.0,9.0
2023-05-11T20:07:30-05:00,11.0,7.0,7.0,6.0,6.0,10.0,8.0,11.0,8.0,10.0,9.0,10.0,8.0,5.0,6.0,6.0,8.0,9.0
2023-05-11T20:08:00-05:00,11.0,7.0,7.0,5.0,6.0,10.0,8.0,11.0,9.0,10.0,9.0,10.0,7.0,5.0,5.0,6.0,8.0,8.0
2023-05-11T20:08:30-05:00,11.0,7.0,6.0,5.0,6.0,10.0,8.0,10.0,9.0,11.0,9.0,10.0,7.0,5.0,6.0,6.0,8.0,9.0
2023-05-11T20:09:30-05:00,11.0,7.0,6.0,5.0,6.0,10.0,8.0,11.0,10.0,9.0,9.0,10.0,8.0,5.0,6.0,7.0,8.0,9.0
2023-05-11T20:10:00-05:00,11.0,8.0,6.0,5.0,6.0,9.0,8.0,11.0,10.0,9.0,9.0,10.0,8.0,5.0,6.0,6.0,7.0,8.0
2023-05-11T20:10:30-05:00,11.0,7.0,6.0,6.0,6.0,8.0,8.0,11.0,10.0,9.0,9.0,9.0,7.0,5.0,5.0,6.0,8.0,9.0
2023-05-11T20:11:00-05:00,11.0,8.0,6.0,,6.0,8.0,8.0,11.0,9.0,8.0,9.0,11.0,7.0,5.0,6.0,7.0,7.0,9.0
2023-05-11T20:11:30-05:00,11.0,8.0,6.0,5.0,6.0,9.0,7.0,12.0,9.0,9.0,9.0,10.0,7.0,5.0,6.0,6.0,7.0,8.0
2023-05-11T20:12:00-05:00,11.0,7.0,6.0,5.0,6.0,11.0,8.0,12.0,10.0,9.0,9.0,10.0,8.0,5.0,5.0,5.0,7.0,8.0
2023-05-11T20:12:30-05:00,11.0,7.0,6.0,6.0,5.0,10.0,8.0,11.0,9.0,9.0,9.0,10.0,8.0,5.0,6.0,5.0,7.0,9.0
2023-05-11T20:13:00-05:00,11.0,7.0,5.0,,6.0,9.0,7.0,12.0,9.0,9.0,9.0,9.0,7.0,4.0,5.0,4.0,,8.0
2023-05-11T20:13:30-05:00,11.0,7.0,6.0,5.0,6.0,8.0,8.0,11.0,9.0,9.0,9.0,10.0,7.0,5.0,6.0,5.0,7.0,8.0
2023-05-11T20:14:00-05:00,11.0,7.0,7.0,,5.0,9.0,8.0,12.0,10.0,7.0,9.0,9.0,7.0,4.0,5.0,5.0,8.0,9.0
2023-05-11T20:14:30-05:00,11.0,6.0,6.0,5.0,5.0,9.0,9.0,12.0,10.0,7.0,10.0,10.0,8.0,5.0,5.0,6.0,7.0,8.0
2023-05-11T20:15:00-05:00,11.0,6.0,6.0,,6.0,8.0,8.0,11.0,10.0,8.0,10.0,9.0,8.0,5.0,5.0,4.0,8.0,8.0
2023-05-11T20:15:30-05:00,11.0,7.0,6.0,5.0,6.0,9.0,8.0,11.0,9.0,8.0,10.0,9.0,7.0,4.0,6.0,8.0,7.0,7.0
2023-05-11T20:16:00-05:00,11.0,6.0,6.0,5.0,5.0,10.0,7.0,11.0,10.0,8.0,10.0,9.0,7.0,5.0,6.0,4.0,7.0,8.0
2023-05-11T20:16:30-05:00,11.0,6.0,6.0,5.0,5.0,9.0,7.0,11.0,10.0,9.0,10.0,9.0,7.0,4.0,5.0,7.0,8.0,8.0
2023-05-11T20:17:00-05:00,11.0,6.0,5.0,4.0,5.0,10.0,8.0,10.0,10.0,8.0,10.0,10.0,8.0,5.0,5.0,7.0,7.0,8.0
2023-05-11T20:17:30-05:00,11.0,6.0,6.0,4.0,6.0,10.0,8.0,11.0,10.0,8.0,10.0,10.0,7.0,4.0,6.0,8.0,7.0,8.0
2023-05-11T20:18:00-05:00,11.0,7.0,5.0,5.0,5.0,9.0,8.0,10.0,11.0,9.0,10.0,11.0,6.0,4.0,5.0,7.0,8.0,8.0
2023-05-11T20:18:30-05:00,11.0,7.0,5.0,5.0,5.0,7.0,8.0,10.0,11.0,8.0,10.0,10.0,7.0,4.0,5.0,7.0,7.0,7.0
2023-05-11T20:19:00-05:00,11.0,6.0,6.0,5.0,5.0,7.0,9.0,11.0,13.0,7.0,10.0,10.0,7.0,4.0,5.0,6.0,7.0,8.0
2023-05-11T20:19:30-05:00,11.0,6.0,6.0,5.0,5.0,8.0,7.0,10.0,13.0,8.0,10.0,9.0,8.0,5.0,5.0,6.0,7.0,7.0
2023-05-11T20:20:00-05:00,11.0,6.0,6.0,5.0,5.0,8.0,7.0,10.0,12.0,7.0,8.0,9.0,7.0,5.0,5.0,5.0,,7.0
2023-05-11T20:20:30-05:00,11.0,6.0,5.0,4.0,5.0,9.0,8.0,9.0,12.0,7.0,8.0,9.0,7.0,4.0,5.0,6.0,6.0,7.0
2023-05-11T20:21:30-05:00,11.0,6.0,5.0,5.0,5.0,9.0,7.0,9.0,11.0,7.0,8.0,12.0,6.0,4.0,6.0,6.0,7.0,7.0
2023-05-11T20:22:00-05:00,11.0,6.0,5.0,4.0,4.0,9.0,8.0,8.0,11.0,7.0,8.0,15.0,7.0,4.0,6.0,4.0,7.0,7.0
2023-05-11T20:22:30-05:00,11.0,6.0,5.0,4.0,5.0,10.0,8.0,9.0,12.0,7.0,8.0,13.0,7.0,4.0,5.0,4.0,7.0,7.0
2023-05-11T20:23:00-05:00,11.0,6.0,5.0,4.0,5.0,9.0,8.0,9.0,12.0,7.0,8.0,18.0,6.0,4.0,4.0,7.0,6.0,7.0
2023-05-11T20:23:30-05:00,11.0,6.0,5.0,4.0,4.0,9.0,7.0,9.0,10.0,7.0,8.0,15.0,6.0,4.0,5.0,6.0,7.0,7.0
